"id","surfweight","year","age","gender","ethnicity","education","labour_force_status","partner","parent","number_children","tenure","hh_income","deprivation_area","migrant","disability","home_afford","life_satisfy","life_worth","health","tereo","gov_tereo","selfactual","trust","trust_police","trust_media","trust_parliament","voted","material_wellbeing_index","housecold","housedamp","moves","access_medical","access_green_space","access_public_transport","neighbourhood_connection","neighbourhood_crime_change","victim","discriminated_against","lonely_four_weeks","easy_hard_to_talk","number_children_text","moves_five_years_text","age_gp","hh_income_gp","weekly_income","annual_income","weekly_hours"
1,3238.951,2021,18,"Female","European/Other","Less than secondary school","Not in labour force","Not partnered","Not a parent",0,"Rented",103571,6,"Medium-term migrant","Non-disabled",10,10,8,"Excellent","None or almost none","Agree","Sometimes easy, sometimes hard",8,10,10,7,"No",5,"Yes, often","No",NA,NA,NA,NA,NA,"A little more",0,0,"A little of the time","Easy","0",NA,"15-24",3,"   357.8",16560,6
2,6468.014,2021,55,"Male","Māori","Post-secondary NCEA/diploma","Employed","Partnered","Not a parent",0,"Owned without mortgage",181952,1,"Long-term migrant","Non-disabled",5,8,9,"Excellent","None or almost none","Strongly agree","Sometimes easy, sometimes hard",9,9,5,7,"Yes",18,"No","No",NA,NA,NA,NA,NA,"About the same",0,0,"None of the time","Easy","0",NA,"55-64",3,"   825.7",37904,34
3,4822.019,2021,27,"Male","European/Other","Post-secondary NCEA/diploma","Employed","Not partnered","Parent",2,"Rented",33244,8,"NZ with NZ parents","Non-disabled",9,8,8,"Very Good","None or almost none","Neither agree nor disagree","Easy to be myself",5,8,6,7,"Yes",5,"Yes, often","No",NA,NA,NA,NA,NA,"A lot less",0,0,"None of the time","Easy","2",NA,"25-34",1,"  1191.9",55200,46
4,4549.766,2021,60,"Female","European/Other","Less than secondary school","Employed","Partnered","Not a parent",0,"Owned without mortgage",154471,4,"NZ with NZ parents","Non-disabled",7,8,8,"Very Good","None or almost none","Disagree","Easy to be myself",7,9,5,3,"Yes",19,"No","No",NA,NA,NA,NA,NA,"About the same",0,0,"A little of the time","Very easy","0",NA,"55-64",3,"   463.1",20976,32
5,3157.55,2021,47,"Male","European/Other","Post-secondary NCEA/diploma","Employed","Partnered","Parent",1,"Owned with mortgage",105049,5,"NZ with overseas parent(s)","Disabled",4,8,9,"Very Good","None or almost none","Disagree","Easy to be myself",6,9,4,5,"Yes",18,"No","Yes, sometimes",NA,NA,NA,NA,NA,"A lot less",0,0,"None of the time","Easy","1",NA,"45-54",3,"   661.7",30176,34
6,2717.784,2021,23,"Male","European/Other","Less than secondary school","Not in labour force","Not partnered","Not a parent",0,"Owned without mortgage",109651,3,"NZ with NZ parents","Non-disabled",6,8,9,"Very Good","None or almost none","Agree","Easy to be myself",8,9,6,9,"Yes",17,"No","Yes, sometimes",NA,NA,NA,NA,NA,"About the same",0,0,"A little of the time","Very easy","0",NA,"15-24",3,"   368.4",17296,26
7,13441.86,2021,57,"Male","European/Other","Post-secondary NCEA/diploma","Employed","Partnered","Not a parent",0,"Owned without mortgage",114488,2,"NZ with NZ parents","Non-disabled",7,8,8,"Good","None or almost none","Neither agree nor disagree","Easy to be myself",8,9,5,7,"Yes",18,"Yes, sometimes","Yes, sometimes",NA,NA,NA,NA,NA,"About the same",0,1,"A little of the time","Sometimes easy, sometimes hard","0",NA,"55-64",3,"   354.1",16192,32
8,7413.058,2021,45,"Male","European/Other","Degree","Employed","Partnered","Parent",1,"Rented",121458,2,"Long-term migrant","Non-disabled",10,7,8,"Excellent","Conversational","Agree","Sometimes easy, sometimes hard",7,8,6,8,"Yes",13,"No","No",NA,NA,NA,NA,NA,"A lot more",0,0,"Some of the time","Sometimes easy, sometimes hard","1",NA,"45-54",3,"  1303.6",60352,18
9,547.0136,2021,45,"Female","Asian","Degree","Employed","Partnered","Parent",1,"Owned without mortgage",127119,5,"Long-term migrant","Non-disabled",4,7,9,"Good","Basic","Disagree","Sometimes easy, sometimes hard",5,8,5,3,"Yes",11,"No","No",NA,NA,NA,NA,NA,"About the same",0,1,"None of the time","Very easy","1",NA,"45-54",3,"   301.8",13984,22
10,8311.392,2021,57,"Male","European/Other","Post-secondary NCEA/diploma","Employed","Not partnered","Not a parent",0,"Owned without mortgage",39319,7,"NZ with NZ parents","Non-disabled",3,7,8,"Very Good","None or almost none","Disagree","Easy to be myself",7,8,3,7,"Yes",15,"No","No",NA,NA,NA,NA,NA,"About the same",0,0,"None of the time","Very easy","0",NA,"55-64",1,"   850.4",39008,41
11,1921.758,2021,31,"Female","European/Other","Secondary school","Not in labour force","Not partnered","Not a parent",0,"Rented",19421,1,"NZ with NZ parents","Non-disabled",10,4,3,"Good","None or almost none","Agree","Very easy to be myself",7,7,4,6,"Yes",10,"Yes, sometimes","No",NA,NA,NA,NA,NA,"A lot less",0,0,"A little of the time","Easy","0",NA,"25-34",1,"   443.7",20608,31
12,8762.334,2021,36,"Male","European/Other","Less than secondary school","Employed","Partnered","Parent",4,"Owned without mortgage",141250,7,"NZ with overseas parent(s)","Non-disabled",5,8,9,"Excellent","Basic","Agree","Very easy to be myself",7,9,3,7,"Yes",16,"No","No",NA,NA,NA,NA,NA,"A little more",0,0,"Some of the time","Sometimes easy, sometimes hard","4+",NA,"35-44",3,"   441.0",20240,32
13,1437.464,2021,43,"Male","European/Other","Secondary school","Not in labour force","Partnered","Parent",3,"Rented",118647,7,"NZ with NZ parents","Non-disabled",6,8,9,"Fair","Basic","Strongly agree","Easy to be myself",7,8,7,10,"Yes",8,"Yes, often","Yes, sometimes",NA,NA,NA,NA,NA,"About the same",0,0,"None of the time","Easy","3",NA,"35-44",3,"  1198.6",55568,68
14,3288.369,2021,85,"Female","European/Other","Post-secondary NCEA/diploma","Not in labour force","Partnered","Not a parent",0,"Owned with mortgage",82401,2,"NZ with NZ parents","Non-disabled",10,10,10,"Good","None or almost none","Neither agree nor disagree","Very easy to be myself",8,9,5,6,"Yes",20,"No","No",NA,NA,NA,NA,NA,"A little more",0,0,"None of the time","Sometimes easy, sometimes hard","0",NA,"65+",2,"   201.8",8832,17
15,1969.839,2021,59,"Female","European/Other","Less than secondary school","Not in labour force","Partnered","Not a parent",0,"Owned with mortgage",96010,3,"NZ with NZ parents","Non-disabled",8,8,8,"Good","None or almost none","Disagree","Easy to be myself",0,3,0,3,"Yes",20,"No","Yes, sometimes",NA,NA,NA,NA,NA,"About the same",0,0,"None of the time","Easy","0",NA,"55-64",2,"   328.1",15456,26
16,13647.07,2021,18,"Female","European/Other","Less than secondary school","Employed","Not partnered","Not a parent",0,"Rented",123138,6,"Medium-term migrant","Non-disabled",10,10,8,"Excellent","None or almost none","Agree","Sometimes easy, sometimes hard",8,10,10,7,"No",5,"Yes, often","No",NA,NA,NA,NA,NA,"A little more",0,0,"A little of the time","Easy","0",NA,"15-24",3,"   301.7",13616,56
17,2916.332,2021,51,"Male","Māori","Less than secondary school","Employed","Not partnered","Not a parent",0,"Rented",53505,9,"NZ with NZ parents","Non-disabled",10,7,7,"Very Good","Basic","Neither agree nor disagree","Very easy to be myself",6,8,4,6,"No",16,"No","Yes, sometimes",NA,NA,NA,NA,NA,"A lot more",1,0,"A little of the time","Hard","0",NA,"45-54",2,"   401.3",18768,34
18,9848.456,2021,71,"Female","European/Other","Degree","Not in labour force","Partnered","Not a parent",0,"Owned with mortgage",85932,1,"Long-term migrant","Non-disabled",7,8,8,"Good","None or almost none","Neither agree nor disagree","Sometimes easy, sometimes hard",8,9,7,6,"Yes",19,"No","No",NA,NA,NA,NA,NA,"About the same",0,0,"None of the time","Easy","0",NA,"65+",2,"   534.4",24288,37
19,509.5721,2021,27,"Male","Māori","Less than secondary school","Employed","Partnered","Parent",1,"Rented",46460,7,"Medium-term migrant","Non-disabled",4,9,8,"Excellent","None or almost none","Strongly agree","Very easy to be myself",7,7,5,6,"No",12,"Yes, often","Yes, always",NA,NA,NA,NA,NA,"Moved here recently",0,1,"A little of the time","Sometimes easy, sometimes hard","1",NA,"25-34",1,"   360.6",16928,26
20,1576.869,2021,56,"Male","European/Other","Less than secondary school","Not in labour force","Partnered","Not a parent",0,"Owned with mortgage",100937,4,"NZ with NZ parents","Non-disabled",10,10,10,"Excellent","None or almost none","Disagree","Very easy to be myself",8,9,5,2,"Yes",20,"No","No",NA,NA,NA,NA,NA,"A lot more",0,0,"None of the time","Easy","0",NA,"55-64",3,"   535.4",25024,38
21,1738.872,2021,30,"Male","European/Other","Degree","Not in labour force","Not partnered","Parent",4,"Owned with mortgage",70613,10,"NZ with NZ parents","Disabled",9,9,8,"Good","Basic","Strongly agree","Easy to be myself",7,6,3,5,"Yes",16,"Yes, often","Yes, sometimes",NA,NA,NA,NA,NA,"A lot less",0,1,"None of the time","Sometimes easy, sometimes hard","4+",NA,"25-34",2,"   408.1",18400,36
22,1780.911,2021,52,"Male","European/Other","Post-secondary NCEA/diploma","Not in labour force","Partnered","Not a parent",0,"Owned with mortgage",135274,3,"Long-term migrant","Non-disabled",6,7,10,"Very Good","None or almost none","Neither agree nor disagree","Very easy to be myself",7,7,5,5,"Yes",17,"No","Yes, sometimes",NA,NA,NA,NA,NA,"A little more",0,0,"Some of the time","Hard","0",NA,"45-54",3,"   338.7",15456,32
23,1738.872,2021,79,"Male","European/Other","Less than secondary school","Not in labour force","Not partnered","Not a parent",0,"Owned with mortgage",44808,10,"NZ with NZ parents","Non-disabled",5,8,10,"Very Good","None or almost none","Neither agree nor disagree","Easy to be myself",8,10,8,9,"Yes",14,"No","No",NA,NA,NA,NA,NA,"About the same",0,0,"None of the time","Easy","0",NA,"65+",1,"   393.1",18032,35
24,3044.037,2021,40,"Male","European/Other","Secondary school","Not in labour force","Not partnered","Not a parent",0,"Owned without mortgage",121343,8,"NZ with NZ parents","Non-disabled",8,6,10,"Good","Basic","Strongly agree","Easy to be myself",8,9,7,5,"Yes",12,"Yes, sometimes","No",NA,NA,NA,NA,NA,"About the same",0,1,"A little of the time","Sometimes easy, sometimes hard","0",NA,"35-44",3,"   908.8",41952,34
25,1780.911,2021,63,"Male","European/Other","Post-secondary NCEA/diploma","Not in labour force","Not partnered","Not a parent",0,"Rented",21130,4,"NZ with NZ parents","Non-disabled",7,7,9,"Good","None or almost none","Agree","Very easy to be myself",8,8,6,2,"Yes",13,"Yes, always","Yes, always",NA,NA,NA,NA,NA,"About the same",0,0,"None of the time","Easy","0",NA,"55-64",1,"   478.5",21712,24
26,1433.499,2021,26,"Female","Māori","Secondary school","Employed","Not partnered","Not a parent",0,"Rented",60499,2,"Recent migrant","Non-disabled",3,9,10,"Excellent","None or almost none","Strongly agree","Sometimes easy, sometimes hard",9,10,4,9,"No",15,"No","Yes, sometimes",NA,NA,NA,NA,NA,"Moved here recently",0,1,"Some of the time","Sometimes easy, sometimes hard","0",NA,"25-34",2,"   334.4",15088,17
27,2121.932,2021,30,"Male","Māori","Degree","Employed","Partnered","Not a parent",0,"Rented",173096,5,"NZ with NZ parents","Non-disabled",9,9,8,"Excellent","None or almost none","Agree","Very easy to be myself",7,8,5,7,"Yes",20,"Yes, sometimes","No",NA,NA,NA,NA,NA,"No crime here",0,0,"A little of the time","Very easy","0",NA,"25-34",3,"   505.4",23184,21
28,3125.268,2021,25,"Female","European/Other","Secondary school","Employed","Partnered","Not a parent",0,"Owned without mortgage",172966,10,"NZ with NZ parents","Non-disabled",6,9,8,"Very Good","Basic","Strongly agree","Easy to be myself",9,10,8,9,"Yes",15,"Not applicable","No",NA,NA,NA,NA,NA,"Moved here recently",0,0,"None of the time","Sometimes easy, sometimes hard","0",NA,"25-34",3,"   250.4",11408,19
29,832.1589,2021,61,"Male","Māori","Less than secondary school","Employed","Not partnered","Not a parent",0,"Owned with mortgage",39985,6,"NZ with overseas parent(s)","Non-disabled",8,8,8,"Very Good","None or almost none","Strongly agree","Easy to be myself",5,7,6,7,"Yes",13,"Yes, sometimes","No",NA,NA,NA,NA,NA,"About the same",0,0,"A little of the time","Sometimes easy, sometimes hard","0",NA,"55-64",1,"   654.6",29808,36
30,170.9162,2021,50,"Female","Māori","Secondary school","Not in labour force","Not partnered","Not a parent",0,"Owned without mortgage",93957,5,"Long-term migrant","Non-disabled",5,7,7,"Good","None or almost none","Disagree","Sometimes easy, sometimes hard",7,5,2,5,"No",14,"No","Yes, sometimes",NA,NA,NA,NA,NA,"About the same",0,0,"A little of the time","Very easy","0",NA,"45-54",2,"   663.2",30544,33
31,2905.739,2021,77,"Female","Asian","Less than secondary school","Employed","Partnered","Not a parent",0,"Owned without mortgage",94792,8,"NZ with unknown origin parents","Disabled",4,8,8,"Very Good","None or almost none","Neither agree nor disagree","Sometimes easy, sometimes hard",6,4,3,5,"No",12,"No","No",NA,NA,NA,NA,NA,"A little more",1,0,"A little of the time","Easy","0",NA,"65+",2,"   183.7",8832,4
32,608.8338,2021,75,"Male","Māori","Less than secondary school","Not in labour force","Not partnered","Not a parent",0,"Rented",18356,9,"NZ with NZ parents","Non-disabled",4,10,6,"Fair","None or almost none","Disagree","Very easy to be myself",7,10,8,6,"Yes",7,"No","No",NA,NA,NA,NA,NA,"A lot more",0,0,"None of the time","Easy","0",NA,"65+",1,"   626.5",29072,21
33,4252.162,2021,61,"Female","European/Other","Less than secondary school","Employed","Partnered","Not a parent",0,"Owned with mortgage",158185,4,"NZ with NZ parents","Non-disabled",6,8,8,"Good","None or almost none","Disagree","Sometimes easy, sometimes hard",7,5,0,1,"Yes",15,"Yes, sometimes","No",NA,NA,NA,NA,NA,"A lot more",0,0,"None of the time","Hard","0",NA,"55-64",3,"   296.5",13616,28
34,372.5075,2021,43,"Female","Māori","Degree","Unemployed","Partnered","Not a parent",0,"Rented",33303,4,"Long-term migrant","Non-disabled",3,3,3,"Good","Basic","Disagree","Hard to be myself",2,7,4,4,"No",8,"Yes, sometimes","Yes, sometimes",NA,NA,NA,NA,NA,"A lot more",0,0,"A little of the time","Very hard","0",NA,"35-44",1,"   590.5",27084.8,12
35,333.477,2021,28,"Male","Māori","Degree","Employed","Partnered","Not a parent",0,"Owned without mortgage",121470,8,"Medium-term migrant","Non-disabled",5,8,7,"Good","None or almost none","Agree","Sometimes easy, sometimes hard",8,7,7,8,"No",10,"Yes, often","Yes, sometimes",NA,NA,NA,NA,NA,"Moved here recently",0,1,"A little of the time","Easy","0",NA,"25-34",3,"   704.8",32384,33
36,832.2164,2021,67,"Female","Asian","Secondary school","Employed","Partnered","Not a parent",0,"Owned with mortgage",65704,5,"Long-term migrant","Non-disabled",7,8,7,"Good","None or almost none","Agree","Sometimes easy, sometimes hard",7,9,7,7,"Yes",19,"No","No",NA,NA,NA,NA,NA,"A little more",0,0,"None of the time","Hard","0",NA,"65+",2,"   207.4",9200,4
37,1615.944,2021,64,"Male","European/Other","Degree","Not in labour force","Partnered","Not a parent",0,"Owned with mortgage",153920,5,"NZ with NZ parents","Non-disabled",10,9,9,"Very Good","None or almost none","Agree","Very easy to be myself",8,9,4,6,"Yes",20,"No","No",NA,NA,NA,NA,NA,"About the same",0,0,"None of the time","Very easy","0",NA,"55-64",3,"  1342.3",61456,12
38,1871.112,2021,56,"Male","European/Other","Post-secondary NCEA/diploma","Not in labour force","Partnered","Not a parent",0,"Owned with mortgage",210024,5,"NZ with NZ parents","Non-disabled",10,8,8,"Good","None or almost none","Neither agree nor disagree","Easy to be myself",4,7,4,5,"Yes",15,"No","No",NA,NA,NA,NA,NA,"A little more",0,0,"None of the time","Easy","0",NA,"55-64",3,"  1069.5",48944,36
39,2140.873,2021,59,"Female","European/Other","Less than secondary school","Employed","Partnered","Not a parent",0,"Owned without mortgage",74046,5,"Long-term migrant","Non-disabled",5,6,6,"Good","None or almost none","Strongly disagree","Easy to be myself",6,10,1,0,"Yes",19,"Yes, sometimes","No",NA,NA,NA,NA,NA,"A lot more",0,0,"None of the time","Very easy","0",NA,"55-64",2,"   102.4",5152,11
40,2115.728,2021,62,"Male","European/Other","Less than secondary school","Not in labour force","Partnered","Parent",1,"Rented",219091,10,"NZ with NZ parents","Non-disabled",10,10,8,"Very Good","Basic","Agree","Very easy to be myself",8,6,9,1,"Yes",20,"No","Yes, sometimes",NA,NA,NA,NA,NA,"A lot more",0,0,"None of the time","Very easy","1",NA,"55-64",3,"  1070.7",49312,36
41,3741.336,2021,59,"Male","European/Other","Degree","Employed","Not partnered","Not a parent",0,"Owned with mortgage",40352,4,"Medium-term migrant","Non-disabled",5,7,5,"Good","None or almost none","Agree","Easy to be myself",2,3,2,4,"Yes",20,"Yes, sometimes","Yes, sometimes",NA,NA,NA,NA,NA,"About the same",0,1,"A little of the time","Sometimes easy, sometimes hard","0",NA,"55-64",1,"  1312.2",60720,32
42,3099.207,2021,25,"Female","European/Other","Degree","Employed","Not partnered","Not a parent",0,"Rented",29397,7,"Recent migrant","Non-disabled",5,9,9,"Excellent","None or almost none","Strongly agree","Very easy to be myself",4,10,0,3,"No",18,"Not applicable","No",NA,NA,NA,NA,NA,"Moved here recently",0,1,"None of the time","Very easy","0",NA,"25-34",1,"  1158.1",52992,30
43,3743.211,2021,53,"Male","European/Other","Less than secondary school","Not in labour force","Partnered","Not a parent",0,"Owned without mortgage",38390,4,"NZ with NZ parents","Disabled",8,7,7,"Poor","None or almost none","Neither agree nor disagree","Very easy to be myself",8,7,7,6,"Yes",16,"No","No",NA,NA,NA,NA,NA,"A lot more",0,0,"None of the time","Very easy","0",NA,"45-54",1,"   628.8",28704,36
44,1607.449,2021,36,"Male","Māori","Secondary school","Employed","Partnered","Not a parent",0,"Owned without mortgage",123414,6,"NZ with NZ parents","Non-disabled",7,7,7,"Good","None or almost none","Disagree","Hard to be myself",4,5,0,1,"Yes",17,"Yes, sometimes","Yes, sometimes",NA,NA,NA,NA,NA,"No crime here",0,1,"Some of the time","Hard","0",NA,"35-44",3,"   527.5",24288,32
45,6400.557,2021,58,"Female","European/Other","Degree","Employed","Partnered","Not a parent",0,"Owned without mortgage",106441,1,"Long-term migrant","Non-disabled",10,9,9,"Very Good","Basic","Strongly agree","Very easy to be myself",10,8,8,9,"Yes",19,"Yes, sometimes","No",NA,NA,NA,NA,NA,"A little less",0,0,"None of the time","Easy","0",NA,"55-64",3,"   573.2",26496,16
46,2357.847,2021,80,"Male","European/Other","Secondary school","Not in labour force","Not partnered","Not a parent",0,"Rented",12979,3,"Long-term migrant","Non-disabled",7,10,9,"Excellent","Basic","Neither agree nor disagree","Easy to be myself",7,7,1,1,"Yes",18,"No","No",NA,NA,NA,NA,NA,"No crime here",0,1,"None of the time",NA,"0",NA,"65+",1,"   491.7",22816,32
47,21099.87,2021,38,"Female","European/Other","Degree","Employed","Partnered","Parent",1,"Owned without mortgage",82044,9,"NZ with NZ parents","Non-disabled",7,9,10,"Very Good","Basic","Strongly agree","Very easy to be myself",6,6,3,6,"Yes",15,"No","No",NA,NA,NA,NA,NA,"No crime here",0,1,"A little of the time","Very easy","1",NA,"35-44",2,"   618.3",28336,13
48,10641.72,2021,83,"Male","European/Other","Less than secondary school","Employed","Partnered","Not a parent",0,"Owned with mortgage",49708,8,"NZ with NZ parents","Non-disabled",8,9,10,"Very Good","None or almost none","Neither agree nor disagree","Very easy to be myself",8,9,5,2,"Yes",20,"No","No",NA,NA,NA,NA,NA,"About the same",0,0,"None of the time","Very easy","0",NA,"65+",1,"   330.9",15456,30
49,6388.127,2021,43,"Female","European/Other","Post-secondary NCEA/diploma","Not in labour force","Partnered","Parent",1,"Owned without mortgage",224732,2,"NZ with overseas parent(s)","Non-disabled",7,10,8,"Good","None or almost none","Agree","Very easy to be myself",8,9,8,5,"Yes",17,"No","No",NA,NA,NA,NA,NA,"About the same",0,0,"None of the time","Very hard","1",NA,"35-44",3,"   224.6",10672,17
50,6238.577,2021,35,"Female","Asian","Post-secondary NCEA/diploma","Employed","Not partnered","Not a parent",0,"Owned with mortgage",61937,5,"Long-term migrant","Non-disabled",10,7,8,"Good","None or almost none","Neither agree nor disagree","Easy to be myself",6,7,7,7,"Yes",20,"No","Yes, sometimes",NA,NA,NA,NA,NA,"A little more",1,1,"A little of the time","Very easy","0",NA,"35-44",2,"   295.1",13984,32
51,4290.248,2021,53,"Female","European/Other","Secondary school","Employed","Partnered","Parent",3,"Owned without mortgage",108764,5,"NZ with NZ parents","Non-disabled",7,8,8,"Very Good","None or almost none","Disagree","Sometimes easy, sometimes hard",6,8,5,6,"Yes",13,"Yes, sometimes","Yes, sometimes",NA,NA,NA,NA,NA,"About the same",0,0,"None of the time","Hard","3",NA,"45-54",3,"   156.8",6992,38
52,1118.251,2021,46,"Female","Pacific","Degree","Employed","Not partnered","Not a parent",0,"Owned with mortgage",105797,5,"NZ with overseas parent(s)","Non-disabled",10,8,7,"Excellent","None or almost none","Agree","Easy to be myself",7,8,7,7,"Yes",20,"Yes, sometimes","No",NA,NA,NA,NA,NA,"About the same",0,0,"A little of the time","Easy","0",NA,"45-54",3,"   699.0",32016,43
53,6307.572,2021,23,"Male","European/Other","Less than secondary school","Employed","Not partnered","Not a parent",0,"Rented",74060,10,"NZ with unknown origin parents","Non-disabled",6,8,10,"Fair","Conversational","Strongly agree","Sometimes easy, sometimes hard",5,7,3,10,"Yes",4,"Yes, always","No",NA,NA,NA,NA,NA,"No crime here",0,0,"A little of the time","Hard","0",NA,"15-24",2,"  1008.7",46736,122
54,751.2394,2021,49,"Male","Māori","Less than secondary school","Employed","Not partnered","Not a parent",0,"Owned without mortgage",98522,8,"NZ with NZ parents","Non-disabled",3,2,3,"Good","None or almost none","Disagree","Sometimes easy, sometimes hard",0,7,5,5,"Yes",6,"Yes, sometimes","Yes, sometimes",NA,NA,NA,NA,NA,"A lot more",0,1,"Some of the time","Sometimes easy, sometimes hard","0",NA,"45-54",2,"   399.4",18032,24
55,3195.356,2021,51,"Male","European/Other","Less than secondary school","Not in labour force","Partnered","Not a parent",0,"Owned without mortgage",187509,5,"NZ with NZ parents","Disabled",8,7,7,"Very Good","None or almost none","Strongly agree","Very easy to be myself",6,7,5,5,"Yes",19,"Yes, always","No",NA,NA,NA,NA,NA,"About the same",0,0,"None of the time","Very easy","0",NA,"45-54",3,"   569.8",26496,67
56,1631.225,2021,70,"Male","Pacific","Degree","Employed","Partnered","Not a parent",0,"Owned with mortgage",80728,10,"NZ with NZ parents","Non-disabled",4,8,8,"Very Good","None or almost none","Neither agree nor disagree","Easy to be myself",6,6,3,8,"Yes",16,"Yes, sometimes","Yes, sometimes",NA,NA,NA,NA,NA,"About the same",0,0,"None of the time","Hard","0",NA,"65+",2,"  1489.9",68448,49
57,1631.225,2021,47,"Male","Pacific","Degree","Employed","Partnered","Parent",2,"Owned with mortgage",176824,3,"Medium-term migrant","Non-disabled",10,9,9,"Fair","None or almost none","Agree","Easy to be myself",9,7,8,8,"No",20,"No","No",NA,NA,NA,NA,NA,"About the same",0,0,"None of the time","Very easy","2",NA,"45-54",3,"  1063.2",49312,30
58,17042.84,2021,89,"Male","European/Other","Post-secondary NCEA/diploma","Employed","Partnered","Not a parent",0,"Owned without mortgage",81129,2,"NZ with NZ parents","Non-disabled",6,6,5,"Good","None or almost none","Disagree","Easy to be myself",4,8,5,7,"Yes",20,"Yes, sometimes","Yes, sometimes",NA,NA,NA,NA,NA,"A lot more",1,0,"None of the time","Very easy","0",NA,"65+",2,"   253.1",11408,18
59,924.4025,2021,42,"Female","European/Other","Less than secondary school","Not in labour force","Partnered","Parent",2,"Owned without mortgage",262957,2,"NZ with NZ parents","Non-disabled",7,10,10,"Good","None or almost none","Neither agree nor disagree","Very easy to be myself",8,10,5,5,"Yes",19,"No","No",NA,NA,NA,NA,NA,"A little more",0,0,"None of the time","Sometimes easy, sometimes hard","2",NA,"35-44",3,"   271.0",12512,2
60,187.1792,2021,45,"Male","Māori","Degree","Not in labour force","Partnered","Not a parent",0,"Owned without mortgage",103685,5,"NZ with NZ parents","Non-disabled",8,8,10,"Very Good","Conversational","Strongly agree","Very easy to be myself",7,7,3,5,"Yes",16,"No","No",NA,NA,NA,NA,NA,"A little more",0,0,"None of the time","Very easy","0",NA,"45-54",3,"   486.7",22080,14
61,51.87635,2021,35,"Female","Māori","Secondary school","Unemployed","Partnered","Parent",2,"Owned without mortgage",60707,8,"NZ with overseas parent(s)","Non-disabled",7,7,7,"Fair","Basic","Agree","Easy to be myself",7,8,5,5,"Yes",12,"No","No",NA,NA,NA,NA,NA,"No crime here",1,0,"None of the time","Easy","2",NA,"35-44",2,"   513.8",23184,32
62,171.9389,2021,60,"Female","Pacific","Less than secondary school","Employed","Not partnered","Not a parent",0,"Rented",92400,10,"Long-term migrant","Non-disabled",9,10,10,"Very Good","None or almost none","Strongly agree","Easy to be myself",10,10,10,10,"Yes",11,"Yes, sometimes","Yes, sometimes",NA,NA,NA,NA,NA,"About the same",0,0,"None of the time","Easy","0",NA,"55-64",2,"   245.6",11040,20
63,14496.11,2021,29,"Male","European/Other","Post-secondary NCEA/diploma","Employed","Partnered","Parent",2,"Rented",152127,2,"NZ with NZ parents","Non-disabled",8,8,8,"Good","Basic","Agree","Very easy to be myself",7,9,3,6,"Yes",11,"No","No",NA,NA,NA,NA,NA,"A lot more",0,0,"None of the time","Easy","2",NA,"25-34",3,"   772.5",35328,50
64,2134.058,2021,34,"Male","European/Other","Degree","Not in labour force","Partnered","Not a parent",0,"Owned without mortgage",159819,4,"NZ with NZ parents","Non-disabled",7,9,8,"Very Good","None or almost none","Strongly agree","Very easy to be myself",7,9,3,2,"Yes",16,"Yes, sometimes","Yes, sometimes",NA,NA,NA,NA,NA,"About the same",0,0,"Some of the time","Hard","0",NA,"25-34",3,"  1280.9",58512,40
65,13753.64,2021,30,"Male","European/Other","Less than secondary school","Employed","Partnered","Parent",4,"Rented",112695,9,"NZ with NZ parents","Non-disabled",9,7,8,"Fair","Conversational","Strongly agree","Very easy to be myself",7,9,6,8,"Yes",14,"Yes, sometimes","No",NA,NA,NA,NA,NA,"About the same",0,0,"Most of the time","Sometimes easy, sometimes hard","4+",NA,"25-34",3,"   377.4",17296,26
66,10018.71,2021,69,"Female","European/Other","Secondary school","Employed","Partnered","Not a parent",0,"Owned with mortgage",19997,5,"Long-term migrant","Non-disabled",7,8,7,"Good","None or almost none","Neither agree nor disagree","Easy to be myself",8,9,5,6,"Yes",19,"No","No",NA,NA,NA,NA,NA,"No crime here",0,0,"None of the time","Easy","0",NA,"65+",1,"   311.9",14352,30
67,3093.085,2021,16,"Male","European/Other","Less than secondary school","Not in labour force","Not partnered","Not a parent",0,"Rented",66354,4,"NZ with NZ parents","Non-disabled",6,8,7,"Good","None or almost none","Agree","Sometimes easy, sometimes hard",7,8,3,6,"Yes",7,"Not applicable","Yes, sometimes",NA,NA,NA,NA,NA,"About the same",0,0,"A little of the time","Easy","0",NA,"15-24",2,"   647.2",29440,32
68,11897.22,2021,76,"Female","European/Other","Less than secondary school","Employed","Not partnered","Not a parent",0,"Owned with mortgage",44819,5,"NZ with NZ parents","Non-disabled",10,10,10,"Fair","None or almost none","Strongly disagree","Very easy to be myself",8,10,7,7,"Yes",18,"No","No",NA,NA,NA,NA,NA,"About the same",0,1,"A little of the time","Sometimes easy, sometimes hard","0",NA,"65+",1,"   127.4",5520,13
69,11897.22,2021,87,"Female","European/Other","Degree","Employed","Not partnered","Not a parent",0,"Owned with mortgage",67365,2,"NZ with NZ parents","Non-disabled",8,8,8,"Good","None or almost none","Disagree","Very easy to be myself",8,7,4,7,"Yes",18,"No","No",NA,NA,NA,NA,NA,"About the same",0,0,"None of the time","Hard","0",NA,"65+",2,"   214.1",9936,16
70,8301.636,2021,33,"Female","European/Other","Degree","Employed","Not partnered","Not a parent",0,"Rented",53618,7,"NZ with NZ parents","Non-disabled",9,9,9,"Excellent","None or almost none","Neither agree nor disagree","Very easy to be myself",7,7,5,8,"Yes",17,"Yes, often","No",NA,NA,NA,NA,NA,"About the same",0,0,"Some of the time","Very easy","0",NA,"25-34",2,"  1092.6",50416,32
71,5460.035,2021,55,"Female","European/Other","Less than secondary school","Not in labour force","Partnered","Not a parent",0,"Owned with mortgage",103474,2,"Long-term migrant","Non-disabled",10,10,8,"Good","None or almost none","Neither agree nor disagree","Very easy to be myself",9,10,6,10,"Yes",18,"No","No",NA,NA,NA,NA,NA,"About the same",0,1,"None of the time","Very easy","0",NA,"55-64",3,"   166.3",8096,16
72,2973.13,2021,34,"Male","Asian","Less than secondary school","Employed","Not partnered","Parent",1,"Rented",23910,10,"NZ with NZ parents","Non-disabled",0,5,10,"Very Good","None or almost none","Strongly agree","Sometimes easy, sometimes hard",3,0,0,0,"No",7,"No","Yes, sometimes",NA,NA,NA,NA,NA,"About the same",0,0,"None of the time","Very easy","1",NA,"25-34",1,"   364.3",16928,32
73,4151.167,2021,67,"Male","Asian","Degree","Employed","Partnered","Not a parent",0,"Owned without mortgage",57348,10,"NZ with overseas parent(s)","Non-disabled",7,7,7,"Good","None or almost none","Agree","Very easy to be myself",7,7,5,7,"Yes",16,"No","Yes, sometimes",NA,NA,NA,NA,NA,"No crime here",0,0,"None of the time","Easy","0",NA,"65+",2,"   261.1",12144,15
74,12899.09,2021,44,"Male","European/Other","Secondary school","Employed","Partnered","Not a parent",0,"Rented",197664,9,"Medium-term migrant","Non-disabled",7,8,8,"Very Good","None or almost none","Neither agree nor disagree","Easy to be myself",9,10,9,10,"No",19,"No","No",NA,NA,NA,NA,NA,"No crime here",0,0,"None of the time","Easy","0",NA,"35-44",3,"   655.1",30176,37
75,9731.357,2021,30,"Female","European/Other","Post-secondary NCEA/diploma","Employed","Not partnered","Not a parent",0,"Rented",45679,9,"NZ with NZ parents","Non-disabled",10,7,7,"Excellent","Conversational","Strongly agree","Easy to be myself",0,0,0,0,"No",18,"Yes, always","Yes, sometimes",NA,NA,NA,NA,NA,"About the same",1,1,"None of the time","Easy","0",NA,"25-34",1,"   316.0",14352,48
76,12584.5,2021,16,"Female","European/Other","Less than secondary school","Employed","Partnered","Parent",2,"Rented",63066,8,"NZ with overseas parent(s)","Non-disabled",5,8,7,"Good","None or almost none","Agree","Very easy to be myself",7,8,4,7,"Yes",9,"No","No",NA,NA,NA,NA,NA,"Moved here recently",0,0,"A little of the time","Easy","2",NA,"15-24",2,"   273.8",12880,2
77,2109.995,2021,35,"Female","European/Other","Secondary school","Employed","Not partnered","Parent",1,"Owned without mortgage",21875,3,"NZ with NZ parents","Non-disabled",3,4,7,"Fair","Basic","Neither agree nor disagree","Easy to be myself",7,9,5,5,"No",2,"Yes, often","Yes, sometimes",NA,NA,NA,NA,NA,"No crime here",0,0,"None of the time","Sometimes easy, sometimes hard","1",NA,"35-44",1,"   380.0",17296,18
78,13462.8,2021,90,"Male","European/Other","Less than secondary school","Employed","Not partnered","Not a parent",0,"Owned with mortgage",124668,5,"Long-term migrant","Non-disabled",5,10,10,"Very Good","None or almost none","Neither agree nor disagree","Very easy to be myself",9,10,7,5,"Yes",20,"No","No",NA,NA,NA,NA,NA,"About the same",0,0,"None of the time","Very easy","0",NA,"65+",3,"   383.5",17664,36
79,2568.609,2021,55,"Female","European/Other","Less than secondary school","Not in labour force","Partnered","Not a parent",0,"Owned with mortgage",103147,1,"Long-term migrant","Non-disabled",10,7,9,"Very Good","None or almost none","Agree","Very easy to be myself",6,7,7,6,"Yes",20,"No","No",NA,NA,NA,NA,NA,"About the same",1,0,"None of the time","Very easy","0",NA,"55-64",3,"   207.6",9936,6
80,2568.609,2021,25,"Female","European/Other","Less than secondary school","Not in labour force","Partnered","Parent",4,"Rented",143929,9,"NZ with NZ parents","Non-disabled",7,9,10,"Excellent","Fluent","Strongly agree","Very easy to be myself",5,9,5,7,"Yes",17,"Yes, sometimes","No",NA,NA,NA,NA,NA,"A lot more",0,0,"None of the time","Easy","4+",NA,"25-34",3,"   450.9",20976,25
81,15639.58,2021,44,"Female","European/Other","Secondary school","Employed","Partnered","Parent",3,"Rented",78280,4,"Recent migrant","Non-disabled",5,8,9,"Good","None or almost none","Agree","Easy to be myself",8,10,10,7,"No",14,"No","No",NA,NA,NA,NA,NA,"No crime here",0,0,"A little of the time","Very easy","3",NA,"35-44",2,"   420.3",19504,20
82,9561.396,2021,41,"Male","European/Other","Degree","Employed","Partnered","Parent",3,"Owned without mortgage",336857,8,"Long-term migrant","Non-disabled",3,8,8,"Good","Basic","Strongly agree","Very easy to be myself",7,7,5,5,"Yes",13,"Yes, sometimes","Yes, sometimes",NA,NA,NA,NA,NA,"A little more",0,1,"A little of the time","Hard","3",NA,"35-44",3,"   850.4",39008,34
83,844.4471,2021,54,"Female","Asian","Less than secondary school","Employed","Partnered","Parent",2,"Owned without mortgage",168270,7,"NZ with NZ parents","Disabled",8,10,8,"Good","Basic","Agree","Very easy to be myself",7,10,5,10,"Yes",13,"Yes, often","Yes, sometimes",NA,NA,NA,NA,NA,"A lot more",0,0,"A little of the time","Easy","2",NA,"45-54",3,"   864.1",39744,44
84,220.7072,2021,68,"Female","Asian","Degree","Not in labour force","Partnered","Not a parent",0,"Owned with mortgage",130591,5,"NZ with NZ parents","Non-disabled",10,10,10,"Excellent","None or almost none","Agree","Very easy to be myself",7,8,9,5,"Yes",20,"No","No",NA,NA,NA,NA,NA,"No crime here",0,0,"None of the time","Easy","0",NA,"65+",3,"   182.7",8464,13
85,7218.453,2021,97,"Female","European/Other","Less than secondary school","Not in labour force","Partnered","Not a parent",0,"Owned with mortgage",17425,6,"Long-term migrant","Non-disabled",7,7,5,"Fair","None or almost none","Agree","Easy to be myself",7,8,7,6,"Yes",20,"No","No",NA,NA,NA,NA,NA,"About the same",0,0,"A little of the time","Sometimes easy, sometimes hard","0",NA,"65+",1,"   128.0",6256,1
86,24769.08,2021,65,"Female","European/Other","Secondary school","Employed","Partnered","Not a parent",0,"Owned without mortgage",137595,5,"Long-term migrant","Non-disabled",7,7,8,"Fair","None or almost none","Neither agree nor disagree","Easy to be myself",7,7,6,7,"Yes",20,"No","No",NA,NA,NA,NA,NA,"About the same",0,0,"None of the time","Easy","0",NA,"65+",3,"   282.5",13248,27
87,2658.929,2021,44,"Male","Māori","Less than secondary school","Employed","Not partnered","Not a parent",0,"Owned without mortgage",145983,10,"NZ with NZ parents","Non-disabled",2,5,5,"Good","Basic","Disagree","Easy to be myself",2,7,0,2,"Yes",7,"Yes, often","No",NA,NA,NA,NA,NA,"A little more",1,0,"None of the time","Sometimes easy, sometimes hard","0",NA,"35-44",3,"   424.7",19872,28
88,1482.178,2021,94,"Female","Asian","Less than secondary school","Employed","Not partnered","Not a parent",0,"Owned with mortgage",47801,4,"NZ with NZ parents","Non-disabled",5,5,5,"Good","None or almost none","Disagree","Easy to be myself",5,1,5,5,"Yes",12,"Yes, always","Yes, sometimes",NA,NA,NA,NA,NA,"About the same",0,1,"A little of the time","Very hard","0",NA,"65+",1,"   721.3",32752,39
89,3120.535,2021,38,"Male","European/Other","Less than secondary school","Not in labour force","Partnered","Parent",2,"Owned without mortgage",97863,5,"NZ with NZ parents","Non-disabled",5,7,8,"Very Good","Basic","Agree","Very easy to be myself",8,9,3,5,"Yes",9,"No","Yes, sometimes",NA,NA,NA,NA,NA,"A little more",1,0,"Some of the time","Easy","2",NA,"35-44",2,"   418.4",19136,32
90,6674.356,2021,46,"Female","European/Other","Less than secondary school","Not in labour force","Partnered","Parent",4,"Owned without mortgage",54292,10,"NZ with NZ parents","Non-disabled",7,9,8,"Very Good","None or almost none","Disagree","Easy to be myself",6,9,8,6,"Yes",18,"No","No",NA,NA,NA,NA,NA,"A lot more",0,0,"None of the time","Easy","4+",NA,"45-54",2,"   767.9",35328,61
91,4305.789,2021,22,"Male","European/Other","Less than secondary school","Employed","Not partnered","Not a parent",0,"Rented",52513,6,"NZ with NZ parents","Non-disabled",5,6,8,"Good","None or almost none","Neither agree nor disagree","Very easy to be myself",2,7,4,4,"Not eligible",19,"Yes, sometimes","No",NA,NA,NA,NA,NA,"A lot more",0,1,"A little of the time","Very easy","0",NA,"15-24",2,"   234.2",10672,14
92,10551.96,2021,90,"Male","European/Other","Less than secondary school","Employed","Partnered","Not a parent",0,"Owned with mortgage",65973,6,"NZ with NZ parents","Disabled",10,10,10,"Very Good","None or almost none","Strongly disagree","Easy to be myself",8,8,0,0,"Yes",20,"No","No",NA,NA,NA,NA,NA,"About the same",0,0,"A little of the time","Very easy","0",NA,"65+",2,"   538.4",25024,38
93,7292.791,2021,49,"Female","European/Other","Post-secondary NCEA/diploma","Employed","Not partnered","Parent",3,"Owned without mortgage",287129,3,"NZ with NZ parents","Non-disabled",5,9,9,"Good","None or almost none","Disagree","Very easy to be myself",7,9,1,2,"Yes",20,"Yes, sometimes","No",NA,NA,NA,NA,NA,"About the same",1,0,"None of the time","Easy","3",NA,"45-54",3,"   390.4",18400,32
94,4153.491,2021,43,"Female","European/Other","Less than secondary school","Employed","Partnered","Parent",2,"Owned without mortgage",164540,5,"NZ with unknown origin parents","Non-disabled",6,8,10,"Very Good","None or almost none","Agree","Very easy to be myself",8,7,2,1,"Yes",17,"No","No",NA,NA,NA,NA,NA,"About the same",0,0,"None of the time","Sometimes easy, sometimes hard","2",NA,"35-44",3,"   283.9",12880,16
95,3513.902,2021,75,"Female","European/Other","Secondary school","Employed","Not partnered","Not a parent",0,"Owned with mortgage",40751,6,"NZ with NZ parents","Non-disabled",10,6,6,"Excellent","None or almost none","Neither agree nor disagree","Easy to be myself",8,9,7,6,"Yes",20,"No","Yes, sometimes",NA,NA,NA,NA,NA,"About the same",0,0,"A little of the time","Easy","0",NA,"65+",1,"   152.1",6992,13
96,7965.014,2021,78,"Female","European/Other","Less than secondary school","Employed","Not partnered","Not a parent",0,"Rented",38454,5,"Long-term migrant","Disabled",10,8,8,"Good","None or almost none","Strongly agree","Easy to be myself",8,8,4,5,"Yes",18,"No","No",NA,NA,NA,NA,NA,"A lot less",0,0,"None of the time","Easy","0",NA,"65+",1,"   425.3",19872,26
97,1191.051,2021,26,"Female","Asian","Secondary school","Employed","Not partnered","Not a parent",0,"Owned without mortgage",92803,6,"NZ with NZ parents","Non-disabled",5,7,8,"Very Good","None or almost none","Agree","Easy to be myself",7,8,6,6,"No",19,"No","No",NA,NA,NA,NA,NA,"About the same",0,0,"None of the time","Easy","0",NA,"25-34",2,"   172.4",7728,13
98,735.8679,2021,35,"Female","Asian","Less than secondary school","Not in labour force","Partnered","Parent",1,"Owned without mortgage",160882,4,"NZ with NZ parents","Non-disabled",7,7,7,"Good","None or almost none","Neither agree nor disagree","Hard to be myself",5,8,0,0,"Yes",19,"No","No",NA,NA,NA,NA,NA,"A little more",0,1,"None of the time","Easy","1",NA,"35-44",3,"   280.0",12880,16
99,735.8679,2021,19,"Male","Asian","Less than secondary school","Not in labour force","Not partnered","Not a parent",0,"Rented",130600,8,"NZ with NZ parents","Non-disabled",5,8,8,"Very Good","None or almost none","Strongly agree","Easy to be myself",8,8,7,8,"Yes",13,"Yes, sometimes","Yes, sometimes",NA,NA,NA,NA,NA,"Moved here recently",0,1,"A little of the time","Sometimes easy, sometimes hard","0",NA,"15-24",3,"   375.7",17296,30
100,13231.92,2021,43,"Male","European/Other","Degree","Employed","Partnered","Not a parent",0,"Rented",31568,5,"Medium-term migrant","Non-disabled",5,4,7,"Good","None or almost none","Disagree","Sometimes easy, sometimes hard",6,6,3,5,"No",13,"No","Yes, sometimes",NA,NA,NA,NA,NA,"No crime here",1,0,"None of the time","Sometimes easy, sometimes hard","0",NA,"35-44",1,"   767.8",34960,32
101,1274.723,2021,53,"Male","Asian","Degree","Employed","Partnered","Parent",2,"Owned without mortgage",222440,5,"NZ with overseas parent(s)","Non-disabled",7,6,7,"Good","None or almost none","Agree","Easy to be myself",0,8,0,0,"Yes",12,"Yes, often","No",NA,NA,NA,NA,NA,"A lot more",0,1,"None of the time","Easy","2",NA,"45-54",3,"  2199.1",101200,130
102,3698.659,2021,44,"Male","European/Other","Degree","Employed","Not partnered","Not a parent",0,"Rented",45800,4,"Long-term migrant","Non-disabled",6,8,8,"Good","None or almost none","Agree","Very easy to be myself",5,9,5,8,"Yes",14,"Yes, sometimes","No",NA,NA,NA,NA,NA,"About the same",0,0,"None of the time","Easy","0",NA,"35-44",1,"  1073.2",48944,30
103,1665.667,2021,66,"Female","European/Other","Less than secondary school","Not in labour force","Not partnered","Not a parent",0,"Rented",53023,8,"NZ with NZ parents","Non-disabled",10,6,6,"Good","None or almost none","Disagree","Easy to be myself",6,7,5,6,"Yes",20,"Yes, sometimes","No",NA,NA,NA,NA,NA,"About the same",0,1,"Some of the time","Sometimes easy, sometimes hard","0",NA,"65+",2,"   403.2",18768,10
104,15626.72,2021,50,"Male","European/Other","Post-secondary NCEA/diploma","Employed","Partnered","Not a parent",0,"Owned without mortgage",97609,2,"NZ with NZ parents","Non-disabled",4,7,8,"Good","Basic","Disagree","Sometimes easy, sometimes hard",6,8,5,5,"Yes",13,"No","Yes, sometimes",NA,NA,NA,NA,NA,"About the same",0,1,"Some of the time","Easy","0",NA,"45-54",2,"   984.5",44896,44
105,11384.6,2021,55,"Male","European/Other","Less than secondary school","Employed","Partnered","Not a parent",0,"Owned with mortgage",100401,6,"NZ with NZ parents","Non-disabled",8,10,10,"Excellent","None or almost none","Strongly agree","Very easy to be myself",7,9,0,0,"Yes",19,"No","No",NA,NA,NA,NA,NA,"About the same",0,0,"None of the time","Hard","0",NA,"55-64",3,"   385.2",17296,23
106,1387.32,2021,33,"Female","Asian","Degree","Employed","Partnered","Parent",3,"Owned with mortgage",233402,9,"NZ with NZ parents","Disabled",10,5,6,"Good","Basic","Strongly agree","Sometimes easy, sometimes hard",3,1,0,6,"No",16,"No","No",NA,NA,NA,NA,NA,"A little less",0,0,"Some of the time","Hard","3",NA,"25-34",3,"   463.5",21344,36
107,1449.125,2021,24,"Male","Asian","Less than secondary school","Employed","Not partnered","Not a parent",0,"Owned without mortgage",140991,2,"NZ with NZ parents","Non-disabled",5,8,7,"Good","Basic","Strongly agree","Easy to be myself",6,8,2,6,"Not eligible",15,"Not applicable","No",NA,NA,NA,NA,NA,"Moved here recently",0,0,"None of the time","Hard","0",NA,"15-24",3,"  1298.9",59616,45
108,1247.525,2021,15,"Male","Asian","Less than secondary school","Not in labour force","Not partnered","Not a parent",0,"Owned without mortgage",72053,5,"NZ with NZ parents","Non-disabled",7,8,8,"Very Good","None or almost none","Agree","Easy to be myself",8,6,3,4,"Yes",13,"Yes, often","Yes, sometimes",NA,NA,NA,NA,NA,"About the same",1,0,"None of the time","Very easy","0",NA,"15-24",2,"   464.8",21712,12
109,14718.05,2021,71,"Female","European/Other","Degree","Employed","Partnered","Not a parent",0,"Owned with mortgage",68231,10,"Long-term migrant","Disabled",8,8,8,"Very Good","None or almost none","Strongly agree","Very easy to be myself",7,9,4,5,"Yes",19,"No","No",NA,NA,NA,NA,NA,"No crime here",0,0,"None of the time","Very easy","0",NA,"65+",2,"    63.5",2944,5
110,4255.112,2021,64,"Female","European/Other","Less than secondary school","Not in labour force","Partnered","Not a parent",0,"Owned with mortgage",89867,2,"NZ with NZ parents","Non-disabled",7,5,8,"Very Good","None or almost none","Strongly agree","Sometimes easy, sometimes hard",4,8,1,5,"Yes",20,"No","No",NA,NA,NA,NA,NA,"A little more",0,1,"None of the time","Very easy","0",NA,"55-64",2,"   201.4",9200,33
111,4931.304,2021,85,"Male","European/Other","Less than secondary school","Not in labour force","Partnered","Not a parent",0,"Owned with mortgage",132513,6,"NZ with NZ parents","Non-disabled",9,7,10,"Good","None or almost none","Neither agree nor disagree","Very easy to be myself",5,10,7,5,"No",19,"No","Yes, sometimes",NA,NA,NA,NA,NA,"Moved here recently",0,0,"None of the time","Very hard","0",NA,"65+",3,"   650.2",29808,41
112,6808.28,2021,64,"Male","European/Other","Degree","Employed","Not partnered","Not a parent",0,"Owned with mortgage",110183,7,"NZ with overseas parent(s)","Non-disabled",8,7,8,"Excellent","None or almost none","Agree","Easy to be myself",9,9,8,5,"Yes",20,"Yes, often","Yes, sometimes",NA,NA,NA,NA,NA,"No crime here",0,0,"A little of the time","Very easy","0",NA,"55-64",3,"  1322.4",61088,45
113,3289.908,2021,57,"Female","European/Other","Less than secondary school","Employed","Partnered","Not a parent",0,"Owned without mortgage",104236,2,"NZ with NZ parents","Non-disabled",1,7,10,"Very Good","None or almost none","Strongly disagree","Easy to be myself",6,6,2,2,"No",15,"Yes, sometimes","Yes, sometimes",NA,NA,NA,NA,NA,"Moved here recently",0,1,"A little of the time","Sometimes easy, sometimes hard","0",NA,"55-64",3,"   556.3",25392,32
114,1218.05,2021,77,"Male","Asian","Post-secondary NCEA/diploma","Employed","Not partnered","Not a parent",0,"Owned with mortgage",52058,10,"NZ with NZ parents","Non-disabled",4,8,8,"Excellent","Conversational","Strongly agree","Sometimes easy, sometimes hard",5,2,0,0,"Yes",9,"Yes, often","Yes, sometimes",NA,NA,NA,NA,NA,"A little more",0,1,"A little of the time","Sometimes easy, sometimes hard","0",NA,"65+",2,"  1147.7",52992,14
115,9845.4,2021,47,"Female","European/Other","Less than secondary school","Employed","Partnered","Not a parent",0,"Owned with mortgage",108498,9,"NZ with NZ parents","Non-disabled",7,7,8,"Good","Fluent","Strongly agree","Very easy to be myself",8,8,5,7,"Yes",15,"No","No",NA,NA,NA,NA,NA,"About the same",1,0,"A little of the time","Sometimes easy, sometimes hard","0",NA,"45-54",3,"   200.0",9568,19
116,3289.908,2021,71,"Male","European/Other","Degree","Employed","Not partnered","Not a parent",0,"Owned with mortgage",45635,5,"NZ with NZ parents","Non-disabled",6,7,10,"Good","None or almost none","Neither agree nor disagree","Very easy to be myself",8,9,6,6,"Yes",18,"No","No",NA,NA,NA,NA,NA,"A little more",0,0,"Some of the time","Hard","0",NA,"65+",1,"   886.4",40480,42
117,19151.94,2021,48,"Male","European/Other","Post-secondary NCEA/diploma","Employed","Partnered","Not a parent",0,"Owned with mortgage",125724,6,"NZ with NZ parents","Non-disabled",10,10,10,"Excellent","None or almost none","Neither agree nor disagree","Very easy to be myself",8,10,2,5,"Yes",20,"No","No",NA,NA,NA,NA,NA,"No crime here",0,0,"None of the time","Very easy","0",NA,"45-54",3,"   659.4",30176,34
118,1507.429,2021,38,"Female","European/Other","Degree","Not in labour force","Not partnered","Not a parent",0,"Owned with mortgage",201631,9,"NZ with NZ parents","Non-disabled",8,7,7,"Very Good","None or almost none","Neither agree nor disagree","Easy to be myself",7,8,4,5,"Yes",20,"Not applicable","No",NA,NA,NA,NA,NA,"Moved here recently",0,0,"A little of the time","Easy","0",NA,"35-44",3,"   694.3",32384,32
119,8655.939,2021,35,"Female","European/Other","Secondary school","Employed","Partnered","Not a parent",0,"Rented",85755,3,"Medium-term migrant","Non-disabled",7,7,7,"Very Good","None or almost none","Neither agree nor disagree","Very easy to be myself",9,10,7,10,"No",18,"Yes, sometimes","Yes, sometimes",NA,NA,NA,NA,NA,"No crime here",0,0,"A little of the time","Sometimes easy, sometimes hard","0",NA,"35-44",2,"    75.7",3680,2
120,18393.65,2021,42,"Female","European/Other","Secondary school","Employed","Not partnered","Not a parent",0,"Owned without mortgage",38898,10,"NZ with NZ parents","Non-disabled",7,6,7,"Fair","None or almost none","Strongly disagree","Easy to be myself",0,0,5,6,"No",4,"Yes, always","No",NA,NA,NA,NA,NA,"No crime here",0,1,"Some of the time","Hard","0",NA,"35-44",1,"   464.5",20976,32
121,4244.958,2021,58,"Female","European/Other","Degree","Not in labour force","Not partnered","Not a parent",0,"Owned with mortgage",40356,10,"NZ with overseas parent(s)","Non-disabled",5,5,10,"Very Good","None or almost none","Neither agree nor disagree","Very hard to be myself",5,4,0,4,"Yes",13,"No","No",NA,NA,NA,NA,NA,"No crime here",0,0,"None of the time","Very easy","0",NA,"55-64",1,"   561.6",26128,21
122,9096.226,2021,32,"Female","European/Other","Less than secondary school","Employed","Not partnered","Not a parent",0,"Rented",45920,8,"NZ with NZ parents","Disabled",2,2,2,"Very Good","Basic","Neither agree nor disagree","Sometimes easy, sometimes hard",2,8,8,9,"No",9,"Yes, always","Yes, always",NA,NA,NA,NA,NA,"Moved here recently",1,1,"Some of the time","Very hard","0",NA,"25-34",1,"   246.4",11040,16
123,2017.217,2021,35,"Female","European/Other","Secondary school","Not in labour force","Not partnered","Not a parent",0,"Owned without mortgage",35562,7,"Long-term migrant","Non-disabled",0,5,6,"Fair","None or almost none","Neither agree nor disagree","Sometimes easy, sometimes hard",5,1,8,5,"Yes",2,"Yes, always","Yes, sometimes",NA,NA,NA,NA,NA,"A little more",1,0,"Some of the time","Hard","0",NA,"35-44",1,"   719.6",32752,30
124,5212.354,2021,49,"Male","European/Other","Degree","Employed","Not partnered","Not a parent",0,"Owned with mortgage",76680,5,"NZ with NZ parents","Non-disabled",8,9,9,"Good","Conversational","Agree","Very easy to be myself",8,8,3,8,"Yes",20,"No","No",NA,NA,NA,NA,NA,"About the same",0,0,"A little of the time","Very easy","0",NA,"45-54",2,"  1031.7",47840,32
125,5069.009,2021,36,"Male","European/Other","Degree","Employed","Partnered","Parent",2,"Owned without mortgage",83802,2,"NZ with NZ parents","Non-disabled",5,8,8,"Very Good","None or almost none","Agree","Very easy to be myself",7,9,5,5,"Yes",17,"Yes, sometimes","No",NA,NA,NA,NA,NA,"About the same",0,0,"None of the time","Very easy","2",NA,"35-44",2,"  1663.0",76176,46
126,9710.951,2021,89,"Female","European/Other","Post-secondary NCEA/diploma","Employed","Partnered","Not a parent",0,"Owned with mortgage",18798,5,"NZ with overseas parent(s)","Non-disabled",8,9,10,"Very Good","None or almost none","Agree","Very easy to be myself",7,8,1,10,"Yes",18,"No","No",NA,NA,NA,NA,NA,"No crime here",0,0,"None of the time","Easy","0",NA,"65+",1,"   217.2",9568,8
127,11113.38,2021,45,"Male","European/Other","Degree","Employed","Partnered","Parent",1,"Owned without mortgage",156163,4,"NZ with NZ parents","Non-disabled",5,8,9,"Very Good","Basic","Neither agree nor disagree","Easy to be myself",5,7,2,1,"Yes",18,"No","No",NA,NA,NA,NA,NA,"About the same",1,1,"None of the time","Easy","1",NA,"45-54",3,"   823.3",37536,50
128,411.3497,2021,67,"Male","Asian","Degree","Not in labour force","Not partnered","Not a parent",0,"Owned with mortgage",201644,4,"NZ with NZ parents","Non-disabled",10,9,10,"Very Good","Conversational","Disagree","Easy to be myself",5,7,5,4,"Yes",20,"Yes, sometimes","Yes, sometimes",NA,NA,NA,NA,NA,"About the same",0,1,"None of the time","Easy","0",NA,"65+",3,"    70.0",2944,1
129,17759.38,2021,62,"Female","European/Other","Secondary school","Employed","Not partnered","Not a parent",0,"Rented",26819,9,"NZ with overseas parent(s)","Non-disabled",7,5,7,"Poor","None or almost none","Disagree","Easy to be myself",0,10,0,5,"Yes",16,"Yes, always","Yes, always",NA,NA,NA,NA,NA,"No crime here",0,0,"Some of the time","Very hard","0",NA,"55-64",1,"   239.9",11040,12
130,662.8489,2021,89,"Male","Asian","Post-secondary NCEA/diploma","Employed","Partnered","Not a parent",0,"Owned without mortgage",93102,4,"NZ with overseas parent(s)","Non-disabled",8,8,10,"Good","Basic","Agree","Easy to be myself",5,8,2,5,"Yes",12,"Yes, sometimes","No",NA,NA,NA,NA,NA,"About the same",0,0,"Some of the time","Easy","0",NA,"65+",2,"   591.1",27232,44
131,13141.51,2021,77,"Female","European/Other","Degree","Employed","Not partnered","Not a parent",0,"Owned without mortgage",93190,2,"NZ with overseas parent(s)","Non-disabled",7,8,8,"Fair","Basic","Strongly agree","Very easy to be myself",8,10,5,8,"Yes",20,"No","No",NA,NA,NA,NA,NA,"About the same",0,0,"None of the time","Easy","0",NA,"65+",2,"   208.5",9936,16
132,3456.027,2021,47,"Male","European/Other","Less than secondary school","Not in labour force","Partnered","Not a parent",0,"Owned with mortgage",111058,2,"Long-term migrant","Non-disabled",5,8,7,"Good","None or almost none","Agree","Easy to be myself",8,9,7,9,"Yes",14,"Yes, often","Yes, sometimes",NA,NA,NA,NA,NA,"A little more",0,0,"None of the time","Easy","0",NA,"45-54",3,"   912.3",42320,52
133,3937.541,2021,94,"Male","European/Other","Secondary school","Employed","Not partnered","Not a parent",0,"Rented",37680,7,"NZ with unknown origin parents","Non-disabled",5,10,9,"Good","None or almost none","Agree","Sometimes easy, sometimes hard",5,10,7,1,"Yes",9,"No","No",NA,NA,NA,NA,NA,"A lot more",0,0,"A little of the time","Easy","0",NA,"65+",1,"   311.6",14720,19
134,2842.583,2021,24,"Female","Māori","Less than secondary school","Employed","Not partnered","Not a parent",0,"Owned with mortgage",114852,4,"Recent migrant","Non-disabled",10,10,10,"Excellent","Basic","Strongly agree","Sometimes easy, sometimes hard",5,10,7,6,"Not eligible",10,"Yes, sometimes","Yes, sometimes",NA,NA,NA,NA,NA,"A little more",0,0,"Some of the time","Sometimes easy, sometimes hard","0",NA,"15-24",3,"   566.5",26128,38
135,7503.244,2021,39,"Female","European/Other","Secondary school","Employed","Partnered","Parent",1,"Owned without mortgage",234925,10,"Long-term migrant","Non-disabled",9,9,10,"Good","None or almost none","Neither agree nor disagree","Easy to be myself",8,8,7,8,"Yes",13,"Yes, always","No",NA,NA,NA,NA,NA,"Moved here recently",0,0,"Some of the time","Hard","1",NA,"35-44",3,"   357.8",16560,20
136,6021.568,2021,56,"Male","Asian","Secondary school","Employed","Partnered","Not a parent",0,"Owned with mortgage",165885,1,"Long-term migrant","Non-disabled",3,8,7,"Very Good","None or almost none","Neither agree nor disagree","Very easy to be myself",7,7,7,7,"Yes",16,"No","No",NA,NA,NA,NA,NA,"A little more",0,0,"None of the time","Easy","0",NA,"55-64",3,"  1364.5",62928,51
137,862.4892,2021,56,"Female","Asian","Post-secondary NCEA/diploma","Employed","Partnered","Not a parent",0,"Owned with mortgage",83157,1,"NZ with overseas parent(s)","Non-disabled",9,7,5,"Fair","None or almost none","Agree","Easy to be myself",6,9,6,6,"Yes",20,"No","No",NA,NA,NA,NA,NA,"About the same",0,0,"A little of the time","Sometimes easy, sometimes hard","0",NA,"55-64",2,"   260.8",12144,5
138,74.58604,2021,41,"Male","European/Other","Post-secondary NCEA/diploma","Unemployed","Partnered","Parent",3,"Owned without mortgage",133661,3,"Long-term migrant","Non-disabled",5,9,8,"Good","Basic","Agree","Very easy to be myself",7,9,5,5,"Yes",10,"No","Yes, sometimes",NA,NA,NA,NA,NA,"About the same",0,0,"A little of the time","Easy","3",NA,"35-44",3,"   615.0",28704,34
139,680.9493,2021,77,"Female","Asian","Less than secondary school","Employed","Not partnered","Not a parent",0,"Owned with mortgage",39343,10,"NZ with NZ parents","Non-disabled",5,10,10,"Fair","Basic","Strongly agree","Easy to be myself",6,6,5,6,"Yes",12,"Yes, sometimes","Yes, sometimes",NA,NA,NA,NA,NA,"A lot more",1,0,"None of the time","Sometimes easy, sometimes hard","0",NA,"65+",1,"   182.8",8096,8
140,662.7398,2021,25,"Male","Māori","Secondary school","Employed","Partnered","Parent",1,"Owned with mortgage",142049,1,"Recent migrant","Non-disabled",8,8,9,"Very Good","None or almost none","Neither agree nor disagree","Sometimes easy, sometimes hard",7,8,10,9,"Yes",13,"No","No",NA,NA,NA,NA,NA,"No crime here",0,0,"None of the time","Sometimes easy, sometimes hard","1",NA,"25-34",3,"   244.0",11408,30
141,11437.78,2021,76,"Male","European/Other","Less than secondary school","Employed","Not partnered","Not a parent",0,"Rented",38064,7,"NZ with NZ parents","Non-disabled",5,10,10,"Good","None or almost none","Strongly agree","Sometimes easy, sometimes hard",7,10,3,8,"Yes",15,"Yes, often","Yes, sometimes",NA,NA,NA,NA,NA,"No crime here",0,0,"None of the time","Very easy","0",NA,"65+",1,"  2111.2",97152,14
142,1764.809,2021,36,"Female","European/Other","Less than secondary school","Not in labour force","Partnered","Parent",2,"Owned without mortgage",100860,5,"NZ with unknown origin parents","Non-disabled",6,8,10,"Very Good","None or almost none","Agree","Very easy to be myself",8,7,2,1,"Yes",17,"No","No",NA,NA,NA,NA,NA,"About the same",0,0,"None of the time","Sometimes easy, sometimes hard","2",NA,"35-44",3,"   391.0",18032,29
143,11604.84,2021,46,"Female","European/Other","Secondary school","Employed","Partnered","Not a parent",0,"Owned without mortgage",63012,7,"NZ with NZ parents","Disabled",10,6,7,"Fair","None or almost none","Agree","Very easy to be myself",7,8,5,4,"No",19,"Not applicable","Yes, sometimes",NA,NA,NA,NA,NA,"Moved here recently",0,0,"None of the time","Easy","0",NA,"45-54",2,"   311.4",14352,19
144,15660.04,2021,49,"Male","European/Other","Degree","Employed","Partnered","Parent",1,"Owned without mortgage",178653,8,"Medium-term migrant","Non-disabled",8,8,8,"Good","None or almost none","Strongly agree","Sometimes easy, sometimes hard",7,10,8,9,"Yes",8,"Yes, often","Yes, sometimes",NA,NA,NA,NA,NA,"A lot less",0,0,"A little of the time","Very easy","1",NA,"45-54",3,"  2793.9",128064,40
145,408.6962,2021,16,"Male","Māori","Less than secondary school","Not in labour force","Not partnered","Not a parent",0,"Rented",262952,6,"Medium-term migrant","Non-disabled",7,9,10,"Good","None or almost none","Neither agree nor disagree","Very easy to be myself",9,10,7,8,"No",13,"Yes, sometimes","No",NA,NA,NA,NA,NA,"No crime here",1,0,"Some of the time","Sometimes easy, sometimes hard","0",NA,"15-24",3,"   902.6",41216,57
146,14324.34,2021,35,"Male","European/Other","Post-secondary NCEA/diploma","Employed","Not partnered","Parent",1,"Owned without mortgage",83577,9,"NZ with NZ parents","Non-disabled",8,7,7,"Fair","Basic","Agree","Easy to be myself",7,10,5,6,"Yes",15,"No","No",NA,NA,NA,NA,NA,"A lot more",1,1,"None of the time","Hard","1",NA,"35-44",2,"   667.6",30544,22
147,17795.49,2021,77,"Female","European/Other","Post-secondary NCEA/diploma","Employed","Partnered","Not a parent",0,"Owned with mortgage",175922,3,"NZ with NZ parents","Non-disabled",10,8,10,"Very Good","None or almost none","Strongly disagree","Hard to be myself",5,7,0,0,"Yes",20,"No","No",NA,NA,NA,NA,NA,"A lot more",0,0,"None of the time","Very easy","0",NA,"65+",3,"   316.8",14720,25
148,9029.79,2021,64,"Male","European/Other","Less than secondary school","Employed","Partnered","Parent",1,"Owned with mortgage",112397,9,"NZ with NZ parents","Non-disabled",9,10,8,"Very Good","None or almost none","Agree","Easy to be myself",7,10,5,8,"Yes",16,"Yes, sometimes","Yes, sometimes",NA,NA,NA,NA,NA,"A lot more",1,0,"None of the time","Very easy","1",NA,"55-64",3,"   818.7",37904,35
149,4631.605,2021,59,"Female","Asian","Degree","Employed","Partnered","Not a parent",0,"Owned without mortgage",46863,4,"NZ with overseas parent(s)","Non-disabled",0,10,10,"Excellent","Basic","Disagree","Very easy to be myself",6,9,1,2,"Yes",20,"No","No",NA,NA,NA,NA,NA,"A lot more",0,0,"None of the time","Very easy","0",NA,"55-64",1,"   358.7",16192,22
150,1827.876,2021,62,"Female","Asian","Secondary school","Employed","Not partnered","Not a parent",0,"Owned with mortgage",62317,4,"NZ with NZ parents","Non-disabled",6,10,6,"Fair","Basic","Disagree","Easy to be myself",5,10,5,6,"Yes",11,"No","Yes, sometimes",NA,NA,NA,NA,NA,"A little more",0,0,"None of the time","Very easy","0",NA,"55-64",2,"  1120.4",51888,40
151,1827.876,2021,59,"Male","Asian","Post-secondary NCEA/diploma","Employed","Not partnered","Not a parent",0,"Owned with mortgage",45555,7,"NZ with NZ parents","Non-disabled",2,8,7,"Good","None or almost none","Neither agree nor disagree","Sometimes easy, sometimes hard",1,1,2,3,"Yes",8,"Yes, often","No",NA,NA,NA,NA,NA,"About the same",0,1,"None of the time","Very hard","0",NA,"55-64",1,"  1352.5",62192,43
152,2165.902,2021,62,"Female","European/Other","Secondary school","Not in labour force","Partnered","Not a parent",0,"Owned without mortgage",118074,9,"NZ with NZ parents","Non-disabled",9,8,8,"Very Good","None or almost none","Disagree","Easy to be myself",6,7,7,9,"Yes",12,"Yes, sometimes","Yes, sometimes",NA,NA,NA,NA,NA,"A lot less",0,0,"None of the time","Sometimes easy, sometimes hard","0",NA,"55-64",3,"   341.0",15456,29
153,17538.14,2021,86,"Male","European/Other","Less than secondary school","Employed","Not partnered","Not a parent",0,"Owned with mortgage",44548,10,"NZ with NZ parents","Non-disabled",7,7,6,"Good","None or almost none","Neither agree nor disagree","Sometimes easy, sometimes hard",5,7,4,6,"Yes",18,"No","No",NA,NA,NA,NA,NA,"About the same",0,0,"A little of the time","Sometimes easy, sometimes hard","0",NA,"65+",1,"   380.1",17296,32
154,1967.197,2021,87,"Female","Pacific","Degree","Employed","Not partnered","Not a parent",0,"Owned with mortgage",11090,6,"Long-term migrant","Non-disabled",5,7,8,"Good","None or almost none","Strongly disagree","Very easy to be myself",7,7,5,5,"Yes",18,"No","No",NA,NA,NA,NA,NA,"A little more",0,0,"A little of the time","Very hard","0",NA,"65+",1,"   504.1",22816,36
155,234.8279,2021,34,"Male","Pacific","Degree","Not in labour force","Partnered","Parent",2,"Rented",124925,8,"Medium-term migrant","Non-disabled",4,10,10,"Fair","None or almost none","Strongly agree","Sometimes easy, sometimes hard",4,8,8,8,"Yes",7,"Yes, sometimes","Yes, sometimes",NA,NA,NA,NA,NA,"A lot less",0,1,"A little of the time","Very easy","2",NA,"25-34",3,"   310.4",14720,22
156,689.0036,2021,53,"Female","Māori","Post-secondary NCEA/diploma","Employed","Partnered","Parent",2,"Rented",146796,10,"NZ with NZ parents","Non-disabled",10,3,8,"Poor","Conversational","Agree","Very easy to be myself",0,5,0,0,"Yes",7,"Yes, often","Yes, sometimes",NA,NA,NA,NA,NA,"A lot less",0,1,"Some of the time","Easy","2",NA,"45-54",3,"   718.6",32752,40
157,8967.376,2021,28,"Female","European/Other","Less than secondary school","Employed","Partnered","Parent",2,"Rented",94161,3,"NZ with NZ parents","Non-disabled",5,6,7,"Good","None or almost none","Agree","Very easy to be myself",6,7,3,5,"No",6,"Yes, often","No",NA,NA,NA,NA,NA,"About the same",1,0,"Some of the time","Sometimes easy, sometimes hard","2",NA,"25-34",2,"   107.4",4784,21
158,2779.35,2021,27,"Female","European/Other","Less than secondary school","Not in labour force","Not partnered","Not a parent",0,"Rented",34803,9,"NZ with NZ parents","Non-disabled",9,5,7,"Very Good","Conversational","Agree","Very easy to be myself",7,9,5,7,"Yes",9,"No","No",NA,NA,NA,NA,NA,"No crime here",1,0,"A little of the time","Sometimes easy, sometimes hard","0",NA,"25-34",1,"   164.0",7728,15
159,13706.69,2021,36,"Female","European/Other","Secondary school","Employed","Partnered","Parent",2,"Owned without mortgage",89275,1,"Long-term migrant","Non-disabled",3,7,7,"Good","Basic","Neither agree nor disagree","Easy to be myself",8,8,5,6,"No",17,"No","No",NA,NA,NA,NA,NA,"Moved here recently",0,0,"Some of the time","Sometimes easy, sometimes hard","2",NA,"35-44",2,"   182.7",8464,16
160,1613.51,2021,77,"Male","Asian","Post-secondary NCEA/diploma","Employed","Partnered","Not a parent",0,"Owned without mortgage",203541,3,"Long-term migrant","Disabled",8,7,4,"Poor","None or almost none","Disagree","Very easy to be myself",8,10,7,8,"Yes",18,"No","No",NA,NA,NA,NA,NA,"No crime here",0,0,"None of the time","Sometimes easy, sometimes hard","0",NA,"65+",3,"   550.3",25024,24
161,192.6872,2021,32,"Female","Asian","Degree","Unemployed","Partnered","Parent",4,"Owned without mortgage",87558,6,"NZ with NZ parents","Non-disabled",7,8,8,"Good","Basic","Neither agree nor disagree","Easy to be myself",8,9,5,7,"Yes",10,"Yes, sometimes","Yes, sometimes",NA,NA,NA,NA,NA,"A little more",0,0,"None of the time","Sometimes easy, sometimes hard","4+",NA,"25-34",2,"   963.2",44528,25
162,4568.91,2021,29,"Male","European/Other","Degree","Employed","Not partnered","Parent",2,"Owned without mortgage",20483,5,"NZ with NZ parents","Non-disabled",7,5,7,"Very Good","None or almost none","Agree","Very easy to be myself",5,9,3,5,"Yes",8,"Yes, sometimes","No",NA,NA,NA,NA,NA,"About the same",0,0,"None of the time","Sometimes easy, sometimes hard","2",NA,"25-34",1,"  1569.9",72496,32
163,4568.91,2021,37,"Male","European/Other","Degree","Employed","Not partnered","Parent",1,"Owned without mortgage",45273,5,"Medium-term migrant","Non-disabled",6,8,7,"Excellent","None or almost none","Disagree","Easy to be myself",8,8,6,8,"Yes",16,"No","No",NA,NA,NA,NA,NA,"No crime here",0,0,"None of the time","Very easy","1",NA,"35-44",1,"   110.8",4784,7
164,2707.857,2021,65,"Female","European/Other","Less than secondary school","Employed","Partnered","Not a parent",0,"Owned with mortgage",43601,6,"NZ with overseas parent(s)","Non-disabled",5,9,9,"Very Good","None or almost none","Strongly disagree","Very easy to be myself",10,10,1,4,"Yes",13,"Yes, often","No",NA,NA,NA,NA,NA,"A lot more",0,0,"None of the time","Easy","0",NA,"65+",1,"   238.2",11040,9
165,2924.008,2021,93,"Male","European/Other","Less than secondary school","Employed","Not partnered","Not a parent",0,"Owned with mortgage",36001,8,"NZ with NZ parents","Non-disabled",8,6,6,"Very Good","None or almost none","Agree","Very easy to be myself",8,8,6,6,"Yes",14,"Yes, often","No",NA,NA,NA,NA,NA,"About the same",0,0,"Some of the time","Hard","0",NA,"65+",1,"   480.2",22448,52
166,2179.559,2021,40,"Male","Māori","Degree","Employed","Partnered","Parent",2,"Owned without mortgage",50606,6,"NZ with NZ parents","Non-disabled",8,8,8,"Good","Basic","Strongly agree","Sometimes easy, sometimes hard",5,7,3,3,"Yes",18,"Yes, sometimes","No",NA,NA,NA,NA,NA,"A lot more",0,0,"None of the time","Very easy","2",NA,"35-44",2,"  1190.7",54832,48
167,4194.121,2021,68,"Male","European/Other","Less than secondary school","Employed","Partnered","Not a parent",0,"Owned with mortgage",32202,1,"NZ with NZ parents","Disabled",4,4,9,"Good","None or almost none","Strongly disagree","Very easy to be myself",8,9,7,8,"Yes",17,"Yes, sometimes","No",NA,NA,NA,NA,NA,"A little more",0,0,"None of the time","Easy","0",NA,"65+",1,"   384.7",17664,36
168,5432.042,2021,41,"Male","European/Other","Post-secondary NCEA/diploma","Employed","Not partnered","Parent",1,"Owned without mortgage",127138,8,"Long-term migrant","Non-disabled",8,10,10,"Excellent","None or almost none","Agree","Easy to be myself",0,1,0,1,"Yes",14,"No","No",NA,NA,NA,NA,NA,"No crime here",0,1,"None of the time","Easy","1",NA,"35-44",3,"   728.9",33488,30
169,1895.455,2021,65,"Male","European/Other","Secondary school","Employed","Partnered","Not a parent",0,"Owned with mortgage",29435,1,"Medium-term migrant","Non-disabled",8,9,10,"Very Good","None or almost none","Disagree","Easy to be myself",7,8,3,3,"Yes",20,"No","No",NA,NA,NA,NA,NA,"About the same",0,0,"None of the time","Easy","0",NA,"65+",1,"  1024.3",47472,34
170,567.0516,2021,26,"Male","Māori","Less than secondary school","Employed","Partnered","Parent",4,"Rented",56128,1,"NZ with NZ parents","Non-disabled",2,7,9,"Good","Basic","Disagree","Easy to be myself",6,10,1,3,"Yes",12,"No","No",NA,NA,NA,NA,NA,"Moved here recently",0,0,"None of the time","Sometimes easy, sometimes hard","4+",NA,"25-34",2,"   754.3",34960,46
171,567.0516,2021,73,"Male","Māori","Post-secondary NCEA/diploma","Employed","Partnered","Not a parent",0,"Owned with mortgage",40244,6,"NZ with overseas parent(s)","Non-disabled",8,9,10,"Very Good","None or almost none","Strongly disagree","Very easy to be myself",6,10,3,8,"Yes",16,"Yes, sometimes","No",NA,NA,NA,NA,NA,"No crime here",0,0,"None of the time","Sometimes easy, sometimes hard","0",NA,"65+",1,"   477.1",22080,28
172,662.0494,2021,47,"Male","Asian","Post-secondary NCEA/diploma","Not in labour force","Not partnered","Not a parent",0,"Owned without mortgage",99435,5,"NZ with NZ parents","Non-disabled",7,7,6,"Good","Basic","Agree","Sometimes easy, sometimes hard",6,6,6,7,"Yes",12,"Yes, sometimes","No",NA,NA,NA,NA,NA,"A little less",0,1,"Some of the time","Sometimes easy, sometimes hard","0",NA,"45-54",2,"   482.4",22448,36
173,2860.047,2021,50,"Female","European/Other","Degree","Not in labour force","Partnered","Not a parent",0,"Owned without mortgage",117860,4,"NZ with NZ parents","Non-disabled",9,8,9,"Very Good","None or almost none","Agree","Very easy to be myself",8,8,6,6,"Yes",19,"No","No",NA,NA,NA,NA,NA,"A little more",1,0,"A little of the time","Easy","0",NA,"45-54",3,"   176.3",7728,7
174,2860.047,2021,79,"Male","European/Other","Less than secondary school","Not in labour force","Not partnered","Not a parent",0,"Rented",27729,10,"NZ with NZ parents","Disabled",7,7,10,"Fair","None or almost none","Strongly disagree","Sometimes easy, sometimes hard",6,5,1,1,"No",7,"Yes, often","No",NA,NA,NA,NA,NA,"A lot more",0,0,"None of the time","Easy","0",NA,"65+",1,"   631.8",29072,43
175,969.6224,2021,54,"Male","Asian","Post-secondary NCEA/diploma","Employed","Partnered","Parent",3,"Owned with mortgage",125780,6,"NZ with NZ parents","Non-disabled",8,10,10,"Excellent","Basic","Neither agree nor disagree","Very easy to be myself",9,8,1,5,"Yes",20,"No","No",NA,NA,NA,NA,NA,"No crime here",0,0,"None of the time","Very easy","3",NA,"45-54",3,"   862.0",39744,42
176,2488.358,2021,61,"Male","European/Other","Less than secondary school","Employed","Partnered","Not a parent",0,"Owned with mortgage",199580,7,"NZ with NZ parents","Non-disabled",6,8,8,"Excellent","None or almost none","Disagree","Very easy to be myself",6,8,4,4,"Yes",19,"No","No",NA,NA,NA,NA,NA,"A little more",0,0,"Some of the time","Very easy","0",NA,"55-64",3,"   311.1",14720,34
177,4512.784,2021,84,"Male","European/Other","Less than secondary school","Employed","Partnered","Not a parent",0,"Owned with mortgage",21820,9,"NZ with NZ parents","Non-disabled",6,10,10,"Very Good","None or almost none","Strongly agree","Easy to be myself",9,7,6,8,"Yes",14,"Yes, often","Yes, sometimes",NA,NA,NA,NA,NA,"No crime here",0,1,"None of the time","Very easy","0",NA,"65+",1,"   966.9",44160,36
178,7334.242,2021,38,"Male","Asian","Less than secondary school","Employed","Partnered","Parent",2,"Rented",123261,9,"NZ with NZ parents","Non-disabled",10,7,7,"Excellent","Basic","Agree","Easy to be myself",7,9,0,5,"Yes",20,"Yes, sometimes","Yes, sometimes",NA,NA,NA,NA,NA,"About the same",1,0,"None of the time","Easy","2",NA,"35-44",3,"   381.9",17296,30
179,1066.853,2021,26,"Female","Asian","Secondary school","Employed","Partnered","Parent",2,"Owned without mortgage",170510,9,"NZ with overseas parent(s)","Non-disabled",2,8,8,"Very Good","None or almost none","Disagree","Easy to be myself",6,5,3,2,"Yes",14,"No","Yes, sometimes",NA,NA,NA,NA,NA,"A little more",0,1,"A little of the time","Very hard","2",NA,"25-34",3,"   163.4",7360,24
180,12637.88,2021,66,"Male","European/Other","Degree","Employed","Not partnered","Not a parent",0,"Owned with mortgage",16030,9,"Long-term migrant","Non-disabled",8,7,8,"Very Good","None or almost none","Agree","Easy to be myself",9,9,4,7,"Yes",19,"No","No",NA,NA,NA,NA,NA,"No crime here",0,1,"A little of the time","Sometimes easy, sometimes hard","0",NA,"65+",1,"  2190.8",101200,45
181,1605.263,2021,72,"Female","European/Other","Secondary school","Not in labour force","Not partnered","Not a parent",0,"Owned with mortgage",43595,8,"NZ with NZ parents","Disabled",4,7,7,"Good","None or almost none","Strongly disagree","Very easy to be myself",7,10,0,5,"Yes",20,"No","No",NA,NA,NA,NA,NA,"No crime here",0,0,"A little of the time","Easy","0",NA,"65+",1,"   713.0",32384,29
182,2257.89,2021,40,"Female","Asian","Degree","Employed","Partnered","Parent",2,"Owned without mortgage",220200,3,"Long-term migrant","Non-disabled",6,7,5,"Good","None or almost none","Neither agree nor disagree","Sometimes easy, sometimes hard",6,9,3,6,"Yes",15,"Yes, often","No",NA,NA,NA,NA,NA,"A little more",0,1,"A little of the time","Hard","2",NA,"35-44",3,"   475.4",22080,32
183,10447.11,2021,65,"Female","European/Other","Less than secondary school","Employed","Not partnered","Not a parent",0,"Rented",71806,8,"NZ with NZ parents","Non-disabled",5,6,6,"Fair","None or almost none","Strongly disagree","Sometimes easy, sometimes hard",4,9,7,6,"Yes",14,"No","No",NA,NA,NA,NA,NA,"A little more",0,1,"None of the time","Very hard","0",NA,"65+",2,"   200.2",9200,18
184,781.9372,2021,52,"Female","Asian","Degree","Employed","Not partnered","Not a parent",0,"Owned without mortgage",116953,3,"Long-term migrant","Non-disabled",8,8,9,"Good","None or almost none","Neither agree nor disagree","Sometimes easy, sometimes hard",7,0,6,5,"Yes",20,"No","No",NA,NA,NA,NA,NA,"A little more",0,1,"Some of the time",NA,"0",NA,"45-54",3,"   725.9",33120,24
185,975.4602,2021,59,"Female","European/Other","Secondary school","Not in labour force","Not partnered","Not a parent",0,"Owned without mortgage",41237,6,"NZ with NZ parents","Non-disabled",7,9,9,"Excellent","None or almost none","Strongly disagree","Easy to be myself",7,10,0,6,"Yes",17,"No","No",NA,NA,NA,NA,NA,"No crime here",0,0,"None of the time","Hard","0",NA,"55-64",1,"    89.3",4416,45
186,4893.944,2021,45,"Male","European/Other","Degree","Not in labour force","Not partnered","Not a parent",0,"Owned without mortgage",22063,6,"NZ with NZ parents","Non-disabled",5,7,5,"Very Good","Conversational","Strongly agree","Very easy to be myself",7,9,7,8,"Yes",8,"Yes, sometimes","Yes, sometimes",NA,NA,NA,NA,NA,"About the same",0,0,"None of the time","Very hard","0",NA,"45-54",1,"   671.1",31280,34
187,1482.693,2021,47,"Female","European/Other","Less than secondary school","Employed","Partnered","Parent",1,"Owned without mortgage",114470,3,"NZ with NZ parents","Non-disabled",5,8,7,"Poor","None or almost none","Agree","Very easy to be myself",7,8,6,5,"No",20,"No","No",NA,NA,NA,NA,NA,"Moved here recently",1,0,"None of the time","Sometimes easy, sometimes hard","1",NA,"45-54",3,"   600.0",27232,32
188,1063.487,2021,31,"Female","European/Other","Degree","Not in labour force","Partnered","Not a parent",0,"Owned without mortgage",55313,8,"NZ with NZ parents","Non-disabled",8,6,4,"Very Good","None or almost none","Agree","Very easy to be myself",7,3,7,7,"Yes",20,"Yes, sometimes","Yes, sometimes",NA,NA,NA,NA,NA,"About the same",0,0,"Some of the time",NA,"0",NA,"25-34",2,"   591.1",27232,45
189,22036.87,2021,58,"Male","European/Other","Less than secondary school","Employed","Not partnered","Not a parent",0,"Rented",46939,8,"NZ with overseas parent(s)","Disabled",5,10,10,"Fair","None or almost none","Agree","Hard to be myself",0,4,0,2,"Yes",9,"Yes, always","Yes, sometimes",NA,NA,NA,NA,NA,"No crime here",0,0,"Some of the time","Sometimes easy, sometimes hard","0",NA,"55-64",1,"   232.6",11040,22
190,2209.958,2021,25,"Male","European/Other","Less than secondary school","Not in labour force","Partnered","Not a parent",0,"Owned with mortgage",113212,4,"Long-term migrant","Non-disabled",9,4,7,"Excellent","None or almost none","Agree","Very easy to be myself",10,10,8,8,"No",13,"Yes, always","Yes, sometimes",NA,NA,NA,NA,NA,"About the same",0,0,"A little of the time","Sometimes easy, sometimes hard","0",NA,"25-34",3,"   657.0",30176,36
191,3383.868,2021,38,"Male","European/Other","Post-secondary NCEA/diploma","Employed","Not partnered","Parent",1,"Rented",25031,4,"NZ with NZ parents","Non-disabled",6,5,7,"Very Good","None or almost none","Strongly agree","Easy to be myself",5,9,5,5,"Yes",4,"Yes, sometimes","No",NA,NA,NA,NA,NA,"About the same",0,0,"A little of the time","Easy","1",NA,"35-44",1,"   471.0",21344,34
192,1035.741,2021,47,"Female","Māori","Secondary school","Employed","Partnered","Not a parent",0,"Owned without mortgage",56202,4,"NZ with NZ parents","Non-disabled",6,5,5,"Good","None or almost none","Strongly agree","Easy to be myself",9,10,3,1,"Yes",20,"No","No",NA,NA,NA,NA,NA,"A little more",0,1,"Some of the time",NA,"0",NA,"45-54",2,"   487.0",22080,27
193,3427.109,2021,55,"Female","European/Other","Secondary school","Employed","Not partnered","Not a parent",0,"Rented",39711,5,"NZ with NZ parents","Non-disabled",10,10,10,"Fair","None or almost none","Strongly agree","Easy to be myself",0,10,0,5,"No",5,"No","Yes, sometimes",NA,NA,NA,NA,NA,"A lot more",1,0,"None of the time","Easy","0",NA,"55-64",1,"   339.6",15824,23
194,3427.109,2021,64,"Female","European/Other","Less than secondary school","Employed","Not partnered","Not a parent",0,"Rented",16507,7,"NZ with NZ parents","Non-disabled",5,8,10,"Very Good","None or almost none","Strongly agree","Easy to be myself",2,5,3,0,"Yes",11,"Yes, sometimes","No",NA,NA,NA,NA,NA,"A lot more",0,0,"Some of the time","Sometimes easy, sometimes hard","0",NA,"55-64",1,"   320.4",15088,32
195,1371.379,2021,30,"Male","Asian","Post-secondary NCEA/diploma","Not in labour force","Partnered","Parent",1,"Owned without mortgage",130004,6,"Long-term migrant","Non-disabled",4,9,8,"Very Good","None or almost none","Disagree","Very easy to be myself",8,10,7,8,"Yes",20,"No","No",NA,NA,NA,NA,NA,"No crime here",0,0,"None of the time","Very easy","1",NA,"25-34",3,"   773.7",35696,60
196,2598.285,2021,50,"Female","Asian","Less than secondary school","Employed","Not partnered","Not a parent",0,"Rented",57248,5,"NZ with NZ parents","Non-disabled",7,7,7,"Good","None or almost none","Disagree","Sometimes easy, sometimes hard",6,8,5,8,"Yes",11,"Yes, often","No",NA,NA,NA,NA,NA,"A little more",0,0,"Some of the time","Sometimes easy, sometimes hard","0",NA,"45-54",2,"   522.3",24288,49
197,2371.825,2021,34,"Male","Asian","Secondary school","Employed","Partnered","Not a parent",0,"Rented",65573,8,"Medium-term migrant","Non-disabled",4,10,10,"Good","None or almost none","Agree","Easy to be myself",10,10,5,10,"Yes",12,"Yes, sometimes","Yes, sometimes",NA,NA,NA,NA,NA,"Moved here recently",0,0,"None of the time","Easy","0",NA,"25-34",2,"   206.1",9568,23
198,1061.045,2021,79,"Male","Māori","Post-secondary NCEA/diploma","Not in labour force","Partnered","Not a parent",0,"Owned with mortgage",106845,6,"NZ with NZ parents","Non-disabled",8,10,10,"Very Good","None or almost none","Neither agree nor disagree","Very easy to be myself",5,8,3,8,"Yes",20,"No","No",NA,NA,NA,NA,NA,"No crime here",0,0,"None of the time","Very easy","0",NA,"65+",3,"   487.9",22080,28
199,6883.918,2021,55,"Male","European/Other","Degree","Employed","Not partnered","Not a parent",0,"Owned with mortgage",169118,1,"NZ with overseas parent(s)","Non-disabled",10,8,8,"Very Good","None or almost none","Agree","Very easy to be myself",8,9,6,7,"Yes",20,"No","No",NA,NA,NA,NA,NA,"Moved here recently",0,0,"None of the time","Very easy","0",NA,"55-64",3,"   545.7",25024,24
200,96.20105,2021,85,"Male","European/Other","Secondary school","Unemployed","Partnered","Not a parent",0,"Rented",44020,9,"Long-term migrant","Disabled",7,8,8,"Very Good","None or almost none","Neither agree nor disagree","Easy to be myself",8,9,7,8,"Yes",9,"Yes, sometimes","No",NA,NA,NA,NA,NA,"No crime here",0,1,"A little of the time","Sometimes easy, sometimes hard","0",NA,"65+",1,"   518.7",24288,14
201,5955.679,2021,63,"Female","European/Other","Post-secondary NCEA/diploma","Employed","Partnered","Not a parent",0,"Owned with mortgage",106952,4,"NZ with NZ parents","Non-disabled",8,9,10,"Excellent","None or almost none","Neither agree nor disagree","Very easy to be myself",7,9,2,5,"Yes",20,"No","No",NA,NA,NA,NA,NA,"A little more",0,0,"None of the time","Very easy","0",NA,"55-64",3,"   575.0",26864,31
202,414.451,2021,62,"Female","Asian","Degree","Not in labour force","Partnered","Parent",2,"Owned without mortgage",127770,3,"Long-term migrant","Disabled",3,9,9,"Excellent","None or almost none","Agree","Very easy to be myself",9,9,5,5,"Yes",17,"No","No",NA,NA,NA,NA,NA,"A little more",0,0,"None of the time","Sometimes easy, sometimes hard","2",NA,"55-64",3,"   941.7",43424,19
203,1909.797,2021,17,"Female","Asian","Less than secondary school","Employed","Not partnered","Not a parent",0,"Rented",73486,5,"NZ with NZ parents","Non-disabled",5,9,10,"Very Good","Basic","Strongly agree","Very easy to be myself",7,8,7,7,"Yes",17,"Yes, sometimes","Yes, sometimes",NA,NA,NA,NA,NA,"A lot more",0,0,"None of the time","Very easy","0",NA,"15-24",2,"   283.7",12880,33
204,2696.829,2021,73,"Male","European/Other","Degree","Employed","Not partnered","Not a parent",0,"Owned with mortgage",35265,7,"NZ with NZ parents","Non-disabled",8,10,10,"Very Good","None or almost none","Disagree","Very easy to be myself",8,9,7,7,"Yes",16,"Yes, sometimes","Yes, sometimes",NA,NA,NA,NA,NA,"About the same",1,0,"None of the time","Sometimes easy, sometimes hard","0",NA,"65+",1,"   924.1",42320,48
205,13953.81,2021,37,"Female","European/Other","Less than secondary school","Employed","Partnered","Parent",3,"Owned without mortgage",172825,9,"NZ with NZ parents","Non-disabled",7,7,8,"Excellent","None or almost none","Strongly agree","Very easy to be myself",7,9,1,6,"Yes",13,"No","No",NA,NA,NA,NA,NA,"A lot more",0,0,"None of the time","Very easy","3",NA,"35-44",3,"   322.2",15088,6
206,5163.378,2021,60,"Male","European/Other","Degree","Employed","Partnered","Not a parent",0,"Owned with mortgage",59773,2,"NZ with NZ parents","Non-disabled",5,7,6,"Good","Basic","Agree","Easy to be myself",6,8,5,7,"Yes",18,"Yes, often","Yes, sometimes",NA,NA,NA,NA,NA,"About the same",0,0,"None of the time","Easy","0",NA,"55-64",2,"   845.6",38640,56
207,3887.704,2021,35,"Female","European/Other","Degree","Employed","Partnered","Parent",2,"Owned without mortgage",159160,2,"NZ with NZ parents","Non-disabled",8,0,9,"Very Good","Basic","Strongly agree","Very easy to be myself",8,7,6,7,"Yes",18,"No","No",NA,NA,NA,NA,NA,"About the same",0,0,"A little of the time","Easy","2",NA,"35-44",3,"   411.0",19136,26
208,1243.086,2021,18,"Female","European/Other","Less than secondary school","Not in labour force","Not partnered","Not a parent",0,"Owned without mortgage",92359,3,"NZ with NZ parents","Non-disabled",3,5,7,"Very Good","Basic","Agree","Very easy to be myself",7,8,5,7,"Not eligible",14,"No","Yes, always",NA,NA,NA,NA,NA,"About the same",0,1,"Some of the time","Sometimes easy, sometimes hard","0",NA,"15-24",2,"   160.6",7728,19
209,3004,2021,45,"Male","European/Other","Less than secondary school","Employed","Partnered","Not a parent",0,"Owned with mortgage",82383,2,"NZ with NZ parents","Non-disabled",5,6,7,"Very Good","None or almost none","Strongly agree","Very easy to be myself",8,9,7,4,"Yes",10,"Yes, always","Yes, sometimes",NA,NA,NA,NA,NA,"About the same",0,1,"None of the time","Hard","0",NA,"45-54",2,"   304.9",13616,32
210,2361.393,2021,53,"Female","European/Other","Post-secondary NCEA/diploma","Employed","Partnered","Parent",1,"Owned without mortgage",153129,1,"NZ with NZ parents","Non-disabled",3,8,8,"Very Good","None or almost none","Neither agree nor disagree","Very easy to be myself",5,9,2,6,"Yes",18,"No","No",NA,NA,NA,NA,NA,"No crime here",0,0,"None of the time","Hard","1",NA,"45-54",3,"   182.0",8096,16
211,3126.454,2021,82,"Female","Asian","Less than secondary school","Employed","Not partnered","Not a parent",0,"Owned with mortgage",45998,7,"Long-term migrant","Non-disabled",5,5,7,"Very Good","Basic","Strongly agree","Very easy to be myself",7,1,0,2,"Yes",18,"No","No",NA,NA,NA,NA,NA,"No crime here",0,0,"A little of the time","Hard","0",NA,"65+",1,"   494.1",23184,29
212,4034.253,2021,38,"Male","European/Other","Degree","Employed","Not partnered","Parent",2,"Owned without mortgage",127302,4,"NZ with NZ parents","Non-disabled",6,7,8,"Good","None or almost none","Agree","Very easy to be myself",8,10,6,1,"Yes",14,"No","No",NA,NA,NA,NA,NA,"A lot more",0,1,"None of the time","Hard","2",NA,"35-44",3,"   422.2",19136,36
213,2370.398,2021,17,"Female","European/Other","Less than secondary school","Not in labour force","Not partnered","Not a parent",0,"Rented",155776,7,"NZ with NZ parents","Non-disabled",7,8,8,"Excellent","None or almost none","Agree","Very easy to be myself",6,8,5,7,"Not eligible",18,"No","No",NA,NA,NA,NA,NA,"A little more",0,0,"A little of the time","Sometimes easy, sometimes hard","0",NA,"15-24",3,"   114.3",5152,19
214,4679.833,2021,39,"Male","Asian","Less than secondary school","Employed","Not partnered","Parent",2,"Rented",49799,10,"NZ with NZ parents","Non-disabled",2,5,8,"Fair","Conversational","Strongly agree","Very easy to be myself",8,8,5,4,"Yes",4,"Yes, always","Yes, always",NA,NA,NA,NA,NA,"Moved here recently",0,0,"All of the time","Very hard","2",NA,"35-44",1,"  1898.9",87584,61
215,21576.96,2021,25,"Male","European/Other","Degree","Employed","Partnered","Not a parent",0,"Owned without mortgage",106576,2,"NZ with NZ parents","Non-disabled",10,10,10,"Very Good","Basic","Strongly agree","Very easy to be myself",7,10,7,7,"Yes",19,"Yes, always","No",NA,NA,NA,NA,NA,"About the same",0,1,"A little of the time","Very easy","0",NA,"25-34",3,"   256.3",11408,33
216,189.2664,2021,22,"Female","European/Other","Less than secondary school","Unemployed","Not partnered","Not a parent",0,"Owned with mortgage",111464,6,"NZ with NZ parents","Non-disabled",7,8,8,"Very Good","Basic","Agree","Easy to be myself",6,8,5,5,"Not eligible",15,"No","No",NA,NA,NA,NA,NA,"No crime here",0,0,"None of the time","Easy","0",NA,"15-24",3,"   160.2",7360,7
217,187.6544,2021,97,"Male","Asian","Post-secondary NCEA/diploma","Not in labour force","Not partnered","Not a parent",0,"Rented",44589,9,"NZ with overseas parent(s)","Disabled",10,10,8,"Very Good","None or almost none","Neither agree nor disagree","Very easy to be myself",8,9,8,9,"Yes",20,"Yes, often","No",NA,NA,NA,NA,NA,"About the same",0,0,"None of the time","Easy","0",NA,"65+",1,"   815.3",37904,44
218,7116.717,2021,49,"Female","European/Other","Degree","Employed","Not partnered","Not a parent",0,"Owned with mortgage",99020,4,"NZ with NZ parents","Non-disabled",7,8,8,"Good","None or almost none","Strongly disagree","Hard to be myself",7,4,3,4,"Yes",12,"No","No",NA,NA,NA,NA,NA,"About the same",0,1,"Some of the time","Very easy","0",NA,"45-54",2,"   163.3",7728,7
219,52.02877,2021,66,"Male","Pacific","Degree","Unemployed","Partnered","Not a parent",0,"Owned with mortgage",159303,3,"NZ with NZ parents","Non-disabled",8,10,8,"Very Good","None or almost none","Strongly agree","Very easy to be myself",7,7,7,7,"Yes",18,"Yes, sometimes","No",NA,NA,NA,NA,NA,"No crime here",0,0,"Some of the time","Easy","0",NA,"65+",3,"   555.0",25760,34
220,223.9346,2021,81,"Female","Pacific","Less than secondary school","Not in labour force","Not partnered","Not a parent",0,"Owned with mortgage",165359,1,"Long-term migrant","Non-disabled",10,10,10,"Very Good","None or almost none","Neither agree nor disagree","Easy to be myself",5,10,6,8,"Yes",20,"No","No",NA,NA,NA,NA,NA,"A little more",1,0,"None of the time","Very easy","0",NA,"65+",3,"   323.0",15088,30
221,148.189,2021,50,"Female","Pacific","Degree","Not in labour force","Partnered","Not a parent",0,"Owned without mortgage",108596,5,"NZ with NZ parents","Non-disabled",7,8,8,"Good","Basic","Agree","Easy to be myself",9,8,4,4,"Yes",12,"Yes, sometimes","No",NA,NA,NA,NA,NA,"No crime here",0,0,"None of the time","Sometimes easy, sometimes hard","0",NA,"45-54",3,"   861.7",39744,33
222,4820.86,2021,46,"Male","European/Other","Post-secondary NCEA/diploma","Employed","Partnered","Not a parent",0,"Owned with mortgage",230110,6,"NZ with NZ parents","Non-disabled",10,10,10,"Excellent","None or almost none","Neither agree nor disagree","Very easy to be myself",8,10,2,5,"Yes",20,"No","No",NA,NA,NA,NA,NA,"No crime here",0,0,"None of the time","Very easy","0",NA,"45-54",3,"   838.3",39008,36
223,2181.3,2021,60,"Female","European/Other","Post-secondary NCEA/diploma","Employed","Not partnered","Not a parent",0,"Rented",74842,3,"NZ with NZ parents","Non-disabled",8,5,5,"Fair","None or almost none","Disagree","Sometimes easy, sometimes hard",5,3,0,0,"Yes",17,"Yes, sometimes","Yes, sometimes",NA,NA,NA,NA,NA,"A little more",0,1,"A little of the time","Easy","0",NA,"55-64",2,"   335.3",15824,12
224,551.3388,2021,68,"Female","Māori","Post-secondary NCEA/diploma","Employed","Partnered","Not a parent",0,"Owned with mortgage",98448,3,"Long-term migrant","Non-disabled",8,9,10,"Very Good","None or almost none","Neither agree nor disagree","Easy to be myself",8,7,6,5,"Yes",18,"No","No",NA,NA,NA,NA,NA,"About the same",0,0,"None of the time","Easy","0",NA,"65+",2,"   526.8",23920,32
225,712.5725,2021,40,"Male","Asian","Degree","Employed","Not partnered","Not a parent",0,"Owned without mortgage",126640,7,"NZ with overseas parent(s)","Non-disabled",6,8,8,"Good","None or almost none","Strongly agree","Very easy to be myself",8,8,5,7,"Yes",18,"No","No",NA,NA,NA,NA,NA,"A little more",1,1,"Some of the time","Easy","0",NA,"35-44",3,"  1121.6",51888,60
226,516.949,2021,37,"Male","Asian","Less than secondary school","Employed","Partnered","Parent",1,"Owned without mortgage",140406,9,"NZ with overseas parent(s)","Non-disabled",5,9,9,"Good","None or almost none","Agree","Very easy to be myself",7,10,0,5,"Yes",12,"No","Yes, sometimes",NA,NA,NA,NA,NA,"About the same",0,0,"A little of the time","Easy","1",NA,"35-44",3,"   376.9",17296,30
227,622.5051,2021,25,"Male","Māori","Secondary school","Not in labour force","Partnered","Parent",3,"Owned without mortgage",85068,9,"Medium-term migrant","Non-disabled",10,6,8,"Very Good","None or almost none","Neither agree nor disagree","Sometimes easy, sometimes hard",7,7,8,8,"No",6,"Yes, often","Yes, sometimes",NA,NA,NA,NA,NA,"No crime here",1,0,"None of the time","Easy","3",NA,"25-34",2,"   626.0",29072,32
228,2679.996,2021,18,"Male","European/Other","Less than secondary school","Not in labour force","Not partnered","Not a parent",0,"Owned without mortgage",134236,5,"NZ with NZ parents","Disabled",3,7,4,"Good","None or almost none","Neither agree nor disagree","Easy to be myself",4,7,6,5,"Not eligible",18,"No","No",NA,NA,NA,NA,NA,"About the same",0,1,"A little of the time","Sometimes easy, sometimes hard","0",NA,"15-24",3,"   473.0",22080,41
229,542.0219,2021,58,"Female","Pacific","Secondary school","Not in labour force","Partnered","Not a parent",0,"Owned without mortgage",150836,8,"Long-term migrant","Non-disabled",10,10,10,"Excellent","None or almost none","Agree","Easy to be myself",8,10,10,10,"Yes",19,"Yes, sometimes","No",NA,NA,NA,NA,NA,"No crime here",0,0,"None of the time","Easy","0",NA,"55-64",3,"   534.3",24656,28
230,2210.609,2021,46,"Male","Asian","Less than secondary school","Employed","Partnered","Not a parent",0,"Owned without mortgage",132698,3,"NZ with NZ parents","Non-disabled",7,8,8,"Very Good","None or almost none","Agree","Easy to be myself",7,7,2,5,"Yes",19,"No","No",NA,NA,NA,NA,NA,"About the same",0,1,"None of the time","Easy","0",NA,"45-54",3,"   425.6",19136,16
231,426.1718,2021,69,"Male","Asian","Secondary school","Employed","Not partnered","Not a parent",0,"Owned with mortgage",43242,7,"NZ with NZ parents","Non-disabled",4,0,7,"Excellent","None or almost none","Strongly disagree","Sometimes easy, sometimes hard",1,5,0,0,"No",14,"No","No",NA,NA,NA,NA,NA,"About the same",1,0,"A little of the time","Hard","0",NA,"65+",1,"   440.8",20608,23
232,708.9229,2021,88,"Female","Pacific","Secondary school","Employed","Not partnered","Not a parent",0,"Rented",48647,3,"Long-term migrant","Disabled",4,0,2,"Poor","Basic","Neither agree nor disagree","Very easy to be myself",7,10,3,6,"Yes",0,"Yes, always","No",NA,NA,NA,NA,NA,"About the same",0,0,"Most of the time","Easy","0",NA,"65+",1,"   536.8",24656,28
233,1603.653,2021,25,"Female","Pacific","Secondary school","Employed","Partnered","Parent",2,"Rented",74273,8,"NZ with NZ parents","Non-disabled",7,10,10,"Good","Basic","Agree","Very easy to be myself",5,7,5,5,"No",17,"Yes, sometimes","Yes, sometimes",NA,NA,NA,NA,NA,"A lot less",0,0,"None of the time","Hard","2",NA,"25-34",2,"   902.6",41216,46
234,3409.164,2021,53,"Female","European/Other","Secondary school","Employed","Partnered","Parent",1,"Owned without mortgage",130832,7,"NZ with unknown origin parents","Non-disabled",7,8,9,"Very Good","None or almost none","Disagree","Very easy to be myself",7,9,3,6,"Yes",18,"No","No",NA,NA,NA,NA,NA,"About the same",0,0,"None of the time","Very easy","1",NA,"45-54",3,"   614.3",27968,36
235,620.7066,2021,57,"Female","Asian","Secondary school","Employed","Partnered","Not a parent",0,"Owned without mortgage",147229,1,"NZ with NZ parents","Non-disabled",4,8,7,"Very Good","None or almost none","Strongly disagree","Sometimes easy, sometimes hard",7,8,4,4,"Yes",14,"No","No",NA,NA,NA,NA,NA,"About the same",0,0,"None of the time","Sometimes easy, sometimes hard","0",NA,"55-64",3,"   447.4",20240,45
236,1391.662,2021,74,"Male","Asian","Degree","Not in labour force","Not partnered","Not a parent",0,"Owned with mortgage",38976,5,"NZ with NZ parents","Non-disabled",8,7,8,"Good","None or almost none","Neither agree nor disagree","Very easy to be myself",4,8,3,6,"Yes",16,"Yes, sometimes","Yes, sometimes",NA,NA,NA,NA,NA,"About the same",0,0,"Some of the time","Sometimes easy, sometimes hard","0",NA,"65+",1,"   334.7",15824,11
237,85.1556,2021,47,"Male","Pacific","Degree","Not in labour force","Partnered","Not a parent",0,"Rented",168596,5,"Long-term migrant","Non-disabled",10,8,7,"Very Good","None or almost none","Strongly agree","Easy to be myself",7,8,8,7,"Yes",20,"No","No",NA,NA,NA,NA,NA,"About the same",0,0,"None of the time","Easy","0",NA,"45-54",3,"   992.0",46000,44
238,472.8695,2021,67,"Female","Māori","Secondary school","Not in labour force","Not partnered","Not a parent",0,"Owned with mortgage",36703,8,"NZ with NZ parents","Non-disabled",8,4,7,"Good","None or almost none","Neither agree nor disagree","Easy to be myself",7,6,4,3,"No",20,"Yes, sometimes","No",NA,NA,NA,NA,NA,"About the same",1,0,"Some of the time","Sometimes easy, sometimes hard","0",NA,"65+",1,"   726.9",33120,24
239,2418.813,2021,67,"Female","European/Other","Degree","Employed","Partnered","Not a parent",0,"Owned with mortgage",71229,9,"NZ with NZ parents","Disabled",5,7,6,"Good","None or almost none","Neither agree nor disagree","Easy to be myself",8,7,6,7,"Yes",15,"Yes, sometimes","No",NA,NA,NA,NA,NA,"About the same",0,0,"Some of the time","Hard","0",NA,"65+",2,"   603.5",27600,30
240,386.2462,2021,40,"Male","Asian","Secondary school","Not in labour force","Not partnered","Not a parent",0,"Owned without mortgage",46643,9,"Long-term migrant","Non-disabled",5,5,6,"Very Good","None or almost none","Agree","Sometimes easy, sometimes hard",4,4,5,5,"No",12,"Yes, often","Yes, sometimes",NA,NA,NA,NA,NA,"Moved here recently",1,0,"None of the time","Hard","0",NA,"35-44",1,"   351.9",16192,28
241,422.2654,2021,26,"Male","Pacific","Degree","Employed","Not partnered","Not a parent",0,"Owned with mortgage",143446,2,"Long-term migrant","Non-disabled",6,9,9,"Good","Basic","Agree","Easy to be myself",8,8,8,8,"No",19,"Yes, sometimes","No",NA,NA,NA,NA,NA,"About the same",1,1,"A little of the time","Easy","0",NA,"25-34",3,"   316.4",14720,22
242,609.2709,2021,45,"Male","Asian","Post-secondary NCEA/diploma","Employed","Not partnered","Not a parent",0,"Owned without mortgage",75777,6,"NZ with NZ parents","Non-disabled",5,7,5,"Excellent","None or almost none","Agree","Very easy to be myself",7,8,4,8,"Yes",16,"No","No",NA,NA,NA,NA,NA,"A little more",1,1,"None of the time","Sometimes easy, sometimes hard","0",NA,"45-54",2,"   946.9",43792,42
243,1714.335,2021,54,"Female","Pacific","Secondary school","Employed","Not partnered","Not a parent",0,"Owned without mortgage",46877,5,"NZ with NZ parents","Non-disabled",3,5,6,"Fair","None or almost none","Disagree","Easy to be myself",7,9,5,5,"Yes",9,"Yes, sometimes","No",NA,NA,NA,NA,NA,"About the same",0,0,"All of the time",NA,"0",NA,"45-54",1,"   368.9",16928,29
244,2882.285,2021,31,"Female","Pacific","Degree","Employed","Not partnered","Not a parent",0,"Rented",109353,4,"Long-term migrant","Non-disabled",1,7,8,"Good","Basic","Agree","Very easy to be myself",8,7,6,7,"Yes",13,"No","No",NA,NA,NA,NA,NA,"No crime here",0,1,"A little of the time","Sometimes easy, sometimes hard","0",NA,"25-34",3,"   849.4",38640,43
245,5407.266,2021,79,"Female","Asian","Degree","Employed","Partnered","Not a parent",0,"Owned with mortgage",85461,10,"NZ with overseas parent(s)","Non-disabled",4,9,8,"Very Good","None or almost none","Neither agree nor disagree","Easy to be myself",6,8,5,7,"Yes",12,"No","No",NA,NA,NA,NA,NA,"About the same",0,0,"None of the time","Easy","0",NA,"65+",2,"   406.3",19136,10
246,3736.348,2021,43,"Female","European/Other","Post-secondary NCEA/diploma","Not in labour force","Partnered","Parent",1,"Owned without mortgage",172399,10,"NZ with overseas parent(s)","Non-disabled",3,7,9,"Very Good","Basic","Agree","Easy to be myself",5,8,7,5,"No",15,"Yes, always","Yes, sometimes",NA,NA,NA,NA,NA,"About the same",0,0,"None of the time","Easy","1",NA,"35-44",3,"   405.6",18768,25
247,12845.96,2021,38,"Male","European/Other","Secondary school","Employed","Partnered","Parent",3,"Owned without mortgage",149607,1,"Long-term migrant","Non-disabled",8,9,10,"Very Good","None or almost none","Agree","Very easy to be myself",9,9,6,8,"Yes",15,"No","Yes, sometimes",NA,NA,NA,NA,NA,"A little more",0,0,"None of the time","Easy","3",NA,"35-44",3,"   974.8",45264,46
248,1076.839,2021,68,"Male","Asian","Less than secondary school","Not in labour force","Not partnered","Not a parent",0,"Rented",33705,8,"NZ with NZ parents","Disabled",10,8,10,"Very Good","None or almost none","Neither agree nor disagree","Easy to be myself",7,10,4,2,"Yes",20,"No","No",NA,NA,NA,NA,NA,"About the same",0,0,"A little of the time","Very easy","0",NA,"65+",1,"   631.7",29072,21
249,2570.974,2021,27,"Male","European/Other","Less than secondary school","Not in labour force","Partnered","Parent",3,"Rented",177267,9,"NZ with NZ parents","Non-disabled",6,9,10,"Very Good","Basic","Agree","Easy to be myself",8,10,7,7,"No",10,"No","No",NA,NA,NA,NA,NA,"Moved here recently",0,0,"A little of the time","Sometimes easy, sometimes hard","3",NA,"25-34",3,"   743.8",33856,48
250,9632.533,2021,64,"Male","European/Other","Degree","Employed","Not partnered","Not a parent",0,"Rented",92959,10,"NZ with NZ parents","Non-disabled",4,8,9,"Excellent","None or almost none","Agree","Very easy to be myself",4,6,3,7,"Yes",17,"Yes, sometimes","No",NA,NA,NA,NA,NA,"Moved here recently",0,1,"None of the time","Very easy","0",NA,"55-64",2,"  2514.4",115920,78
251,5317.593,2021,64,"Male","European/Other","Secondary school","Not in labour force","Not partnered","Not a parent",0,"Owned without mortgage",109902,2,"Long-term migrant","Non-disabled",8,9,9,"Very Good","None or almost none","Neither agree nor disagree","Very easy to be myself",8,8,3,3,"No",16,"Yes, sometimes","No",NA,NA,NA,NA,NA,"No crime here",0,0,"None of the time","Hard","0",NA,"55-64",3,"   721.4",33120,32
252,410.7106,2021,65,"Male","European/Other","Less than secondary school","Unemployed","Not partnered","Not a parent",0,"Owned with mortgage",31166,4,"NZ with overseas parent(s)","Non-disabled",5,8,6,"Very Good","None or almost none","Neither agree nor disagree","Easy to be myself",7,8,4,4,"Yes",19,"No","No",NA,NA,NA,NA,NA,"About the same",0,0,"A little of the time","Hard","0",NA,"65+",1,"   607.3",28336,43
253,858.6319,2021,74,"Male","Asian","Post-secondary NCEA/diploma","Employed","Partnered","Not a parent",0,"Owned with mortgage",73884,1,"NZ with overseas parent(s)","Non-disabled",8,7,10,"Excellent","None or almost none","Strongly disagree","Very easy to be myself",5,8,2,3,"Yes",17,"No","No",NA,NA,NA,NA,NA,"No crime here",0,0,"None of the time","Sometimes easy, sometimes hard","0",NA,"65+",2,"  1802.1",82800,38
254,671.246,2021,68,"Female","Asian","Post-secondary NCEA/diploma","Employed","Partnered","Not a parent",0,"Owned with mortgage",10733,1,"NZ with NZ parents","Non-disabled",6,8,8,"Good","None or almost none","Disagree","Easy to be myself",8,9,7,6,"Yes",16,"No","Yes, sometimes",NA,NA,NA,NA,NA,"A little more",0,0,"None of the time","Very easy","0",NA,"65+",1,"   221.6",9936,47
255,8454.665,2021,16,"Female","European/Other","Less than secondary school","Employed","Not partnered","Not a parent",0,"Owned without mortgage",170888,2,"NZ with overseas parent(s)","Disabled",7,7,5,"Fair","None or almost none","Neither agree nor disagree","Easy to be myself",5,8,5,5,"Yes",16,"No","No",NA,NA,NA,NA,NA,"No crime here",0,0,"None of the time","Sometimes easy, sometimes hard","0",NA,"15-24",3,"   313.5",14352,5
256,3976.427,2021,70,"Female","European/Other","Less than secondary school","Employed","Not partnered","Not a parent",0,"Owned with mortgage",30547,8,"NZ with NZ parents","Disabled",8,10,10,"Very Good","None or almost none","Disagree","Very easy to be myself",5,2,6,0,"Yes",18,"Yes, often","No",NA,NA,NA,NA,NA,"No crime here",0,0,"Some of the time","Hard","0",NA,"65+",1,"   314.5",14352,26
257,4835.879,2021,56,"Male","European/Other","Secondary school","Employed","Not partnered","Not a parent",0,"Owned without mortgage",87698,3,"NZ with NZ parents","Non-disabled",8,8,8,"Very Good","Basic","Neither agree nor disagree","Easy to be myself",5,1,1,0,"Yes",13,"No","No",NA,NA,NA,NA,NA,"About the same",0,0,"None of the time","Easy","0",NA,"55-64",2,"   471.2",21344,36
258,109.5783,2021,53,"Female","Asian","Less than secondary school","Unemployed","Partnered","Parent",2,"Owned without mortgage",126179,5,"NZ with overseas parent(s)","Non-disabled",8,8,10,"Fair","None or almost none","Agree","Easy to be myself",8,10,0,0,"Yes",17,"No","No",NA,NA,NA,NA,NA,"About the same",0,0,"None of the time","Very easy","2",NA,"45-54",3,"   170.6",8096,23
259,1599.771,2021,55,"Male","Asian","Degree","Employed","Partnered","Not a parent",0,"Owned without mortgage",126050,7,"NZ with NZ parents","Non-disabled",5,10,9,"Very Good","None or almost none","Agree","Very easy to be myself",7,10,7,7,"Yes",15,"No","No",NA,NA,NA,NA,NA,"A little more",0,0,"None of the time","Sometimes easy, sometimes hard","0",NA,"55-64",3,"  1081.8",49680,53
260,2187.765,2021,84,"Male","Asian","Less than secondary school","Employed","Not partnered","Not a parent",0,"Owned with mortgage",32057,3,"NZ with NZ parents","Non-disabled",7,8,5,"Fair","None or almost none","Agree","Easy to be myself",7,9,3,7,"Yes",20,"Yes, sometimes","No",NA,NA,NA,NA,NA,"About the same",0,0,"Most of the time","Very easy","0",NA,"65+",1,"   964.3",44528,46
261,4269.445,2021,25,"Male","European/Other","Degree","Employed","Partnered","Not a parent",0,"Rented",108524,2,"Recent migrant","Non-disabled",5,8,10,"Very Good","None or almost none","Strongly agree","Sometimes easy, sometimes hard",9,9,6,9,"No",9,"Yes, sometimes","No",NA,NA,NA,NA,NA,"Moved here recently",0,1,"A little of the time","Very easy","0",NA,"25-34",3,"  1572.6",72496,32
262,1579.081,2021,18,"Female","European/Other","Less than secondary school","Not in labour force","Not partnered","Not a parent",0,"Owned without mortgage",131009,4,"NZ with overseas parent(s)","Disabled",2,6,5,"Good","Conversational","Agree","Easy to be myself",8,7,7,6,"Not eligible",15,"Yes, often","Yes, sometimes",NA,NA,NA,NA,NA,"No crime here",0,0,"A little of the time","Sometimes easy, sometimes hard","0",NA,"15-24",3,"   407.6",19136,11
263,13569.21,2021,48,"Female","European/Other","Less than secondary school","Employed","Partnered","Not a parent",0,"Owned without mortgage",90875,3,"NZ with overseas parent(s)","Disabled",8,7,5,"Fair","Basic","Neither agree nor disagree","Easy to be myself",5,5,6,5,"Yes",11,"Yes, always","Yes, sometimes",NA,NA,NA,NA,NA,"A lot more",0,0,"None of the time","Easy","0",NA,"45-54",2,"   446.7",20608,15
264,2067.09,2021,35,"Female","Asian","Degree","Employed","Partnered","Parent",2,"Rented",77295,5,"Long-term migrant","Non-disabled",4,9,9,"Good","None or almost none","Neither agree nor disagree","Very easy to be myself",8,10,5,7,"Yes",7,"Yes, always","Yes, sometimes",NA,NA,NA,NA,NA,"About the same",0,0,"Some of the time","Easy","2",NA,"35-44",2,"   860.1",39376,34
265,408.1824,2021,94,"Male","Asian","Degree","Not in labour force","Not partnered","Not a parent",0,"Owned with mortgage",35423,3,"NZ with NZ parents","Disabled",7,7,7,"Good","None or almost none","Neither agree nor disagree","Very easy to be myself",5,8,2,2,"Yes",19,"Yes, sometimes","Yes, sometimes",NA,NA,NA,NA,NA,"About the same",0,0,"A little of the time","Very easy","0",NA,"65+",1,"  1938.4",89056,59
266,1555.512,2021,23,"Male","Asian","Secondary school","Employed","Not partnered","Not a parent",0,"Rented",42536,10,"NZ with overseas parent(s)","Non-disabled",5,5,8,"Excellent","None or almost none","Neither agree nor disagree","Sometimes easy, sometimes hard",0,10,2,10,"Yes",14,"Yes, always","No",NA,NA,NA,NA,NA,"Moved here recently",1,0,"Some of the time","Very easy","0",NA,"15-24",1,"   298.1",13984,22
267,553.3488,2021,97,"Female","Asian","Secondary school","Not in labour force","Partnered","Not a parent",0,"Owned with mortgage",25131,6,"Long-term migrant","Disabled",7,8,7,"Good","None or almost none","Neither agree nor disagree","Easy to be myself",8,7,5,4,"Yes",17,"No","No",NA,NA,NA,NA,NA,"No crime here",0,0,"None of the time","Easy","0",NA,"65+",1,"   500.5",23184,11
268,422.1948,2021,48,"Male","Māori","Degree","Employed","Not partnered","Not a parent",0,"Rented",282682,6,"Recent migrant","Non-disabled",5,6,9,"Very Good","None or almost none","Agree","Very easy to be myself",8,9,5,3,"No",17,"Not applicable","Yes, sometimes",NA,NA,NA,NA,NA,"Moved here recently",0,0,"Some of the time",NA,"0",NA,"45-54",3,"  1486.4",68448,46
269,1169.335,2021,71,"Male","Asian","Degree","Employed","Partnered","Not a parent",0,"Owned with mortgage",216980,5,"NZ with NZ parents","Non-disabled",9,6,6,"Very Good","None or almost none","Neither agree nor disagree","Very easy to be myself",6,8,3,4,"Yes",20,"No","No",NA,NA,NA,NA,NA,"About the same",0,0,"None of the time","Easy","0",NA,"65+",3,"   578.4",26864,48
270,1363.036,2021,66,"Female","European/Other","Degree","Not in labour force","Not partnered","Not a parent",0,"Owned with mortgage",42489,4,"NZ with overseas parent(s)","Non-disabled",5,7,10,"Very Good","Basic","Strongly agree","Easy to be myself",4,8,5,6,"Yes",10,"Yes, often","Yes, sometimes",NA,NA,NA,NA,NA,"A little more",1,1,"None of the time","Easy","0",NA,"65+",1,"    68.6",2944,5
271,1234.755,2021,41,"Female","European/Other","Secondary school","Not in labour force","Partnered","Parent",1,"Rented",51367,9,"NZ with NZ parents","Non-disabled",4,8,6,"Very Good","Basic","Agree","Easy to be myself",4,3,7,3,"Yes",7,"Yes, sometimes","Yes, sometimes",NA,NA,NA,NA,NA,"No crime here",0,1,"A little of the time","Easy","1",NA,"35-44",2,"   836.5",38272,20
272,628.3823,2021,50,"Female","Pacific","Less than secondary school","Employed","Partnered","Parent",2,"Owned without mortgage",88268,5,"NZ with overseas parent(s)","Non-disabled",5,7,6,"Very Good","None or almost none","Disagree","Easy to be myself",7,10,6,5,"Yes",13,"No","No",NA,NA,NA,NA,NA,"About the same",0,0,"None of the time","Sometimes easy, sometimes hard","2",NA,"45-54",2,"   244.8",11040,34
273,329.5015,2021,67,"Male","Asian","Secondary school","Not in labour force","Not partnered","Not a parent",0,"Owned without mortgage",36102,10,"NZ with NZ parents","Disabled",10,8,10,"Excellent","None or almost none","Agree","Very easy to be myself",7,10,0,8,"Yes",10,"No","No",NA,NA,NA,NA,NA,"A lot more",0,0,"None of the time","Very easy","0",NA,"65+",1,"   407.9",19136,32
274,209.311,2021,33,"Female","Pacific","Less than secondary school","Not in labour force","Partnered","Parent",3,"Rented",75064,10,"NZ with unknown origin parents","Non-disabled",0,0,5,"Very Good","None or almost none","Agree","Very easy to be myself",5,2,0,5,"No",7,"Yes, always","Yes, always",NA,NA,NA,NA,NA,"No crime here",0,0,"None of the time","Sometimes easy, sometimes hard","3",NA,"25-34",2,"   233.8",10672,19
275,3295.317,2021,65,"Male","Asian","Less than secondary school","Employed","Not partnered","Not a parent",0,"Owned with mortgage",18309,6,"NZ with NZ parents","Non-disabled",6,8,8,"Fair","None or almost none","Agree","Sometimes easy, sometimes hard",2,5,2,3,"Yes",14,"No","No",NA,NA,NA,NA,NA,"About the same",1,1,"None of the time","Easy","0",NA,"65+",1,"   689.8",32016,41
276,2554.367,2021,29,"Female","Pacific","Less than secondary school","Employed","Partnered","Not a parent",0,"Rented",435151,6,"NZ with NZ parents","Non-disabled",5,10,8,"Good","Basic","Neither agree nor disagree","Easy to be myself",5,10,5,5,"Yes",9,"Not applicable","Yes, sometimes",NA,NA,NA,NA,NA,"No crime here",0,0,"None of the time","Sometimes easy, sometimes hard","0",NA,"25-34",3,"   354.9",16192,32
277,2030.768,2021,65,"Male","Pacific","Less than secondary school","Employed","Not partnered","Not a parent",0,"Owned with mortgage",27764,5,"NZ with NZ parents","Non-disabled",5,2,8,"Poor","None or almost none","Agree","Very easy to be myself",8,9,4,4,"Yes",19,"No","No",NA,NA,NA,NA,NA,"A little more",0,0,"A little of the time","Very easy","0",NA,"65+",1,"   489.7",22816,20
278,4791.209,2021,23,"Female","European/Other","Secondary school","Employed","Not partnered","Not a parent",0,"Owned without mortgage",123477,2,"NZ with NZ parents","Non-disabled",8,8,8,"Very Good","None or almost none","Neither agree nor disagree","Very easy to be myself",7,8,5,6,"No",18,"No","No",NA,NA,NA,NA,NA,"No crime here",0,0,"A little of the time","Easy","0",NA,"15-24",3,"   356.8",16192,30
279,188.4692,2021,52,"Male","Pacific","Less than secondary school","Not in labour force","Not partnered","Not a parent",0,"Owned with mortgage",95770,5,"NZ with NZ parents","Non-disabled",10,10,10,"Excellent","None or almost none","Neither agree nor disagree","Very easy to be myself",7,7,5,9,"Yes",20,"No","No",NA,NA,NA,NA,NA,"About the same",0,0,"None of the time","Very easy","0",NA,"45-54",2,"   351.2",15824,32
280,1174.67,2021,40,"Female","Māori","Less than secondary school","Employed","Not partnered","Not a parent",0,"Owned with mortgage",140968,3,"NZ with overseas parent(s)","Non-disabled",6,7,6,"Very Good","None or almost none","Disagree","Sometimes easy, sometimes hard",7,10,0,0,"Yes",20,"Yes, often","No",NA,NA,NA,NA,NA,"No crime here",0,0,"Some of the time","Very easy","0",NA,"35-44",3,"   375.7",17664,14
281,2223.489,2021,16,"Male","Asian","Less than secondary school","Employed","Not partnered","Not a parent",0,"Rented",245435,4,"NZ with NZ parents","Disabled",10,4,6,"Fair","None or almost none","Strongly agree","Sometimes easy, sometimes hard",2,5,0,5,"Yes",11,"Yes, sometimes","No",NA,NA,NA,NA,NA,"About the same",1,1,"All of the time","Very hard","0",NA,"15-24",3,"   415.6",19136,16
282,2727.116,2021,18,"Female","Māori","Less than secondary school","Employed","Not partnered","Not a parent",0,"Owned without mortgage",139016,3,"NZ with overseas parent(s)","Non-disabled",5,7,8,"Good","None or almost none","Neither agree nor disagree","Easy to be myself",7,7,6,7,"Not eligible",9,"Yes, sometimes","Yes, sometimes",NA,NA,NA,NA,NA,"About the same",0,0,"Some of the time","Easy","0",NA,"15-24",3,"   540.2",24656,27
283,658.5771,2021,51,"Female","Māori","Less than secondary school","Employed","Not partnered","Not a parent",0,"Owned without mortgage",95812,6,"NZ with NZ parents","Non-disabled",5,9,9,"Very Good","None or almost none","Neither agree nor disagree","Very easy to be myself",2,7,2,2,"Yes",12,"Yes, sometimes","No",NA,NA,NA,NA,NA,"A little more",0,0,"A little of the time","Sometimes easy, sometimes hard","0",NA,"45-54",2,"   712.4",32384,35
284,2789.085,2021,43,"Male","Māori","Degree","Employed","Partnered","Parent",1,"Rented",98512,6,"Recent migrant","Non-disabled",6,8,8,"Very Good","None or almost none","Neither agree nor disagree","Very easy to be myself",9,9,7,8,"No",11,"Yes, always","Yes, sometimes",NA,NA,NA,NA,NA,"No crime here",0,0,"A little of the time","Very easy","1",NA,"35-44",2,"   202.3",9200,48
285,401.5101,2021,27,"Male","Pacific","Post-secondary NCEA/diploma","Not in labour force","Partnered","Parent",3,"Owned without mortgage",174332,5,"NZ with NZ parents","Non-disabled",10,9,10,"Very Good","Fluent","Strongly agree","Very easy to be myself",5,2,0,1,"Yes",5,"Yes, often","No",NA,NA,NA,NA,NA,"About the same",0,0,"None of the time","Very easy","3",NA,"25-34",3,"   303.3",13984,30
286,5105.398,2021,49,"Female","European/Other","Less than secondary school","Employed","Partnered","Not a parent",0,"Owned without mortgage",191098,10,"NZ with overseas parent(s)","Non-disabled",5,7,8,"Excellent","None or almost none","Neither agree nor disagree","Sometimes easy, sometimes hard",4,0,0,0,"Yes",19,"Yes, often","No",NA,NA,NA,NA,NA,"A little more",0,0,"None of the time","Very easy","0",NA,"45-54",3,"   604.6",27968,32
287,1143.948,2021,47,"Male","Pacific","Degree","Employed","Partnered","Not a parent",0,"Rented",110688,5,"Long-term migrant","Non-disabled",10,8,7,"Very Good","None or almost none","Strongly agree","Easy to be myself",7,8,8,7,"Yes",20,"No","No",NA,NA,NA,NA,NA,"About the same",0,0,"None of the time","Easy","0",NA,"45-54",3,"  1294.3",59248,47
288,628.8054,2021,23,"Male","Pacific","Secondary school","Employed","Not partnered","Not a parent",0,"Rented",92184,6,"Recent migrant","Non-disabled",10,8,8,"Very Good","None or almost none","Agree","Sometimes easy, sometimes hard",4,4,5,4,"Yes",6,"No","No",NA,NA,NA,NA,NA,"A little more",0,1,"Most of the time","Hard","0",NA,"15-24",2,"   495.8",23184,32
289,64.07517,2021,27,"Female","Pacific","Degree","Unemployed","Partnered","Parent",1,"Owned with mortgage",130063,6,"Long-term migrant","Non-disabled",5,10,8,"Very Good","None or almost none","Neither agree nor disagree","Very easy to be myself",9,10,7,7,"Yes",15,"Yes, sometimes","No",NA,NA,NA,NA,NA,"No crime here",0,0,"None of the time","Very easy","1",NA,"25-34",3,"   651.9",29808,43
290,169.5246,2021,55,"Male","Pacific","Post-secondary NCEA/diploma","Employed","Partnered","Not a parent",0,"Owned without mortgage",269270,10,"NZ with NZ parents","Non-disabled",7,5,10,"Very Good","None or almost none","Strongly disagree","Very easy to be myself",9,10,5,7,"No",18,"No","No",NA,NA,NA,NA,NA,"About the same",0,1,"None of the time","Very easy","0",NA,"55-64",3,"   653.1",30176,41
291,6395.722,2021,74,"Male","European/Other","Less than secondary school","Employed","Partnered","Not a parent",0,"Owned without mortgage",97932,7,"NZ with NZ parents","Non-disabled",2,10,8,"Very Good","None or almost none","Strongly agree","Very easy to be myself",9,10,7,9,"Yes",9,"Yes, sometimes","No",NA,NA,NA,NA,NA,"No crime here",0,0,"None of the time","Very easy","0",NA,"65+",2,"   219.6",10304,21
292,6395.722,2021,87,"Female","European/Other","Less than secondary school","Employed","Not partnered","Not a parent",0,"Rented",30497,9,"NZ with NZ parents","Non-disabled",9,10,8,"Fair","None or almost none","Disagree","Very easy to be myself",5,8,7,7,"Yes",15,"No","No",NA,NA,NA,NA,NA,"A lot more",1,1,"None of the time","Very easy","0",NA,"65+",1,"   227.8",10304,18
293,3486.385,2021,52,"Female","European/Other","Degree","Not in labour force","Partnered","Not a parent",0,"Owned without mortgage",214000,4,"NZ with NZ parents","Non-disabled",6,9,8,"Excellent","None or almost none","Neither agree nor disagree","Easy to be myself",8,9,5,7,"Yes",15,"Yes, always","No",NA,NA,NA,NA,NA,"About the same",1,0,"None of the time","Very easy","0",NA,"45-54",3,"   191.2",8464,18
294,6811.227,2021,36,"Female","European/Other","Less than secondary school","Not in labour force","Not partnered","Parent",1,"Rented",40344,9,"NZ with NZ parents","Non-disabled",10,10,10,"Excellent","Conversational","Strongly agree","Very easy to be myself",10,10,9,2,"Yes",10,"Yes, always","Yes, always",NA,NA,NA,NA,NA,"No crime here",0,0,"None of the time","Very easy","1",NA,"35-44",1,"   271.7",12144,24
295,21188.43,2021,41,"Female","European/Other","Degree","Employed","Partnered","Parent",3,"Owned without mortgage",36956,9,"Long-term migrant","Non-disabled",8,8,7,"Excellent","Conversational","Strongly agree","Easy to be myself",6,2,5,6,"Yes",13,"No","Yes, sometimes",NA,NA,NA,NA,NA,"A little less",0,0,"All of the time","Very easy","3",NA,"35-44",1,"   584.8",26864,26
296,4337.282,2021,27,"Female","European/Other","Degree","Employed","Partnered","Parent",1,"Owned without mortgage",77912,7,"NZ with NZ parents","Non-disabled",5,8,9,"Excellent","None or almost none","Agree","Very easy to be myself",8,10,2,6,"Yes",17,"No","Yes, sometimes",NA,NA,NA,NA,NA,"Moved here recently",0,0,"A little of the time","Easy","1",NA,"25-34",2,"   439.8",20240,9
297,10741.53,2021,71,"Male","European/Other","Less than secondary school","Employed","Partnered","Not a parent",0,"Owned without mortgage",34764,10,"NZ with NZ parents","Non-disabled",9,8,9,"Good","None or almost none","Agree","Very easy to be myself",8,9,7,6,"Yes",16,"Yes, sometimes","Yes, sometimes",NA,NA,NA,NA,NA,"A lot less",0,0,"A little of the time","Easy","0",NA,"65+",1,"   642.1",29808,41
298,2642.737,2021,59,"Male","European/Other","Post-secondary NCEA/diploma","Not in labour force","Partnered","Not a parent",0,"Rented",93785,6,"NZ with NZ parents","Non-disabled",10,10,10,"Very Good","Fluent","Neither agree nor disagree","Very easy to be myself",7,7,5,6,"Yes",17,"No","No",NA,NA,NA,NA,NA,"No crime here",0,0,"None of the time","Easy","0",NA,"55-64",2,"   292.5",13616,23
299,4584.607,2021,66,"Female","Pacific","Secondary school","Employed","Partnered","Not a parent",0,"Rented",19803,7,"Medium-term migrant","Non-disabled",3,4,5,"Poor","None or almost none","Agree","Sometimes easy, sometimes hard",5,10,5,5,"Yes",13,"Yes, always","No",NA,NA,NA,NA,NA,"A little more",1,0,"A little of the time",NA,"0",NA,"65+",1,"   694.9",31648,24
300,4515.14,2021,60,"Female","European/Other","Secondary school","Employed","Partnered","Parent",1,"Owned without mortgage",26851,9,"NZ with NZ parents","Non-disabled",5,7,7,"Very Good","None or almost none","Disagree","Hard to be myself",2,1,1,0,"Yes",18,"No","No",NA,NA,NA,NA,NA,"A little more",1,1,"None of the time","Very easy","1",NA,"55-64",1,"   291.4",13616,7
301,3016.323,2021,19,"Female","European/Other","Secondary school","Not in labour force","Not partnered","Not a parent",0,"Owned without mortgage",109706,6,"NZ with unknown origin parents","Disabled",7,7,10,"Fair","None or almost none","Strongly agree","Easy to be myself",6,10,6,8,"Yes",7,"No","Yes, sometimes",NA,NA,NA,NA,NA,"A lot more",1,1,"A little of the time","Easy","0",NA,"15-24",3,"   502.8",22816,60
302,1830.913,2021,49,"Male","Māori","Degree","Employed","Partnered","Not a parent",0,"Owned without mortgage",87495,6,"Long-term migrant","Non-disabled",7,8,8,"Fair","None or almost none","Neither agree nor disagree","Easy to be myself",9,10,6,8,"Yes",9,"Yes, often","No",NA,NA,NA,NA,NA,"Moved here recently",0,0,"None of the time","Easy","0",NA,"45-54",2,"   449.7",20976,38
303,453.1571,2021,64,"Male","Māori","Degree","Not in labour force","Not partnered","Not a parent",0,"Owned with mortgage",187368,2,"NZ with NZ parents","Non-disabled",9,7,9,"Very Good","Conversational","Agree","Very easy to be myself",6,9,4,6,"No",20,"No","No",NA,NA,NA,NA,NA,"About the same",0,0,"A little of the time","Very easy","0",NA,"55-64",3,"   960.4",43792,42
304,1643.75,2021,26,"Female","European/Other","Degree","Not in labour force","Not partnered","Not a parent",0,"Owned with mortgage",21999,4,"NZ with overseas parent(s)","Non-disabled",5,3,7,"Fair","Conversational","Agree","Very easy to be myself",8,4,5,7,"Yes",4,"Yes, sometimes","No",NA,NA,NA,NA,NA,"About the same",1,1,"All of the time","Hard","0",NA,"25-34",1,"   466.3",21344,32
305,14959.62,2021,45,"Male","European/Other","Degree","Employed","Partnered","Parent",2,"Owned without mortgage",161731,6,"Long-term migrant","Non-disabled",7,8,9,"Good","Conversational","Agree","Easy to be myself",8,10,7,7,"Yes",13,"Yes, sometimes","Yes, sometimes",NA,NA,NA,NA,NA,"A little more",0,0,"A little of the time","Sometimes easy, sometimes hard","2",NA,"45-54",3,"  2944.8",135424,40
306,22329.53,2021,79,"Male","European/Other","Secondary school","Employed","Not partnered","Not a parent",0,"Owned with mortgage",91939,1,"Long-term migrant","Disabled",6,8,8,"Good","None or almost none","Disagree","Easy to be myself",9,10,7,4,"Yes",19,"Yes, sometimes","No",NA,NA,NA,NA,NA,"A lot more",0,0,"A little of the time","Sometimes easy, sometimes hard","0",NA,"65+",2,"   694.5",31648,23
307,3313.257,2021,84,"Female","European/Other","Degree","Not in labour force","Not partnered","Not a parent",0,"Rented",49217,9,"NZ with NZ parents","Non-disabled",4,7,7,"Good","None or almost none","Neither agree nor disagree","Very easy to be myself",6,8,4,5,"Yes",11,"Yes, sometimes","Yes, sometimes",NA,NA,NA,NA,NA,"No crime here",0,0,"A little of the time","Hard","0",NA,"65+",1,"    69.5",2944,5
308,4291.718,2021,53,"Male","European/Other","Secondary school","Employed","Partnered","Not a parent",0,"Owned with mortgage",151733,3,"Long-term migrant","Disabled",10,7,7,"Fair","None or almost none","Neither agree nor disagree","Sometimes easy, sometimes hard",7,7,4,6,"Yes",16,"Yes, sometimes","No",NA,NA,NA,NA,NA,"A lot more",1,1,"None of the time","Hard","0",NA,"45-54",3,"   884.3",40480,30
309,229.9098,2021,51,"Male","Asian","Less than secondary school","Not in labour force","Not partnered","Not a parent",0,"Rented",51020,8,"NZ with NZ parents","Non-disabled",5,7,7,"Excellent","None or almost none","Strongly disagree","Very easy to be myself",8,10,7,7,"Yes",14,"No","No",NA,NA,NA,NA,NA,"A lot more",0,0,"None of the time","Very easy","0",NA,"45-54",2,"   422.3",19136,42
310,4018.703,2021,72,"Male","European/Other","Less than secondary school","Employed","Partnered","Not a parent",0,"Owned with mortgage",120186,9,"Long-term migrant","Non-disabled",7,10,10,"Fair","Basic","Strongly agree","Sometimes easy, sometimes hard",5,8,6,8,"Yes",15,"Yes, sometimes","Yes, sometimes",NA,NA,NA,NA,NA,"No crime here",0,0,"Some of the time","Hard","0",NA,"65+",3,"   338.1",15824,30
311,1388.509,2021,46,"Female","Māori","Secondary school","Employed","Not partnered","Not a parent",0,"Rented",165432,4,"NZ with NZ parents","Non-disabled",7,7,8,"Fair","None or almost none","Strongly agree","Easy to be myself",7,4,3,3,"Yes",8,"Yes, sometimes","No",NA,NA,NA,NA,NA,"No crime here",0,0,"A little of the time","Very hard","0",NA,"45-54",3,"   599.2",27600,16
312,7128.186,2021,47,"Female","European/Other","Degree","Employed","Partnered","Parent",1,"Rented",110284,7,"Medium-term migrant","Non-disabled",2,4,7,"Good","None or almost none","Neither agree nor disagree","Easy to be myself",7,10,6,2,"No",10,"Yes, always","No",NA,NA,NA,NA,NA,"A little more",0,0,"None of the time","Sometimes easy, sometimes hard","1",NA,"45-54",3,"   894.5",41584,40
313,1575.467,2021,24,"Male","Māori","Secondary school","Not in labour force","Partnered","Parent",2,"Rented",56090,10,"NZ with NZ parents","Non-disabled",8,6,8,"Good","Basic","Agree","Very easy to be myself",5,5,8,5,"No",16,"No","No",NA,NA,NA,NA,NA,"A little more",0,0,"All of the time","Easy","2",NA,"15-24",2,"   390.7",18032,35
314,3161.958,2021,57,"Male","European/Other","Post-secondary NCEA/diploma","Not in labour force","Partnered","Not a parent",0,"Rented",121918,3,"Long-term migrant","Non-disabled",7,7,7,"Good","None or almost none","Agree","Very easy to be myself",10,10,10,10,"No",13,"Yes, often","Yes, sometimes",NA,NA,NA,NA,NA,"No crime here",0,0,"None of the time","Easy","0",NA,"55-64",3,"  1056.5",48944,36
315,1984.795,2021,58,"Female","European/Other","Secondary school","Not in labour force","Partnered","Not a parent",0,"Owned with mortgage",158990,3,"Long-term migrant","Non-disabled",7,8,9,"Good","None or almost none","Strongly agree","Easy to be myself",7,7,6,8,"Yes",20,"No","Yes, sometimes",NA,NA,NA,NA,NA,"About the same",0,0,"None of the time","Sometimes easy, sometimes hard","0",NA,"55-64",3,"   472.6",21344,23
316,3472.816,2021,39,"Female","European/Other","Less than secondary school","Not in labour force","Partnered","Parent",2,"Owned without mortgage",194389,4,"NZ with NZ parents","Non-disabled",5,8,8,"Very Good","None or almost none","Neither agree nor disagree","Sometimes easy, sometimes hard",7,7,3,3,"Yes",17,"No","Yes, sometimes",NA,NA,NA,NA,NA,"About the same",0,0,"None of the time","Sometimes easy, sometimes hard","2",NA,"35-44",3,"   551.3",25024,12
317,3472.816,2021,38,"Female","European/Other","Degree","Not in labour force","Partnered","Parent",2,"Owned without mortgage",104276,3,"Long-term migrant","Non-disabled",5,7,7,"Very Good","None or almost none","Neither agree nor disagree","Sometimes easy, sometimes hard",8,9,2,4,"Yes",19,"Yes, sometimes","Yes, sometimes",NA,NA,NA,NA,NA,"About the same",0,0,"None of the time","Easy","2",NA,"35-44",3,"  1200.4",54832,51
318,1984.795,2021,39,"Female","European/Other","Degree","Not in labour force","Partnered","Parent",1,"Owned without mortgage",120990,7,"Medium-term migrant","Non-disabled",8,10,10,"Good","None or almost none","Strongly agree","Easy to be myself",7,10,10,10,"Yes",20,"No","No",NA,NA,NA,NA,NA,"No crime here",0,0,"None of the time","Very easy","1",NA,"35-44",3,"   719.2",33488,32
319,7169.142,2021,68,"Female","European/Other","Less than secondary school","Employed","Partnered","Not a parent",0,"Owned with mortgage",91143,8,"Long-term migrant","Non-disabled",7,7,7,"Fair","None or almost none","Agree","Easy to be myself",7,8,6,7,"Yes",18,"No","Yes, sometimes",NA,NA,NA,NA,NA,"About the same",0,0,"None of the time","Easy","0",NA,"65+",2,"   203.6",9568,4
320,6260.246,2021,67,"Female","European/Other","Post-secondary NCEA/diploma","Employed","Partnered","Not a parent",0,"Owned with mortgage",40315,3,"NZ with NZ parents","Non-disabled",4,9,9,"Good","None or almost none","Strongly agree","Easy to be myself",7,9,4,5,"Yes",16,"No","No",NA,NA,NA,NA,NA,"A little more",0,0,"None of the time","Very easy","0",NA,"65+",1,"   161.6",7728,14
321,2646.371,2021,66,"Male","European/Other","Less than secondary school","Not in labour force","Not partnered","Not a parent",0,"Rented",36719,7,"Long-term migrant","Disabled",8,7,4,"Poor","None or almost none","Strongly disagree","Easy to be myself",3,9,4,2,"No",15,"Yes, sometimes","Yes, sometimes",NA,NA,NA,NA,NA,"About the same",0,0,"None of the time","Very easy","0",NA,"65+",1,"   336.5",15456,30
322,1771.83,2021,52,"Female","European/Other","Secondary school","Not in labour force","Not partnered","Not a parent",0,"Owned without mortgage",117150,6,"NZ with NZ parents","Non-disabled",6,6,9,"Excellent","Basic","Neither agree nor disagree","Very easy to be myself",8,6,0,0,"Yes",12,"No","Yes, sometimes",NA,NA,NA,NA,NA,"No crime here",0,0,"Most of the time","Easy","0",NA,"45-54",3,"   304.3",13616,20
323,1811.306,2021,52,"Female","Māori","Less than secondary school","Not in labour force","Partnered","Not a parent",0,"Owned without mortgage",71137,10,"NZ with NZ parents","Non-disabled",6,7,7,"Poor","None or almost none","Agree","Easy to be myself",3,8,2,3,"Yes",10,"Yes, often","No",NA,NA,NA,NA,NA,"About the same",1,0,"None of the time","Easy","0",NA,"45-54",2,"   256.3",11776,23
324,3231.358,2021,30,"Male","European/Other","Degree","Not in labour force","Partnered","Not a parent",0,"Owned with mortgage",192656,4,"NZ with overseas parent(s)","Non-disabled",8,10,8,"Excellent","None or almost none","Strongly agree","Very easy to be myself",8,9,7,9,"Yes",19,"No","No",NA,NA,NA,NA,NA,"A little more",0,1,"A little of the time","Hard","0",NA,"25-34",3,"  1098.1",50784,36
325,541.3923,2021,62,"Female","Māori","Less than secondary school","Not in labour force","Partnered","Not a parent",0,"Owned without mortgage",60327,9,"NZ with NZ parents","Disabled",2,7,7,"Fair","Basic","Agree","Easy to be myself",9,6,6,6,"Yes",6,"No","No",NA,NA,NA,NA,NA,"A little less",0,0,"Some of the time","Easy","0",NA,"55-64",2,"   145.4",6992,16
326,5065.368,2021,40,"Female","European/Other","Secondary school","Employed","Not partnered","Not a parent",0,"Rented",40055,7,"Long-term migrant","Non-disabled",5,8,8,"Poor","Basic","Neither agree nor disagree","Easy to be myself",4,8,3,7,"Yes",15,"Yes, always","Yes, always",NA,NA,NA,NA,NA,"About the same",0,1,"None of the time","Very easy","0",NA,"35-44",1,"   411.5",18768,26
327,1245.394,2021,31,"Male","Māori","Secondary school","Employed","Partnered","Parent",3,"Rented",129118,1,"NZ with overseas parent(s)","Non-disabled",7,10,8,"Good","Conversational","Neither agree nor disagree","Very easy to be myself",7,9,4,5,"Yes",14,"Yes, always","Yes, sometimes",NA,NA,NA,NA,NA,"A little more",0,0,"A little of the time","Very easy","3",NA,"25-34",3,"   388.2",18032,35
328,1691.39,2021,36,"Male","European/Other","Degree","Not in labour force","Partnered","Parent",2,"Owned without mortgage",282529,5,"NZ with overseas parent(s)","Non-disabled",6,8,8,"Good","None or almost none","Neither agree nor disagree","Sometimes easy, sometimes hard",7,8,6,5,"Yes",9,"Yes, sometimes","Yes, sometimes",NA,NA,NA,NA,NA,"About the same",0,1,"None of the time","Very easy","2",NA,"35-44",3,"  1064.1",48944,32
329,1254.328,2021,27,"Male","European/Other","Post-secondary NCEA/diploma","Not in labour force","Partnered","Parent",1,"Owned without mortgage",100242,6,"NZ with overseas parent(s)","Non-disabled",8,8,9,"Very Good","Basic","Disagree","Sometimes easy, sometimes hard",7,8,0,3,"Yes",18,"Yes, sometimes","Yes, sometimes",NA,NA,NA,NA,NA,"About the same",0,1,"A little of the time","Easy","1",NA,"25-34",3,"   504.4",23552,33
330,2003.771,2021,35,"Female","European/Other","Secondary school","Not in labour force","Partnered","Parent",1,"Owned without mortgage",248713,1,"NZ with NZ parents","Non-disabled",4,5,5,"Good","None or almost none","Agree","Easy to be myself",6,9,2,1,"Yes",9,"Yes, often","Yes, always",NA,NA,NA,NA,NA,"Moved here recently",0,1,"A little of the time","Sometimes easy, sometimes hard","1",NA,"35-44",3,"   296.5",13248,19
331,17774.22,2021,93,"Female","European/Other","Post-secondary NCEA/diploma","Employed","Not partnered","Not a parent",0,"Owned without mortgage",107815,1,"Long-term migrant","Non-disabled",9,7,6,"Fair","None or almost none","Neither agree nor disagree","Very easy to be myself",8,9,8,8,"No",20,"No","No",NA,NA,NA,NA,NA,"About the same",0,0,"A little of the time","Sometimes easy, sometimes hard","0",NA,"65+",3,"   231.0",10304,17
332,2744.614,2021,18,"Female","European/Other","Less than secondary school","Not in labour force","Not partnered","Not a parent",0,"Rented",113237,3,"NZ with NZ parents","Non-disabled",7,6,10,"Fair","Basic","Strongly agree","Very easy to be myself",10,5,5,7,"Yes",8,"No","No",NA,NA,NA,NA,NA,"Moved here recently",0,0,"Some of the time","Easy","0",NA,"15-24",3,"   352.0",16560,6
333,7018.991,2021,35,"Female","European/Other","Degree","Employed","Partnered","Parent",2,"Owned without mortgage",157737,2,"NZ with NZ parents","Non-disabled",8,8,8,"Good","Basic","Strongly agree","Easy to be myself",8,10,2,6,"Yes",16,"No","No",NA,NA,NA,NA,NA,"About the same",1,0,"None of the time","Easy","2",NA,"35-44",3,"   232.5",10304,8
334,7549.233,2021,59,"Gender diverse","European/Other","Secondary school","Employed","Partnered","Not a parent",0,"Owned without mortgage",113990,3,"NZ with unknown origin parents","Non-disabled",9,5,5,"Good","None or almost none","Neither agree nor disagree","Sometimes easy, sometimes hard",5,5,5,5,"Yes",20,"No","No",NA,NA,NA,NA,NA,"About the same",0,0,"None of the time","Easy","0",NA,"55-64",3,"   150.6",7360,16
335,18750.98,2021,34,"Male","European/Other","Degree","Employed","Partnered","Not a parent",0,"Owned with mortgage",303467,7,"NZ with overseas parent(s)","Non-disabled",9,8,8,"Very Good","None or almost none","Strongly agree","Very easy to be myself",8,7,7,6,"Yes",18,"Yes, often","Yes, sometimes",NA,NA,NA,NA,NA,"Moved here recently",0,0,"Some of the time","Very easy","0",NA,"25-34",3,"   718.2",32752,40
336,1929.151,2021,79,"Female","European/Other","Secondary school","Not in labour force","Not partnered","Not a parent",0,"Owned without mortgage",98969,7,"NZ with NZ parents","Non-disabled",7,9,9,"Fair","None or almost none","Neither agree nor disagree","Very easy to be myself",8,10,1,3,"Yes",18,"No","No",NA,NA,NA,NA,NA,"A little less",0,0,"None of the time","Easy","0",NA,"65+",2,"   702.8",32384,29
337,12615.14,2021,55,"Female","European/Other","Less than secondary school","Employed","Not partnered","Not a parent",0,"Owned with mortgage",154389,2,"NZ with NZ parents","Non-disabled",10,8,9,"Excellent","None or almost none","Agree","Very easy to be myself",8,8,7,8,"Yes",20,"Yes, sometimes","No",NA,NA,NA,NA,NA,"A little more",0,0,"A little of the time","Easy","0",NA,"55-64",3,"   147.1",6992,24
338,4309.66,2021,48,"Male","Asian","Degree","Employed","Not partnered","Not a parent",0,"Owned without mortgage",83695,7,"Long-term migrant","Non-disabled",4,7,6,"Good","None or almost none","Neither agree nor disagree","Easy to be myself",8,8,6,8,"Yes",6,"Yes, sometimes","Yes, sometimes",NA,NA,NA,NA,NA,"Moved here recently",0,0,"A little of the time","Very hard","0",NA,"45-54",2,"   191.7",8464,6
339,4309.66,2021,35,"Male","Asian","Post-secondary NCEA/diploma","Employed","Partnered","Parent",3,"Owned with mortgage",52264,4,"NZ with NZ parents","Non-disabled",5,7,10,"Good","Fluent","Strongly agree","Very easy to be myself",5,4,2,2,"Yes",12,"Yes, often","No",NA,NA,NA,NA,NA,"A lot more",0,0,"Some of the time","Easy","3",NA,"35-44",2,"   847.0",39008,48
340,3375.455,2021,25,"Male","European/Other","Post-secondary NCEA/diploma","Not in labour force","Not partnered","Parent",1,"Owned without mortgage",26528,6,"NZ with overseas parent(s)","Non-disabled",7,7,9,"Good","Basic","Strongly agree","Very easy to be myself",4,7,2,6,"Yes",5,"Yes, sometimes","Yes, sometimes",NA,NA,NA,NA,NA,"About the same",0,1,"None of the time","Very easy","1",NA,"25-34",1,"   681.6",31280,40
341,1834.119,2021,69,"Female","European/Other","Less than secondary school","Not in labour force","Partnered","Not a parent",0,"Owned with mortgage",159301,6,"NZ with NZ parents","Non-disabled",5,10,10,"Very Good","None or almost none","Strongly disagree","Hard to be myself",5,10,8,0,"Yes",20,"No","No",NA,NA,NA,NA,NA,"No crime here",0,0,"None of the time","Very easy","0",NA,"65+",3,"   403.4",18768,10
342,12614.44,2021,45,"Male","European/Other","Secondary school","Employed","Partnered","Not a parent",0,"Owned with mortgage",118476,7,"Long-term migrant","Non-disabled",7,7,9,"Excellent","None or almost none","Neither agree nor disagree","Very easy to be myself",7,8,7,6,"Yes",20,"No","No",NA,NA,NA,NA,NA,"About the same",0,0,"None of the time","Easy","0",NA,"45-54",3,"   352.7",16560,18
343,9192.162,2021,41,"Female","European/Other","Secondary school","Employed","Partnered","Parent",3,"Owned with mortgage",184392,1,"Long-term migrant","Non-disabled",10,9,9,"Very Good","None or almost none","Agree","Easy to be myself",9,9,7,8,"Yes",15,"Yes, sometimes","No",NA,NA,NA,NA,NA,"About the same",0,0,"None of the time","Easy","3",NA,"35-44",3,"   645.6",29808,36
344,2153.439,2021,76,"Female","Asian","Secondary school","Employed","Partnered","Not a parent",0,"Owned with mortgage",11307,5,"NZ with NZ parents","Disabled",5,6,7,"Fair","None or almost none","Disagree","Very easy to be myself",8,8,3,5,"Yes",15,"No","No",NA,NA,NA,NA,NA,"About the same",0,0,"None of the time","Easy","0",NA,"65+",1,"   221.1",9936,15
345,10067.4,2021,53,"Female","European/Other","Degree","Employed","Not partnered","Not a parent",0,"Owned without mortgage",110829,8,"Long-term migrant","Non-disabled",7,8,6,"Fair","None or almost none","Strongly agree","Sometimes easy, sometimes hard",8,9,7,9,"Yes",6,"Yes, often","Yes, sometimes",NA,NA,NA,NA,NA,"A little more",0,1,"Some of the time","Sometimes easy, sometimes hard","0",NA,"45-54",3,"   777.7",35696,40
346,2739.622,2021,19,"Female","European/Other","Less than secondary school","Employed","Not partnered","Not a parent",0,"Rented",141550,6,"NZ with NZ parents","Non-disabled",5,8,8,"Very Good","Conversational","Strongly agree","Sometimes easy, sometimes hard",5,5,0,5,"Yes",10,"Yes, often","Yes, sometimes",NA,NA,NA,NA,NA,"About the same",0,1,"None of the time","Easy","0",NA,"15-24",3,"   182.9",8096,19
347,3912.507,2021,62,"Male","European/Other","Secondary school","Employed","Partnered","Not a parent",0,"Owned without mortgage",93223,1,"Long-term migrant","Non-disabled",8,8,10,"Very Good","None or almost none","Strongly agree","Very easy to be myself",7,10,7,10,"Yes",20,"No","No",NA,NA,NA,NA,NA,"A lot more",0,0,"None of the time","Very easy","0",NA,"55-64",2,"   769.6",35328,24
348,1200.858,2021,31,"Female","Asian","Less than secondary school","Employed","Partnered","Parent",2,"Rented",42448,10,"NZ with NZ parents","Non-disabled",0,5,10,"Poor","Conversational","Agree","Easy to be myself",3,5,3,2,"No",6,"Yes, sometimes","No",NA,NA,NA,NA,NA,"Moved here recently",0,1,"None of the time","Easy","2",NA,"25-34",1,"   103.8",4784,21
349,8408.362,2021,73,"Male","European/Other","Less than secondary school","Employed","Not partnered","Not a parent",0,"Owned with mortgage",37026,9,"NZ with unknown origin parents","Non-disabled",5,4,6,"Fair","None or almost none","Neither agree nor disagree","Sometimes easy, sometimes hard",5,5,3,2,"Yes",17,"No","No",NA,NA,NA,NA,NA,"A lot more",0,1,"A little of the time","Sometimes easy, sometimes hard","0",NA,"65+",1,"   432.1",19872,36
350,6541.523,2021,45,"Female","European/Other","Degree","Employed","Partnered","Parent",2,"Rented",77764,7,"Long-term migrant","Non-disabled",7,7,8,"Good","None or almost none","Agree","Sometimes easy, sometimes hard",7,9,8,8,"Yes",17,"No","No",NA,NA,NA,NA,NA,"No crime here",0,0,"A little of the time","Easy","2",NA,"45-54",2,"  1143.2",52256,36
351,162.2783,2021,50,"Female","Asian","Less than secondary school","Not in labour force","Not partnered","Not a parent",0,"Rented",23854,8,"NZ with NZ parents","Non-disabled",9,5,8,"Fair","None or almost none","Strongly disagree","Very hard to be myself",4,0,0,2,"Yes",1,"Yes, sometimes","No",NA,NA,NA,NA,NA,"About the same",0,1,"A little of the time","Sometimes easy, sometimes hard","0",NA,"45-54",1,"   174.7",8096,23
352,361.2,2021,43,"Female","Asian","Post-secondary NCEA/diploma","Not in labour force","Partnered","Parent",2,"Rented",119127,1,"NZ with NZ parents","Non-disabled",4,8,8,"Good","Basic","Agree","Very easy to be myself",7,10,2,2,"Yes",20,"Yes, sometimes","Yes, always",NA,NA,NA,NA,NA,"A little more",0,1,"None of the time","Sometimes easy, sometimes hard","2",NA,"35-44",3,"   701.8",32384,42
353,3608.313,2021,66,"Male","European/Other","Less than secondary school","Employed","Not partnered","Not a parent",0,"Rented",43075,7,"NZ with unknown origin parents","Non-disabled",7,5,7,"Excellent","None or almost none","Agree","Very easy to be myself",8,10,0,6,"Yes",18,"No","No",NA,NA,NA,NA,NA,"About the same",0,0,"None of the time","Very easy","0",NA,"65+",1,"   695.8",32384,41
354,2547.554,2021,41,"Female","European/Other","Secondary school","Employed","Partnered","Parent",1,"Rented",138379,2,"Recent migrant","Non-disabled",10,8,8,"Very Good","None or almost none","Agree","Very easy to be myself",8,8,4,6,"Yes",14,"Yes, sometimes","Yes, sometimes",NA,NA,NA,NA,NA,"Moved here recently",0,0,"None of the time","Sometimes easy, sometimes hard","1",NA,"35-44",3,"   456.7",20608,24
355,1610.373,2021,28,"Female","European/Other","Degree","Employed","Not partnered","Not a parent",0,"Owned without mortgage",68048,5,"NZ with NZ parents","Non-disabled",7,4,8,"Excellent","None or almost none","Agree","Easy to be myself",8,6,8,5,"Yes",12,"Not applicable","No",NA,NA,NA,NA,NA,"Moved here recently",0,0,"A little of the time","Very easy","0",NA,"25-34",2,"   315.3",14352,22
356,6459.348,2021,41,"Female","European/Other","Degree","Employed","Not partnered","Not a parent",0,"Rented",161903,4,"NZ with overseas parent(s)","Non-disabled",3,5,5,"Good","None or almost none","Strongly agree","Very easy to be myself",6,5,7,7,"Yes",17,"Not applicable","No",NA,NA,NA,NA,NA,"Moved here recently",0,0,"Some of the time","Easy","0",NA,"35-44",3,"  1031.5",47472,30
357,2351.168,2021,25,"Male","European/Other","Degree","Employed","Not partnered","Not a parent",0,"Rented",81838,7,"Recent migrant","Non-disabled",7,8,8,"Excellent","None or almost none","Agree","Easy to be myself",9,10,8,9,"No",20,"No","No",NA,NA,NA,NA,NA,"About the same",0,0,"A little of the time","Easy","0",NA,"25-34",2,"   320.3",15088,32
358,7336.272,2021,25,"Male","European/Other","Degree","Employed","Partnered","Parent",2,"Owned without mortgage",159267,9,"NZ with overseas parent(s)","Non-disabled",10,9,10,"Very Good","None or almost none","Agree","Sometimes easy, sometimes hard",7,7,5,6,"Yes",19,"No","Yes, sometimes",NA,NA,NA,NA,NA,"A little more",0,1,"A little of the time","Very easy","2",NA,"25-34",3,"   607.6",27600,36
359,2221.015,2021,27,"Male","European/Other","Degree","Employed","Partnered","Parent",3,"Owned without mortgage",109263,6,"NZ with NZ parents","Non-disabled",8,8,9,"Very Good","Conversational","Strongly agree","Very easy to be myself",8,6,4,5,"Yes",10,"Yes, sometimes","No",NA,NA,NA,NA,NA,"About the same",0,0,"None of the time","Very easy","3",NA,"25-34",3,"   801.5",36800,31
360,2927.177,2021,42,"Male","European/Other","Less than secondary school","Employed","Not partnered","Parent",1,"Rented",161200,8,"NZ with overseas parent(s)","Non-disabled",5,7,8,"Good","None or almost none","Strongly agree","Easy to be myself",5,5,3,3,"Yes",15,"No","Yes, sometimes",NA,NA,NA,NA,NA,"About the same",0,0,"A little of the time","Hard","1",NA,"35-44",3,"   341.7",15824,32
361,518.252,2021,44,"Male","Asian","Less than secondary school","Employed","Partnered","Parent",2,"Owned without mortgage",145760,7,"NZ with NZ parents","Non-disabled",8,10,10,"Very Good","None or almost none","Neither agree nor disagree","Very easy to be myself",8,10,4,8,"No",12,"Yes, sometimes","Yes, sometimes",NA,NA,NA,NA,NA,"A lot more",0,0,"A little of the time","Very easy","2",NA,"35-44",3,"   138.9",6624,36
362,10437.48,2021,54,"Male","European/Other","Less than secondary school","Employed","Partnered","Not a parent",0,"Owned with mortgage",72797,3,"NZ with overseas parent(s)","Non-disabled",5,8,7,"Good","None or almost none","Agree","Easy to be myself",8,8,6,6,"Yes",18,"No","No",NA,NA,NA,NA,NA,"No crime here",0,0,"A little of the time","Hard","0",NA,"45-54",2,"   528.0",24656,32
363,4009.001,2021,67,"Male","European/Other","Less than secondary school","Employed","Not partnered","Not a parent",0,"Owned with mortgage",36889,2,"NZ with NZ parents","Disabled",10,8,8,"Excellent","Basic","Strongly disagree","Easy to be myself",7,8,5,7,"Yes",20,"No","No",NA,NA,NA,NA,NA,"About the same",0,0,"A little of the time","Easy","0",NA,"65+",1,"  1051.6",48208,36
364,1186.927,2021,22,"Female","European/Other","Less than secondary school","Not in labour force","Not partnered","Not a parent",0,"Rented",89144,3,"NZ with NZ parents","Disabled",5,4,7,"Good","None or almost none","Neither agree nor disagree","Easy to be myself",0,5,0,1,"No",11,"Not applicable","Yes, sometimes",NA,NA,NA,NA,NA,"A lot more",1,0,"Some of the time","Very hard","0",NA,"15-24",2,"   200.9",8832,19
365,16719.79,2021,26,"Male","European/Other","Degree","Employed","Partnered","Not a parent",0,"Owned without mortgage",139207,7,"NZ with NZ parents","Non-disabled",7,8,7,"Very Good","Basic","Agree","Easy to be myself",7,8,5,8,"Yes",16,"Yes, often","Yes, sometimes",NA,NA,NA,NA,NA,"A little more",0,0,"None of the time","Sometimes easy, sometimes hard","0",NA,"25-34",3,"   965.9",44160,45
366,1265.162,2021,75,"Female","Māori","Post-secondary NCEA/diploma","Employed","Not partnered","Not a parent",0,"Owned with mortgage",69064,7,"NZ with NZ parents","Non-disabled",10,8,8,"Very Good","None or almost none","Agree","Very easy to be myself",7,8,3,4,"Yes",20,"Yes, sometimes","Yes, sometimes",NA,NA,NA,NA,NA,"About the same",1,0,"A little of the time","Easy","0",NA,"65+",2,"   328.0",15456,18
367,286.9403,2021,20,"Male","Pacific","Less than secondary school","Employed","Not partnered","Not a parent",0,"Owned without mortgage",36424,7,"NZ with NZ parents","Non-disabled",4,7,7,"Good","None or almost none","Agree","Easy to be myself",5,3,3,5,"Not eligible",15,"No","No",NA,NA,NA,NA,NA,"A little more",0,0,"Some of the time","Sometimes easy, sometimes hard","0",NA,"15-24",1,"   357.1",16192,28
368,484.0132,2021,65,"Male","Māori","Degree","Not in labour force","Partnered","Not a parent",0,"Rented",47403,7,"Medium-term migrant","Non-disabled",5,9,10,"Good","None or almost none","Disagree","Very easy to be myself",8,10,8,7,"Yes",16,"No","No",NA,NA,NA,NA,NA,"A little more",1,0,"None of the time","Very easy","0",NA,"65+",1,"   294.3",13984,7
369,2465.222,2021,75,"Gender diverse","European/Other","Post-secondary NCEA/diploma","Employed","Not partnered","Not a parent",0,"Owned without mortgage",71955,10,"NZ with NZ parents","Non-disabled",10,8,10,"Excellent","None or almost none","Disagree","Easy to be myself",7,8,3,1,"Yes",20,"No","No",NA,NA,NA,NA,NA,"Moved here recently",0,0,"None of the time","Easy","0",NA,"65+",2,"   340.3",15824,14
370,293.8454,2021,49,"Female","Māori","Degree","Employed","Partnered","Parent",2,"Owned without mortgage",76575,10,"Medium-term migrant","Non-disabled",6,7,9,"Good","None or almost none","Agree","Sometimes easy, sometimes hard",8,9,7,9,"Yes",12,"Yes, sometimes","No",NA,NA,NA,NA,NA,"A little more",0,1,"A little of the time","Easy","2",NA,"45-54",2,"   978.5",44896,30
371,1374.061,2021,82,"Female","European/Other","Secondary school","Employed","Not partnered","Not a parent",0,"Owned with mortgage",106544,5,"NZ with overseas parent(s)","Non-disabled",8,8,9,"Very Good","None or almost none","Neither agree nor disagree","Easy to be myself",9,7,2,3,"Yes",19,"No","Yes, always",NA,NA,NA,NA,NA,"A lot more",0,0,"None of the time","Easy","0",NA,"65+",3,"   179.4",8096,9
372,1446.715,2021,66,"Female","Māori","Less than secondary school","Employed","Not partnered","Not a parent",0,"Owned with mortgage",35392,6,"NZ with NZ parents","Non-disabled",7,9,9,"Excellent","None or almost none","Disagree","Very easy to be myself",10,10,4,5,"Yes",18,"No","No",NA,NA,NA,NA,NA,"About the same",0,0,"None of the time","Very easy","0",NA,"65+",1,"   109.1",5152,8
373,1716.299,2021,57,"Male","Māori","Degree","Employed","Not partnered","Not a parent",0,"Rented",54744,6,"Medium-term migrant","Non-disabled",7,7,8,"Very Good","None or almost none","Strongly agree","Very easy to be myself",8,9,3,6,"No",14,"No","No",NA,NA,NA,NA,NA,"A little more",0,0,"A little of the time","Sometimes easy, sometimes hard","0",NA,"55-64",2,"  2070.7",95680,37
374,1658.358,2021,61,"Female","European/Other","Less than secondary school","Employed","Partnered","Not a parent",0,"Owned without mortgage",176042,9,"NZ with overseas parent(s)","Non-disabled",5,10,10,"Very Good","Conversational","Strongly agree","Very easy to be myself",8,8,8,9,"Yes",19,"Yes, sometimes","No",NA,NA,NA,NA,NA,"About the same",1,0,"None of the time","Easy","0",NA,"55-64",3,"   279.7",12512,14
375,799.9587,2021,48,"Female","Māori","Degree","Employed","Partnered","Parent",1,"Owned without mortgage",100868,6,"Recent migrant","Non-disabled",9,10,10,"Excellent","None or almost none","Neither agree nor disagree","Very easy to be myself",10,10,10,10,"No",18,"Yes, sometimes","No",NA,NA,NA,NA,NA,"Moved here recently",0,0,"None of the time","Very easy","1",NA,"45-54",3,"   567.4",26128,29
376,7351.79,2021,72,"Female","European/Other","Secondary school","Employed","Not partnered","Not a parent",0,"Owned with mortgage",71504,4,"NZ with NZ parents","Non-disabled",7,7,8,"Good","None or almost none","Disagree","Easy to be myself",6,8,6,5,"Yes",18,"Yes, sometimes","Yes, sometimes",NA,NA,NA,NA,NA,"A little more",0,0,"A little of the time","Hard","0",NA,"65+",2,"   683.6",31648,35
377,5148.355,2021,48,"Female","European/Other","Secondary school","Employed","Partnered","Parent",2,"Owned with mortgage",49007,10,"NZ with NZ parents","Non-disabled",5,8,8,"Very Good","None or almost none","Strongly disagree","Easy to be myself",7,7,5,6,"Yes",20,"No","Yes, sometimes",NA,NA,NA,NA,NA,"A little more",0,1,"None of the time","Very easy","2",NA,"45-54",1,"   475.5",21712,28
378,2138.386,2021,71,"Male","European/Other","Post-secondary NCEA/diploma","Not in labour force","Partnered","Not a parent",0,"Owned with mortgage",171553,7,"Long-term migrant","Disabled",10,5,5,"Very Good","None or almost none","Disagree","Easy to be myself",6,10,4,6,"Yes",20,"No","No",NA,NA,NA,NA,NA,"No crime here",0,0,"A little of the time","Sometimes easy, sometimes hard","0",NA,"65+",3,"   718.7",33488,34
379,284.0991,2021,63,"Male","Māori","Less than secondary school","Not in labour force","Not partnered","Not a parent",0,"Rented",94362,8,"NZ with NZ parents","Disabled",1,2,5,"Poor","None or almost none","Strongly agree","Very hard to be myself",0,2,0,0,"No",2,"Yes, always","Yes, sometimes",NA,NA,NA,NA,NA,"No crime here",0,0,"A little of the time","Very hard","0",NA,"55-64",2,"   238.2",11040,24
380,179.2523,2021,65,"Male","Māori","Post-secondary NCEA/diploma","Unemployed","Not partnered","Not a parent",0,"Owned without mortgage",28313,5,"NZ with NZ parents","Non-disabled",6,6,8,"Fair","None or almost none","Disagree","Easy to be myself",5,5,6,5,"Yes",5,"Yes, always","Yes, sometimes",NA,NA,NA,NA,NA,"A lot more",0,0,"None of the time","Very easy","0",NA,"65+",1,"   690.4",31648,42
381,179.2523,2021,59,"Female","Māori","Secondary school","Unemployed","Not partnered","Not a parent",0,"Rented",71484,8,"Long-term migrant","Non-disabled",4,8,8,"Very Good","None or almost none","Agree","Very easy to be myself",9,9,9,5,"Yes",10,"Yes, sometimes","Yes, sometimes",NA,NA,NA,NA,NA,"No crime here",0,0,"A little of the time","Very easy","0",NA,"55-64",2,"   340.7",15824,22
382,1669.389,2021,47,"Female","European/Other","Degree","Employed","Partnered","Parent",4,"Owned without mortgage",441670,1,"NZ with NZ parents","Non-disabled",8,8,8,"Very Good","None or almost none","Disagree","Very easy to be myself",8,9,6,4,"Yes",18,"No","Yes, sometimes",NA,NA,NA,NA,NA,"About the same",0,0,"None of the time","Easy","4+",NA,"45-54",3,"   269.2",12512,14
383,4145.708,2021,26,"Male","European/Other","Post-secondary NCEA/diploma","Employed","Partnered","Parent",1,"Rented",81677,8,"Recent migrant","Non-disabled",5,10,10,"Very Good","None or almost none","Agree","Easy to be myself",10,10,9,10,"No",13,"No","No",NA,NA,NA,NA,NA,"Moved here recently",0,0,"None of the time","Sometimes easy, sometimes hard","1",NA,"25-34",2,"   574.1",26128,36
384,193.0933,2021,49,"Male","Asian","Degree","Not in labour force","Partnered","Not a parent",0,"Owned without mortgage",204608,1,"Long-term migrant","Non-disabled",4,8,9,"Excellent","None or almost none","Strongly disagree","Sometimes easy, sometimes hard",8,8,7,6,"Yes",19,"No","No",NA,NA,NA,NA,NA,"A little less",0,1,"None of the time","Easy","0",NA,"45-54",3,"   993.9",46000,31
385,1080.325,2021,50,"Male","Asian","Secondary school","Employed","Partnered","Parent",2,"Owned without mortgage",104250,4,"Medium-term migrant","Non-disabled",8,7,5,"Excellent","None or almost none","Agree","Very easy to be myself",7,9,8,7,"No",20,"No","Yes, sometimes",NA,NA,NA,NA,NA,"About the same",0,0,"Some of the time","Sometimes easy, sometimes hard","2",NA,"45-54",3,"  1398.5",64400,34
386,1216.222,2021,35,"Female","European/Other","Less than secondary school","Not in labour force","Not partnered","Not a parent",0,"Owned with mortgage",121870,4,"NZ with overseas parent(s)","Non-disabled",8,6,6,"Fair","Basic","Neither agree nor disagree","Easy to be myself",8,8,7,8,"Yes",18,"No","No",NA,NA,NA,NA,NA,"A little less",0,0,"A little of the time","Very easy","0",NA,"35-44",3,"   396.9",18032,14
387,2554.761,2021,25,"Female","European/Other","Degree","Employed","Partnered","Parent",1,"Owned without mortgage",97817,9,"NZ with NZ parents","Non-disabled",5,8,8,"Very Good","Basic","Agree","Very easy to be myself",7,9,7,8,"No",16,"Not applicable","No",NA,NA,NA,NA,NA,"Moved here recently",0,0,"Some of the time","Easy","1",NA,"25-34",2,"   822.8",37904,32
388,3210.625,2021,41,"Female","European/Other","Post-secondary NCEA/diploma","Employed","Partnered","Not a parent",0,"Rented",63290,6,"NZ with overseas parent(s)","Non-disabled",8,6,7,"Fair","None or almost none","Agree","Very easy to be myself",8,9,7,9,"Yes",17,"Yes, sometimes","No",NA,NA,NA,NA,NA,"A little less",0,0,"None of the time","Very easy","0",NA,"35-44",2,"   225.0",9936,17
389,1637.992,2021,82,"Female","European/Other","Post-secondary NCEA/diploma","Not in labour force","Partnered","Not a parent",0,"Owned with mortgage",88492,8,"NZ with NZ parents","Non-disabled",7,8,9,"Very Good","Basic","Neither agree nor disagree","Very easy to be myself",7,7,4,7,"Yes",19,"No","No",NA,NA,NA,NA,NA,"About the same",0,0,"None of the time","Easy","0",NA,"65+",2,"   145.5",6992,2
390,3338.979,2021,15,"Female","European/Other","Less than secondary school","Employed","Not partnered","Not a parent",0,"Rented",86152,5,"NZ with overseas parent(s)","Non-disabled",8,6,6,"Very Good","None or almost none","Strongly agree","Easy to be myself",7,6,4,5,"Yes",15,"Yes, sometimes","No",NA,NA,NA,NA,NA,"Moved here recently",0,1,"A little of the time","Sometimes easy, sometimes hard","0",NA,"15-24",2,"    96.8",4784,6
391,1003.061,2021,46,"Female","European/Other","Secondary school","Not in labour force","Partnered","Parent",3,"Owned without mortgage",137388,6,"NZ with NZ parents","Non-disabled",10,8,7,"Good","None or almost none","Strongly disagree","Hard to be myself",3,3,1,1,"Yes",8,"No","No",NA,NA,NA,NA,NA,"About the same",0,1,"None of the time","Easy","3",NA,"45-54",3,"   707.7",32384,28
392,1050.028,2021,51,"Male","European/Other","Degree","Not in labour force","Partnered","Not a parent",0,"Owned without mortgage",105650,6,"NZ with NZ parents","Non-disabled",9,8,9,"Very Good","Basic","Strongly agree","Very easy to be myself",10,8,7,7,"Yes",20,"No","No",NA,NA,NA,NA,NA,"About the same",0,0,"None of the time","Easy","0",NA,"45-54",3,"  1003.2",46368,30
393,1050.028,2021,20,"Male","European/Other","Post-secondary NCEA/diploma","Not in labour force","Partnered","Not a parent",0,"Rented",168501,3,"NZ with NZ parents","Non-disabled",10,7,7,"Good","Basic","Agree","Sometimes easy, sometimes hard",7,8,4,6,"Yes",6,"Yes, often","Yes, always",NA,NA,NA,NA,NA,"Moved here recently",0,1,"Some of the time","Sometimes easy, sometimes hard","0",NA,"15-24",3,"   587.0",26864,32
394,6999.107,2021,46,"Female","European/Other","Degree","Employed","Partnered","Not a parent",0,"Owned with mortgage",184907,1,"Long-term migrant","Non-disabled",5,8,2,"Good","None or almost none","Disagree","Very easy to be myself",8,5,2,5,"Yes",20,"No","No",NA,NA,NA,NA,NA,"About the same",0,0,"None of the time",NA,"0",NA,"45-54",3,"   256.8",11408,14
395,1200.34,2021,71,"Male","European/Other","Post-secondary NCEA/diploma","Not in labour force","Not partnered","Not a parent",0,"Owned with mortgage",52930,5,"NZ with NZ parents","Disabled",10,10,10,"Good","None or almost none","Strongly agree","Sometimes easy, sometimes hard",7,10,5,9,"Yes",15,"Yes, sometimes","No",NA,NA,NA,NA,NA,"A lot more",0,0,"Some of the time","Easy","0",NA,"65+",2,"   721.2",33488,34
396,2140.218,2021,80,"Male","European/Other","Less than secondary school","Not in labour force","Not partnered","Not a parent",0,"Owned with mortgage",100281,4,"NZ with overseas parent(s)","Non-disabled",10,7,7,"Very Good","None or almost none","Neither agree nor disagree","Very easy to be myself",8,10,7,0,"Yes",20,"No","No",NA,NA,NA,NA,NA,"A little more",1,0,"Some of the time","Sometimes easy, sometimes hard","0",NA,"65+",3,"  1003.3",46000,31
397,4823.685,2021,88,"Male","European/Other","Post-secondary NCEA/diploma","Employed","Not partnered","Not a parent",0,"Owned with mortgage",112964,3,"NZ with NZ parents","Non-disabled",5,10,10,"Good","None or almost none","Neither agree nor disagree","Very easy to be myself",7,9,6,9,"Yes",17,"No","No",NA,NA,NA,NA,NA,"About the same",0,1,"None of the time","Easy","0",NA,"65+",3,"   586.1",27232,30
398,5889.581,2021,40,"Male","European/Other","Degree","Employed","Partnered","Parent",2,"Owned without mortgage",54662,1,"Long-term migrant","Non-disabled",4,6,4,"Good","None or almost none","Agree","Sometimes easy, sometimes hard",7,5,5,6,"Yes",9,"Yes, always","Yes, sometimes",NA,NA,NA,NA,NA,"No crime here",0,0,"A little of the time","Sometimes easy, sometimes hard","2",NA,"35-44",2,"   830.0",38272,32
399,5889.581,2021,25,"Male","European/Other","Degree","Employed","Partnered","Parent",1,"Owned without mortgage",115115,2,"NZ with NZ parents","Non-disabled",8,8,7,"Fair","Basic","Agree","Sometimes easy, sometimes hard",5,10,4,9,"Yes",11,"Yes, sometimes","Yes, sometimes",NA,NA,NA,NA,NA,"Moved here recently",0,0,"None of the time","Easy","1",NA,"25-34",3,"  2168.5",99728,26
400,1317.623,2021,16,"Male","Asian","Secondary school","Employed","Not partnered","Not a parent",0,"Rented",119371,1,"NZ with NZ parents","Non-disabled",6,6,5,"Excellent","Basic","Strongly agree","Very easy to be myself",8,8,4,5,"Yes",9,"No","Yes, sometimes",NA,NA,NA,NA,NA,"No crime here",1,1,"Some of the time","Sometimes easy, sometimes hard","0",NA,"15-24",3,"   154.1",6992,22
401,3406.158,2021,60,"Female","European/Other","Degree","Employed","Not partnered","Not a parent",0,"Rented",73320,10,"Long-term migrant","Non-disabled",5,0,8,"Excellent","None or almost none","Agree","Easy to be myself",5,8,8,6,"Yes",19,"No","No",NA,NA,NA,NA,NA,"About the same",0,0,"Some of the time",NA,"0",NA,"55-64",2,"   703.4",32752,32
402,10077.94,2021,63,"Female","European/Other","Secondary school","Employed","Partnered","Not a parent",0,"Owned with mortgage",147023,3,"NZ with NZ parents","Non-disabled",5,9,9,"Very Good","None or almost none","Strongly disagree","Very easy to be myself",7,8,7,7,"Yes",16,"Yes, sometimes","No",NA,NA,NA,NA,NA,"About the same",0,0,"None of the time","Sometimes easy, sometimes hard","0",NA,"55-64",3,"   539.5",25024,32
403,1530.995,2021,71,"Male","European/Other","Less than secondary school","Employed","Not partnered","Not a parent",0,"Owned without mortgage",48208,6,"NZ with NZ parents","Non-disabled",9,6,7,"Excellent","None or almost none","Strongly agree","Sometimes easy, sometimes hard",8,8,2,6,"Yes",14,"Yes, sometimes","Yes, sometimes",NA,NA,NA,NA,NA,"About the same",0,1,"A little of the time","Hard","0",NA,"65+",1,"   720.7",32752,36
404,1867.762,2021,24,"Female","European/Other","Less than secondary school","Not in labour force","Not partnered","Not a parent",0,"Owned without mortgage",51550,5,"NZ with NZ parents","Non-disabled",5,6,5,"Good","None or almost none","Neither agree nor disagree","Very easy to be myself",8,6,4,5,"Yes",20,"No","No",NA,NA,NA,NA,NA,"No crime here",1,0,"None of the time","Easy","0",NA,"15-24",2,"   152.7",7360,19
405,6728.614,2021,71,"Female","European/Other","Less than secondary school","Employed","Not partnered","Not a parent",0,"Owned with mortgage",85613,1,"NZ with NZ parents","Non-disabled",7,10,10,"Excellent","None or almost none","Strongly disagree","Very easy to be myself",8,9,4,7,"Yes",20,"No","No",NA,NA,NA,NA,NA,"No crime here",0,0,"A little of the time","Very easy","0",NA,"65+",2,"   139.1",6256,6
406,6709.732,2021,91,"Male","European/Other","Less than secondary school","Employed","Not partnered","Not a parent",0,"Owned without mortgage",64552,10,"NZ with NZ parents","Disabled",3,10,9,"Very Good","None or almost none","Strongly agree","Very easy to be myself",5,9,9,9,"Yes",11,"No","No",NA,NA,NA,NA,NA,"No crime here",0,0,"None of the time","Very easy","0",NA,"65+",2,"   332.1",15456,30
407,1619.464,2021,48,"Male","Māori","Degree","Employed","Not partnered","Not a parent",0,"Rented",49045,8,"NZ with NZ parents","Non-disabled",0,3,3,"Good","Conversational","Strongly agree","Easy to be myself",5,9,6,6,"Yes",10,"No","No",NA,NA,NA,NA,NA,"About the same",0,0,"None of the time",NA,"0",NA,"45-54",1,"   779.6",35696,44
408,505.0661,2021,47,"Male","Māori","Post-secondary NCEA/diploma","Not in labour force","Partnered","Parent",1,"Owned without mortgage",97937,1,"Long-term migrant","Non-disabled",0,9,9,"Good","None or almost none","Strongly agree","Sometimes easy, sometimes hard",9,9,4,7,"Yes",20,"No","No",NA,NA,NA,NA,NA,"About the same",0,0,"A little of the time","Easy","1",NA,"45-54",2,"  1003.5",46000,38
409,1769.356,2021,55,"Female","Māori","Less than secondary school","Not in labour force","Not partnered","Not a parent",0,"Rented",114481,3,"NZ with overseas parent(s)","Non-disabled",5,9,10,"Very Good","None or almost none","Neither agree nor disagree","Very easy to be myself",8,10,6,2,"Yes",19,"No","No",NA,NA,NA,NA,NA,"About the same",0,0,"None of the time","Very easy","0",NA,"55-64",3,"   342.4",15456,18
410,365.3888,2021,62,"Male","Māori","Degree","Not in labour force","Not partnered","Not a parent",0,"Rented",60931,10,"Long-term migrant","Non-disabled",5,5,7,"Fair","None or almost none","Agree","Easy to be myself",5,6,4,6,"Yes",12,"Yes, always","Yes, sometimes",NA,NA,NA,NA,NA,"A lot less",1,0,"None of the time","Very easy","0",NA,"55-64",2,"  1326.2",61456,48
411,3390.162,2021,38,"Male","Māori","Post-secondary NCEA/diploma","Employed","Partnered","Parent",1,"Owned with mortgage",133340,10,"NZ with NZ parents","Non-disabled",7,7,7,"Fair","None or almost none","Disagree","Sometimes easy, sometimes hard",6,6,4,3,"No",10,"Yes, often","Yes, sometimes",NA,NA,NA,NA,NA,"A little less",0,1,"Some of the time","Very easy","1",NA,"35-44",3,"   653.6",29808,38
412,1454.919,2021,62,"Male","European/Other","Post-secondary NCEA/diploma","Not in labour force","Not partnered","Not a parent",0,"Owned with mortgage",36084,1,"NZ with overseas parent(s)","Non-disabled",5,6,9,"Good","None or almost none","Neither agree nor disagree","Easy to be myself",4,4,3,5,"Yes",7,"Yes, sometimes","No",NA,NA,NA,NA,NA,"A little more",0,1,"None of the time","Sometimes easy, sometimes hard","0",NA,"55-64",1,"   480.7",21712,32
413,7416.678,2021,23,"Female","European/Other","Less than secondary school","Employed","Not partnered","Not a parent",0,"Owned with mortgage",145823,6,"NZ with NZ parents","Non-disabled",7,8,8,"Very Good","Basic","Agree","Easy to be myself",6,8,5,5,"Not eligible",15,"No","No",NA,NA,NA,NA,NA,"No crime here",0,0,"None of the time","Easy","0",NA,"15-24",3,"   169.0",7728,19
414,10812.39,2021,90,"Female","European/Other","Post-secondary NCEA/diploma","Not in labour force","Not partnered","Not a parent",0,"Rented",41001,9,"NZ with unknown origin parents","Disabled",5,5,6,"Poor","None or almost none","Neither agree nor disagree","Easy to be myself",6,2,0,1,"Yes",6,"No","No",NA,NA,NA,NA,NA,"A lot more",0,0,"All of the time","Easy","0",NA,"65+",1,"   159.7",7728,14
415,12800.13,2021,36,"Male","European/Other","Degree","Employed","Not partnered","Parent",3,"Owned without mortgage",100738,4,"NZ with NZ parents","Non-disabled",3,8,7,"Very Good","Basic","Strongly agree","Very easy to be myself",7,6,2,6,"Yes",19,"Yes, always","Yes, sometimes",NA,NA,NA,NA,NA,"A little more",1,0,"Some of the time","Hard","3",NA,"35-44",3,"   970.9",44896,36
416,89.28954,2021,70,"Male","European/Other","Less than secondary school","Unemployed","Partnered","Not a parent",0,"Owned with mortgage",22495,8,"NZ with NZ parents","Non-disabled",5,10,10,"Very Good","None or almost none","Strongly disagree","Very easy to be myself",6,10,6,5,"Yes",19,"No","No",NA,NA,NA,NA,NA,"No crime here",0,0,"None of the time",NA,"0",NA,"65+",1,"   315.5",14720,34
417,1897.066,2021,48,"Female","Māori","Degree","Employed","Not partnered","Not a parent",0,"Rented",355922,4,"NZ with overseas parent(s)","Non-disabled",10,9,10,"Good","Basic","Neither agree nor disagree","Sometimes easy, sometimes hard",0,4,0,2,"Yes",19,"Yes, sometimes","No",NA,NA,NA,NA,NA,"About the same",0,1,"None of the time","Very easy","0",NA,"45-54",3,"   595.0",27232,42
418,7308.291,2021,63,"Male","European/Other","Degree","Employed","Partnered","Not a parent",0,"Owned with mortgage",119138,3,"NZ with overseas parent(s)","Non-disabled",7,9,9,"Very Good","None or almost none","Strongly agree","Very easy to be myself",5,8,0,2,"Yes",20,"No","No",NA,NA,NA,NA,NA,"About the same",0,0,"None of the time","Very easy","0",NA,"55-64",3,"  1085.8",49680,53
419,8514.521,2021,24,"Female","European/Other","Less than secondary school","Not in labour force","Not partnered","Not a parent",0,"Owned without mortgage",88818,3,"NZ with overseas parent(s)","Non-disabled",9,8,8,"Very Good","Basic","Neither agree nor disagree","Sometimes easy, sometimes hard",6,10,7,8,"Not eligible",17,"No","No",NA,NA,NA,NA,NA,"No crime here",1,0,"A little of the time","Easy","0",NA,"15-24",2,"   186.7",8832,19
420,3149.518,2021,99,"Female","European/Other","Less than secondary school","Not in labour force","Partnered","Not a parent",0,"Owned without mortgage",77657,9,"Recent migrant","Disabled",5,7,6,"Good","None or almost none","Agree","Hard to be myself",9,9,9,6,"No",16,"Yes, sometimes","Yes, sometimes",NA,NA,NA,NA,NA,"No crime here",0,0,"A little of the time","Hard","0",NA,"65+",2,"   311.8",14352,32
421,3049.911,2021,38,"Female","Māori","Degree","Employed","Partnered","Parent",1,"Owned with mortgage",36023,5,"Recent migrant","Non-disabled",6,6,6,"Very Good","None or almost none","Disagree","Sometimes easy, sometimes hard",8,9,7,6,"No",15,"Yes, sometimes","Yes, sometimes",NA,NA,NA,NA,NA,"A little more",1,0,"None of the time","Easy","1",NA,"35-44",1,"   896.8",40848,34
422,1411.954,2021,66,"Male","Māori","Less than secondary school","Not in labour force","Not partnered","Not a parent",0,"Owned with mortgage",38929,2,"NZ with NZ parents","Disabled",10,10,8,"Fair","None or almost none","Agree","Very easy to be myself",7,9,10,6,"Yes",20,"No","No",NA,NA,NA,NA,NA,"About the same",1,0,"None of the time",NA,"0",NA,"65+",1,"   512.1",23552,24
423,13058.15,2021,56,"Male","European/Other","Degree","Employed","Partnered","Not a parent",0,"Owned with mortgage",107953,1,"NZ with overseas parent(s)","Non-disabled",5,7,9,"Fair","None or almost none","Strongly agree","Very easy to be myself",8,8,6,7,"Yes",12,"Yes, often","No",NA,NA,NA,NA,NA,"No crime here",0,0,"None of the time","Easy","0",NA,"55-64",3,"   518.3",23920,48
424,14534.3,2021,72,"Male","European/Other","Secondary school","Employed","Partnered","Not a parent",0,"Owned with mortgage",40121,3,"Long-term migrant","Disabled",10,7,10,"Fair","Basic","Strongly agree","Very easy to be myself",8,8,3,8,"Yes",16,"No","No",NA,NA,NA,NA,NA,"No crime here",0,0,"Some of the time","Easy","0",NA,"65+",1,"   403.3",18400,23
425,1537.543,2021,84,"Male","Māori","Post-secondary NCEA/diploma","Employed","Not partnered","Not a parent",0,"Owned with mortgage",26615,7,"NZ with NZ parents","Non-disabled",9,8,8,"Very Good","None or almost none","Neither agree nor disagree","Easy to be myself",7,8,8,8,"Yes",19,"No","No",NA,NA,NA,NA,NA,"About the same",0,0,"A little of the time","Very easy","0",NA,"65+",1,"   634.3",29072,25
426,2813.07,2021,20,"Male","European/Other","Secondary school","Employed","Not partnered","Not a parent",0,"Rented",42945,7,"NZ with NZ parents","Non-disabled",5,1,0,"Good","Basic","Agree","Easy to be myself",0,0,5,0,"No",12,"Yes, always","Yes, sometimes",NA,NA,NA,NA,NA,"Moved here recently",0,1,"Some of the time","Very hard","0",NA,"15-24",1,"   610.2",27968,32
427,6949.07,2021,35,"Female","European/Other","Degree","Employed","Partnered","Parent",3,"Rented",29356,7,"Long-term migrant","Non-disabled",7,8,8,"Good","Basic","Strongly agree","Sometimes easy, sometimes hard",8,7,8,6,"Yes",15,"Yes, always","Yes, sometimes",NA,NA,NA,NA,NA,"A little more",0,1,"A little of the time","Hard","3",NA,"35-44",1,"   182.6",8832,6
428,7193.502,2021,19,"Male","European/Other","Less than secondary school","Employed","Not partnered","Not a parent",0,"Rented",19840,8,"NZ with NZ parents","Non-disabled",9,7,7,"Very Good","Basic","Agree","Easy to be myself",7,8,6,7,"No",16,"No","Yes, always",NA,NA,NA,NA,NA,"About the same",0,0,"A little of the time","Easy","0",NA,"15-24",1,"  1012.6",46736,122
429,6864.732,2021,27,"Female","European/Other","Less than secondary school","Employed","Partnered","Not a parent",0,"Rented",117260,1,"NZ with overseas parent(s)","Non-disabled",7,8,10,"Very Good","None or almost none","Agree","Very easy to be myself",7,6,5,7,"Yes",15,"No","No",NA,NA,NA,NA,NA,"No crime here",0,0,"None of the time","Sometimes easy, sometimes hard","0",NA,"25-34",3,"   182.5",8832,19
430,3469.034,2021,68,"Male","European/Other","Less than secondary school","Not in labour force","Partnered","Not a parent",0,"Owned without mortgage",74239,8,"NZ with NZ parents","Non-disabled",9,8,8,"Good","Basic","Neither agree nor disagree","Very easy to be myself",8,9,3,2,"Yes",15,"Not applicable","No",NA,NA,NA,NA,NA,"Moved here recently",1,1,"None of the time","Hard","0",NA,"65+",2,"  2116.4",97152,14
431,1024.485,2021,36,"Female","European/Other","Secondary school","Not in labour force","Partnered","Parent",1,"Owned with mortgage",45594,3,"Medium-term migrant","Non-disabled",5,7,7,"Very Good","None or almost none","Agree","Easy to be myself",10,10,9,8,"Yes",14,"Yes, often","Yes, always",NA,NA,NA,NA,NA,"No crime here",0,1,"None of the time","Easy","1",NA,"35-44",1,"  1308.6",59984,32
432,2264.045,2021,66,"Male","European/Other","Less than secondary school","Employed","Not partnered","Not a parent",0,"Rented",41699,10,"NZ with NZ parents","Non-disabled",10,10,8,"Good","None or almost none","Strongly agree","Very easy to be myself",7,9,6,5,"Yes",9,"No","No",NA,NA,NA,NA,NA,"A little more",0,0,"A little of the time","Hard","0",NA,"65+",1,"   543.2",25392,17
433,948.3765,2021,26,"Female","Māori","Less than secondary school","Employed","Partnered","Not a parent",0,"Rented",257364,5,"Long-term migrant","Non-disabled",9,8,8,"Very Good","None or almost none","Agree","Very easy to be myself",6,9,2,5,"Yes",15,"Yes, often","Yes, sometimes",NA,NA,NA,NA,NA,"A lot less",0,0,"None of the time","Sometimes easy, sometimes hard","0",NA,"25-34",3,"   304.4",14352,32
434,3896.554,2021,62,"Male","European/Other","Post-secondary NCEA/diploma","Not in labour force","Not partnered","Not a parent",0,"Owned without mortgage",68597,2,"Long-term migrant","Non-disabled",8,8,8,"Excellent","None or almost none","Disagree","Very easy to be myself",8,5,5,4,"Yes",18,"No","No",NA,NA,NA,NA,NA,"About the same",1,0,"A little of the time","Very easy","0",NA,"55-64",2,"  1346.5",62192,43
435,3785.039,2021,73,"Male","European/Other","Less than secondary school","Employed","Not partnered","Not a parent",0,"Rented",9845,7,"NZ with unknown origin parents","Disabled",1,10,10,"Good","None or almost none","Disagree","Easy to be myself",10,10,3,9,"Yes",11,"No","No",NA,NA,NA,NA,NA,"About the same",0,0,"None of the time","Easy","0",NA,"65+",1,"   698.2",32016,41
436,2141.935,2021,52,"Female","European/Other","Less than secondary school","Employed","Partnered","Parent",2,"Owned without mortgage",235579,7,"NZ with NZ parents","Non-disabled",6,7,9,"Very Good","None or almost none","Neither agree nor disagree","Easy to be myself",9,10,0,7,"Yes",17,"Yes, sometimes","No",NA,NA,NA,NA,NA,"A lot less",0,0,"Some of the time","Easy","2",NA,"45-54",3,"   312.1",14352,32
437,2141.935,2021,57,"Female","European/Other","Degree","Employed","Partnered","Not a parent",0,"Owned without mortgage",271893,6,"Long-term migrant","Non-disabled",4,6,7,"Excellent","None or almost none","Disagree","Very easy to be myself",9,10,9,7,"No",15,"Yes, always","Yes, sometimes",NA,NA,NA,NA,NA,"A little less",0,0,"None of the time","Easy","0",NA,"55-64",3,"   570.8",26496,16
438,6876.364,2021,29,"Female","European/Other","Secondary school","Not in labour force","Partnered","Parent",1,"Rented",183071,5,"NZ with NZ parents","Non-disabled",10,8,10,"Good","Basic","Agree","Very easy to be myself",8,10,6,9,"Yes",18,"No","Yes, sometimes",NA,NA,NA,NA,NA,"Moved here recently",0,0,"None of the time","Very easy","1",NA,"25-34",3,"   424.7",19504,24
439,19320.9,2021,36,"Female","European/Other","Less than secondary school","Employed","Partnered","Not a parent",0,"Rented",29404,9,"NZ with NZ parents","Non-disabled",0,10,7,"Very Good","Fluent","Disagree","Easy to be myself",1,0,0,0,"No",13,"Yes, always","Yes, sometimes",NA,NA,NA,NA,NA,"No crime here",0,0,"None of the time","Hard","0",NA,"35-44",1,"   523.3",23920,12
440,1478.644,2021,59,"Male","European/Other","Post-secondary NCEA/diploma","Not in labour force","Not partnered","Not a parent",0,"Owned with mortgage",96255,2,"NZ with NZ parents","Non-disabled",7,8,8,"Excellent","None or almost none","Agree","Very easy to be myself",7,9,4,5,"Yes",18,"Yes, sometimes","No",NA,NA,NA,NA,NA,"About the same",0,0,"A little of the time","Easy","0",NA,"55-64",2,"   471.1",21712,24
441,6721.88,2021,71,"Female","European/Other","Post-secondary NCEA/diploma","Employed","Not partnered","Not a parent",0,"Owned with mortgage",48214,6,"NZ with NZ parents","Non-disabled",8,9,9,"Very Good","None or almost none","Disagree","Easy to be myself",4,8,0,4,"Yes",19,"No","No",NA,NA,NA,NA,NA,"No crime here",0,0,"None of the time","Very easy","0",NA,"65+",1,"   157.4",6992,22
442,5779.177,2021,59,"Female","European/Other","Less than secondary school","Employed","Not partnered","Not a parent",0,"Owned with mortgage",194446,2,"NZ with NZ parents","Non-disabled",10,8,9,"Excellent","None or almost none","Agree","Very easy to be myself",8,8,7,8,"Yes",20,"Yes, sometimes","No",NA,NA,NA,NA,NA,"A little more",0,0,"A little of the time","Easy","0",NA,"55-64",3,"   206.1",9568,6
443,2964.052,2021,30,"Female","European/Other","Degree","Not in labour force","Partnered","Not a parent",0,"Owned without mortgage",76325,4,"Medium-term migrant","Non-disabled",4,8,7,"Very Good","None or almost none","Neither agree nor disagree","Easy to be myself",6,5,3,5,"No",18,"No","No",NA,NA,NA,NA,NA,"Moved here recently",0,0,"None of the time","Easy","0",NA,"25-34",2,"  1320.6",61088,30
444,3892.513,2021,86,"Male","European/Other","Secondary school","Employed","Partnered","Not a parent",0,"Owned with mortgage",74050,2,"NZ with overseas parent(s)","Non-disabled",4,10,10,"Very Good","None or almost none","Strongly disagree","Easy to be myself",7,9,7,8,"Yes",20,"Yes, sometimes","Yes, sometimes",NA,NA,NA,NA,NA,"No crime here",0,0,"None of the time","Easy","0",NA,"65+",2,"   405.8",18768,22
445,7260.523,2021,50,"Male","European/Other","Post-secondary NCEA/diploma","Employed","Not partnered","Not a parent",0,"Owned with mortgage",24509,9,"Long-term migrant","Non-disabled",3,4,7,"Fair","None or almost none","Disagree","Sometimes easy, sometimes hard",5,6,4,0,"Yes",11,"Yes, sometimes","Yes, sometimes",NA,NA,NA,NA,NA,"About the same",0,0,"A little of the time","Hard","0",NA,"45-54",1,"   497.9",23184,30
446,1185.057,2021,23,"Female","Māori","Secondary school","Employed","Not partnered","Not a parent",0,"Rented",178056,9,"NZ with NZ parents","Non-disabled",5,7,7,"Good","Conversational","Neither agree nor disagree","Easy to be myself",7,10,2,9,"Yes",18,"No","No",NA,NA,NA,NA,NA,"A little less",0,1,"A little of the time","Easy","0",NA,"15-24",3,"   257.7",11776,21
447,1293.646,2021,84,"Female","European/Other","Less than secondary school","Not in labour force","Not partnered","Not a parent",0,"Owned with mortgage",45668,1,"Long-term migrant","Non-disabled",8,9,8,"Fair","None or almost none","Agree","Very easy to be myself",8,8,7,8,"Yes",18,"No","No",NA,NA,NA,NA,NA,"A little less",0,0,"Some of the time","Easy","0",NA,"65+",1,"    76.6",3680,4
448,1777.312,2021,61,"Female","European/Other","Less than secondary school","Employed","Partnered","Not a parent",0,"Owned with mortgage",133011,8,"NZ with NZ parents","Disabled",7,9,9,"Good","None or almost none","Neither agree nor disagree","Easy to be myself",7,8,7,6,"Yes",17,"No","No",NA,NA,NA,NA,NA,"About the same",0,0,"A little of the time","Hard","0",NA,"55-64",3,"   672.9",30912,32
449,444.5535,2021,36,"Female","Māori","Post-secondary NCEA/diploma","Not in labour force","Partnered","Not a parent",0,"Owned without mortgage",120725,5,"NZ with NZ parents","Non-disabled",7,6,6,"Good","None or almost none","Disagree","Easy to be myself",6,7,2,5,"Yes",15,"No","No",NA,NA,NA,NA,NA,"A lot more",0,0,"Most of the time","Sometimes easy, sometimes hard","0",NA,"35-44",3,"   367.1",16560,10
450,2087.904,2021,58,"Male","Asian","Degree","Employed","Partnered","Parent",1,"Owned without mortgage",64080,9,"NZ with overseas parent(s)","Non-disabled",6,4,5,"Fair","Conversational","Strongly agree","Sometimes easy, sometimes hard",6,8,4,7,"Yes",9,"Yes, often","Yes, sometimes",NA,NA,NA,NA,NA,"A lot less",0,1,"None of the time","Sometimes easy, sometimes hard","1",NA,"55-64",2,"  1260.0",57776,33
451,1444.375,2021,46,"Male","European/Other","Less than secondary school","Not in labour force","Partnered","Not a parent",0,"Owned without mortgage",109729,7,"Long-term migrant","Non-disabled",7,8,8,"Good","None or almost none","Agree","Sometimes easy, sometimes hard",5,8,8,6,"Yes",13,"Yes, sometimes","Yes, sometimes",NA,NA,NA,NA,NA,"A little more",0,1,"None of the time","Very easy","0",NA,"45-54",3,"   422.3",19872,32
452,3222.255,2021,64,"Male","European/Other","Degree","Employed","Partnered","Not a parent",0,"Owned without mortgage",111249,2,"NZ with NZ parents","Non-disabled",8,8,9,"Fair","None or almost none","Neither agree nor disagree","Very easy to be myself",10,10,6,7,"Yes",17,"No","No",NA,NA,NA,NA,NA,"No crime here",0,0,"A little of the time","Hard","0",NA,"55-64",3,"   865.3",39744,31
453,1284.941,2021,39,"Female","European/Other","Degree","Employed","Partnered","Not a parent",0,"Owned with mortgage",105205,2,"NZ with overseas parent(s)","Non-disabled",5,9,9,"Very Good","None or almost none","Agree","Very easy to be myself",8,10,5,7,"Yes",17,"No","Yes, sometimes",NA,NA,NA,NA,NA,"About the same",0,0,"None of the time","Very easy","0",NA,"35-44",3,"    88.7",3680,2
454,1326.94,2021,55,"Male","European/Other","Degree","Not in labour force","Partnered","Not a parent",0,"Rented",119269,1,"Recent migrant","Non-disabled",7,9,7,"Good","None or almost none","Agree","Easy to be myself",8,9,4,7,"No",18,"Not applicable","No",NA,NA,NA,NA,NA,"Moved here recently",0,0,"None of the time","Sometimes easy, sometimes hard","0",NA,"55-64",3,"  2356.4",108192,18
455,1326.94,2021,40,"Male","European/Other","Less than secondary school","Not in labour force","Partnered","Parent",1,"Owned without mortgage",97816,8,"Long-term migrant","Non-disabled",2,3,4,"Excellent","None or almost none","Agree","Easy to be myself",8,9,7,7,"Yes",6,"Yes, always","No",NA,NA,NA,NA,NA,"About the same",0,1,"A little of the time","Very hard","1",NA,"35-44",2,"   312.6",13984,24
456,8539.417,2021,66,"Female","European/Other","Degree","Employed","Partnered","Not a parent",0,"Owned without mortgage",145113,6,"Long-term migrant","Non-disabled",8,8,9,"Excellent","Basic","Neither agree nor disagree","Easy to be myself",7,6,3,5,"Yes",20,"No","No",NA,NA,NA,NA,NA,"About the same",0,0,"None of the time","Easy","0",NA,"65+",3,"   955.3",44160,21
457,9524.48,2021,98,"Male","European/Other","Less than secondary school","Employed","Not partnered","Not a parent",0,"Rented",47083,9,"NZ with overseas parent(s)","Non-disabled",10,8,10,"Very Good","None or almost none","Disagree","Very easy to be myself",10,10,8,8,"Yes",14,"Yes, sometimes","No",NA,NA,NA,NA,NA,"About the same",0,0,"None of the time","Easy","0",NA,"65+",1,"   385.1",18032,30
458,1777.377,2021,78,"Female","European/Other","Less than secondary school","Not in labour force","Not partnered","Not a parent",0,"Owned with mortgage",18531,9,"NZ with NZ parents","Non-disabled",5,7,8,"Good","Basic","Neither agree nor disagree","Easy to be myself",8,10,7,6,"Yes",20,"No","No",NA,NA,NA,NA,NA,"About the same",0,0,"A little of the time","Very hard","0",NA,"65+",1,"   469.1",21344,29
459,465.6429,2021,28,"Female","Pacific","Less than secondary school","Employed","Not partnered","Not a parent",0,"Owned without mortgage",249681,9,"NZ with overseas parent(s)","Non-disabled",0,7,7,"Very Good","None or almost none","Neither agree nor disagree","Very easy to be myself",5,8,2,6,"Yes",12,"No","No",NA,NA,NA,NA,NA,"No crime here",1,0,"Some of the time","Sometimes easy, sometimes hard","0",NA,"25-34",3,"   335.6",15088,30
460,1375.637,2021,51,"Male","European/Other","Less than secondary school","Employed","Partnered","Not a parent",0,"Owned without mortgage",103205,2,"NZ with NZ parents","Non-disabled",10,10,10,"Very Good","Conversational","Strongly agree","Easy to be myself",7,8,6,5,"Yes",20,"No","Yes, sometimes",NA,NA,NA,NA,NA,"About the same",0,1,"None of the time","Very easy","0",NA,"45-54",3,"   931.9",42688,46
461,1722.53,2021,61,"Male","European/Other","Secondary school","Not in labour force","Partnered","Not a parent",0,"Owned without mortgage",123227,6,"NZ with NZ parents","Non-disabled",8,10,10,"Good","None or almost none","Neither agree nor disagree","Sometimes easy, sometimes hard",3,7,0,0,"Yes",14,"No","No",NA,NA,NA,NA,NA,"About the same",1,1,"None of the time","Very easy","0",NA,"55-64",3,"   685.9",31280,32
462,4027.946,2021,65,"Female","European/Other","Post-secondary NCEA/diploma","Employed","Partnered","Not a parent",0,"Owned without mortgage",46427,7,"Long-term migrant","Disabled",8,7,7,"Good","None or almost none","Neither agree nor disagree","Very easy to be myself",8,8,7,4,"Yes",20,"No","No",NA,NA,NA,NA,NA,"A little more",0,0,"A little of the time","Hard","0",NA,"65+",1,"   265.7",12144,10
463,2669.95,2021,58,"Female","European/Other","Less than secondary school","Employed","Not partnered","Not a parent",0,"Rented",49015,10,"NZ with NZ parents","Non-disabled",8,8,10,"Excellent","None or almost none","Strongly agree","Very easy to be myself",8,9,7,9,"Yes",18,"Yes, always","Yes, sometimes",NA,NA,NA,NA,NA,"A little more",1,0,"Some of the time","Easy","0",NA,"55-64",1,"   240.4",11040,16
464,1158.291,2021,42,"Male","Asian","Post-secondary NCEA/diploma","Employed","Partnered","Parent",2,"Owned without mortgage",112952,1,"NZ with NZ parents","Non-disabled",10,7,10,"Good","None or almost none","Agree","Very easy to be myself",7,7,6,4,"Yes",20,"Yes, sometimes","No",NA,NA,NA,NA,NA,"About the same",0,0,"None of the time","Easy","2",NA,"35-44",3,"   871.9",40480,48
465,16808.17,2021,35,"Male","European/Other","Degree","Employed","Partnered","Parent",2,"Owned without mortgage",151352,1,"NZ with NZ parents","Non-disabled",8,9,9,"Excellent","None or almost none","Agree","Very easy to be myself",9,10,6,8,"Yes",17,"No","Yes, sometimes",NA,NA,NA,NA,NA,"About the same",0,0,"None of the time","Sometimes easy, sometimes hard","2",NA,"35-44",3,"  1189.0",54464,44
466,1446.851,2021,44,"Male","European/Other","Degree","Not in labour force","Partnered","Parent",1,"Rented",126843,2,"Recent migrant","Non-disabled",5,5,5,"Good","None or almost none","Strongly agree","Sometimes easy, sometimes hard",10,8,5,5,"No",11,"Yes, always","Yes, always",NA,NA,NA,NA,NA,"No crime here",1,1,"Some of the time","Easy","1",NA,"35-44",3,"   595.1",27232,46
467,4065.496,2021,26,"Male","European/Other","Less than secondary school","Employed","Partnered","Parent",1,"Rented",193361,9,"NZ with overseas parent(s)","Non-disabled",4,8,8,"Good","None or almost none","Agree","Easy to be myself",10,10,7,10,"Yes",10,"Yes, always","Yes, always",NA,NA,NA,NA,NA,"A lot more",1,1,"None of the time","Hard","1",NA,"25-34",3,"   755.5",34592,116
468,1539.464,2021,62,"Male","Māori","Less than secondary school","Employed","Partnered","Not a parent",0,"Rented",46769,10,"NZ with unknown origin parents","Disabled",6,8,10,"Fair","None or almost none","Strongly disagree","Very easy to be myself",1,8,2,8,"Yes",8,"Yes, sometimes","No",NA,NA,NA,NA,NA,"A lot less",0,0,"None of the time","Sometimes easy, sometimes hard","0",NA,"55-64",1,"   806.0",37168,45
469,1384.882,2021,75,"Male","Māori","Less than secondary school","Employed","Not partnered","Not a parent",0,"Owned with mortgage",127696,7,"NZ with unknown origin parents","Non-disabled",10,10,10,"Very Good","Fluent","Agree","Very easy to be myself",10,10,7,10,"Yes",11,"Yes, sometimes","No",NA,NA,NA,NA,NA,"No crime here",0,0,"None of the time","Very easy","0",NA,"65+",3,"   471.3",22080,33
470,19005.59,2021,21,"Female","European/Other","Secondary school","Employed","Not partnered","Not a parent",0,"Rented",75841,9,"NZ with unknown origin parents","Non-disabled",10,8,9,"Good","None or almost none","Agree","Very easy to be myself",4,5,1,1,"No",13,"Yes, often","Yes, sometimes",NA,NA,NA,NA,NA,"No crime here",0,1,"A little of the time","Sometimes easy, sometimes hard","0",NA,"15-24",2,"   421.3",19504,28
471,1481.262,2021,85,"Male","European/Other","Secondary school","Not in labour force","Not partnered","Not a parent",0,"Owned with mortgage",45099,8,"NZ with NZ parents","Non-disabled",6,10,10,"Very Good","None or almost none","Agree","Very easy to be myself",8,10,6,7,"Yes",19,"No","No",NA,NA,NA,NA,NA,"About the same",0,0,"None of the time","Easy","0",NA,"65+",1,"   349.5",15824,32
472,611.0309,2021,55,"Female","Māori","Less than secondary school","Not in labour force","Partnered","Not a parent",0,"Owned without mortgage",106922,4,"NZ with NZ parents","Non-disabled",6,8,10,"Very Good","None or almost none","Neither agree nor disagree","Very easy to be myself",6,7,1,1,"Yes",16,"No","Yes, sometimes",NA,NA,NA,NA,NA,"About the same",0,0,"None of the time","Easy","0",NA,"55-64",3,"   301.6",13984,26
473,9307.352,2021,38,"Female","European/Other","Post-secondary NCEA/diploma","Employed","Partnered","Parent",2,"Rented",118333,1,"NZ with NZ parents","Non-disabled",4,8,8,"Good","Basic","Agree","Very easy to be myself",7,10,2,2,"Yes",20,"Yes, sometimes","Yes, always",NA,NA,NA,NA,NA,"A little more",0,1,"None of the time","Sometimes easy, sometimes hard","2",NA,"35-44",3,"   472.5",22080,30
474,6892.95,2021,46,"Female","European/Other","Degree","Employed","Partnered","Parent",2,"Rented",181491,6,"NZ with NZ parents","Non-disabled",10,8,7,"Good","None or almost none","Agree","Easy to be myself",8,9,6,8,"Yes",18,"Yes, often","No",NA,NA,NA,NA,NA,"About the same",0,0,"None of the time","Easy","2",NA,"45-54",3,"   784.3",35696,45
475,1317.438,2021,35,"Female","European/Other","Degree","Not in labour force","Partnered","Parent",2,"Rented",214427,2,"NZ with overseas parent(s)","Non-disabled",6,7,7,"Very Good","None or almost none","Disagree","Sometimes easy, sometimes hard",3,4,0,2,"No",11,"Yes, sometimes","Yes, sometimes",NA,NA,NA,NA,NA,"Moved here recently",0,0,"A little of the time","Easy","2",NA,"35-44",3,"   281.1",12880,12
476,1298.472,2021,23,"Male","Māori","Less than secondary school","Employed","Partnered","Not a parent",0,"Rented",36624,9,"NZ with NZ parents","Non-disabled",8,8,8,"Good","Conversational","Agree","Very easy to be myself",8,6,6,6,"Yes",8,"Yes, often","Yes, always",NA,NA,NA,NA,NA,"A little more",0,0,"A little of the time","Very easy","0",NA,"15-24",1,"   752.9",34224,56
477,4738.943,2021,66,"Female","European/Other","Less than secondary school","Employed","Not partnered","Not a parent",0,"Rented",35484,9,"NZ with unknown origin parents","Non-disabled",10,10,10,"Very Good","None or almost none","Strongly agree","Easy to be myself",5,10,5,8,"Yes",13,"Yes, often","No",NA,NA,NA,NA,NA,"No crime here",0,0,"A little of the time","Easy","0",NA,"65+",1,"   439.2",20608,31
478,4738.943,2021,43,"Male","European/Other","Post-secondary NCEA/diploma","Employed","Partnered","Not a parent",0,"Owned without mortgage",74837,7,"Long-term migrant","Non-disabled",4,10,9,"Good","None or almost none","Disagree","Sometimes easy, sometimes hard",8,9,7,9,"Yes",17,"No","No",NA,NA,NA,NA,NA,"About the same",1,0,"None of the time","Easy","0",NA,"35-44",2,"  1276.8",58880,64
479,985.3992,2021,67,"Female","Māori","Secondary school","Not in labour force","Partnered","Not a parent",0,"Owned with mortgage",21537,2,"Long-term migrant","Non-disabled",9,9,10,"Good","None or almost none","Disagree","Easy to be myself",8,8,5,7,"Yes",20,"No","No",NA,NA,NA,NA,NA,"A little more",0,0,"None of the time","Sometimes easy, sometimes hard","0",NA,"65+",1,"   774.5",36064,25
480,22320.36,2021,35,"Male","European/Other","Less than secondary school","Employed","Partnered","Parent",1,"Owned without mortgage",178360,2,"NZ with NZ parents","Non-disabled",8,9,9,"Very Good","None or almost none","Neither agree nor disagree","Very easy to be myself",7,9,4,2,"Yes",13,"No","Yes, sometimes",NA,NA,NA,NA,NA,"A little more",0,0,"None of the time","Easy","1",NA,"35-44",3,"   343.1",16192,32
481,11602.23,2021,88,"Male","European/Other","Post-secondary NCEA/diploma","Employed","Not partnered","Not a parent",0,"Owned with mortgage",20812,9,"Long-term migrant","Non-disabled",10,10,10,"Excellent","Conversational","Agree","Very easy to be myself",6,8,5,4,"Yes",20,"No","No",NA,NA,NA,NA,NA,"No crime here",0,0,"None of the time","Very easy","0",NA,"65+",1,"  2259.5",104144,30
482,1092.466,2021,66,"Female","European/Other","Degree","Not in labour force","Partnered","Not a parent",0,"Rented",76608,5,"NZ with NZ parents","Non-disabled",8,10,10,"Excellent","None or almost none","Neither agree nor disagree","Very easy to be myself",8,8,8,7,"Yes",20,"No","No",NA,NA,NA,NA,NA,"About the same",0,0,"None of the time","Very easy","0",NA,"65+",2,"   519.5",24288,37
483,1391.76,2021,55,"Female","Māori","Post-secondary NCEA/diploma","Employed","Partnered","Parent",1,"Rented",206636,4,"Long-term migrant","Non-disabled",4,7,7,"Fair","None or almost none","Neither agree nor disagree","Sometimes easy, sometimes hard",8,8,4,4,"Yes",14,"Yes, always","No",NA,NA,NA,NA,NA,"Moved here recently",0,0,"A little of the time","Hard","1",NA,"55-64",3,"   270.3",12144,16
484,1465.992,2021,27,"Male","European/Other","Less than secondary school","Not in labour force","Partnered","Not a parent",0,"Rented",127789,4,"Medium-term migrant","Non-disabled",7,8,8,"Excellent","None or almost none","Agree","Very easy to be myself",7,8,5,7,"No",12,"Yes, sometimes","Yes, sometimes",NA,NA,NA,NA,NA,"No crime here",0,1,"A little of the time","Very easy","0",NA,"25-34",3,"   720.3",33120,39
485,1767.177,2021,37,"Male","European/Other","Post-secondary NCEA/diploma","Employed","Not partnered","Not a parent",0,"Owned without mortgage",97158,7,"NZ with NZ parents","Non-disabled",6,8,7,"Very Good","Basic","Neither agree nor disagree","Easy to be myself",5,9,2,6,"Yes",16,"Yes, sometimes","No",NA,NA,NA,NA,NA,"A lot more",0,1,"A little of the time","Sometimes easy, sometimes hard","0",NA,"35-44",2,"   521.2",23552,36
486,913.5418,2021,58,"Female","European/Other","Degree","Not in labour force","Partnered","Not a parent",0,"Owned with mortgage",18240,6,"Long-term migrant","Non-disabled",7,8,8,"Fair","None or almost none","Neither agree nor disagree","Very easy to be myself",8,8,2,8,"Yes",6,"No","No",NA,NA,NA,NA,NA,"About the same",0,1,"None of the time","Easy","0",NA,"55-64",1,"   304.0",14352,17
487,739.2375,2021,63,"Male","Māori","Less than secondary school","Employed","Partnered","Not a parent",0,"Owned without mortgage",210903,7,"NZ with NZ parents","Non-disabled",10,9,10,"Good","None or almost none","Neither agree nor disagree","Easy to be myself",8,10,7,8,"Yes",20,"No","No",NA,NA,NA,NA,NA,"A little more",0,0,"None of the time","Easy","0",NA,"55-64",3,"   817.7",37168,45
488,211.4742,2021,88,"Female","Māori","Degree","Not in labour force","Partnered","Not a parent",0,"Owned with mortgage",140225,3,"Medium-term migrant","Non-disabled",4,8,8,"Good","None or almost none","Disagree","Easy to be myself",6,8,4,5,"Yes",14,"Yes, sometimes","No",NA,NA,NA,NA,NA,"About the same",0,0,"None of the time","Sometimes easy, sometimes hard","0",NA,"65+",3,"   440.4",19872,28
489,1335.825,2021,31,"Female","Māori","Secondary school","Employed","Not partnered","Not a parent",0,"Owned with mortgage",135725,5,"NZ with NZ parents","Non-disabled",7,7,6,"Good","None or almost none","Agree","Easy to be myself",8,8,0,2,"Yes",13,"Yes, often","Yes, sometimes",NA,NA,NA,NA,NA,"About the same",0,1,"None of the time","Sometimes easy, sometimes hard","0",NA,"25-34",3,"   238.1",10672,21
490,2631.063,2021,56,"Male","European/Other","Secondary school","Employed","Not partnered","Parent",1,"Owned with mortgage",75365,3,"NZ with NZ parents","Non-disabled",9,9,9,"Excellent","Conversational","Strongly agree","Very easy to be myself",6,9,1,6,"Yes",15,"No","No",NA,NA,NA,NA,NA,"About the same",0,1,"None of the time","Very easy","1",NA,"55-64",2,"   944.5",43056,40
491,1270.472,2021,28,"Male","Māori","Degree","Employed","Partnered","Parent",1,"Owned with mortgage",103464,8,"NZ with unknown origin parents","Non-disabled",3,7,9,"Very Good","Conversational","Strongly agree","Easy to be myself",7,6,4,5,"Yes",12,"Yes, sometimes","No",NA,NA,NA,NA,NA,"About the same",0,1,"A little of the time","Sometimes easy, sometimes hard","1",NA,"25-34",3,"   841.1",39008,14
492,827.4869,2021,38,"Male","Māori","Post-secondary NCEA/diploma","Not in labour force","Partnered","Parent",2,"Owned without mortgage",106454,2,"NZ with NZ parents","Non-disabled",7,10,9,"Very Good","Basic","Strongly agree","Easy to be myself",7,6,2,3,"Yes",20,"No","No",NA,NA,NA,NA,NA,"A little more",0,0,"None of the time","Easy","2",NA,"35-44",3,"   985.4",45632,38
493,827.4869,2021,37,"Female","Māori","Post-secondary NCEA/diploma","Not in labour force","Not partnered","Not a parent",0,"Rented",34433,6,"NZ with overseas parent(s)","Non-disabled",7,6,6,"Good","None or almost none","Neither agree nor disagree","Easy to be myself",7,8,7,6,"Yes",11,"Yes, sometimes","Yes, sometimes",NA,NA,NA,NA,NA,"Moved here recently",0,0,"Some of the time","Hard","0",NA,"35-44",1,"   210.3",9568,14
494,821.5873,2021,82,"Female","Māori","Degree","Employed","Partnered","Not a parent",0,"Owned with mortgage",86335,5,"Long-term migrant","Non-disabled",10,8,10,"Very Good","None or almost none","Neither agree nor disagree","Very easy to be myself",9,9,8,8,"Yes",20,"Yes, sometimes","No",NA,NA,NA,NA,NA,"About the same",0,0,"A little of the time","Easy","0",NA,"65+",2,"  2082.9",95680,37
495,8235.609,2021,29,"Female","European/Other","Degree","Employed","Partnered","Not a parent",0,"Owned without mortgage",223059,7,"Recent migrant","Non-disabled",4,8,8,"Very Good","None or almost none","Agree","Easy to be myself",7,7,8,8,"Yes",14,"Yes, often","No",NA,NA,NA,NA,NA,"Moved here recently",0,0,"None of the time","Easy","0",NA,"25-34",3,"   478.5",21712,32
496,1709.785,2021,18,"Female","Māori","Less than secondary school","Not in labour force","Not partnered","Not a parent",0,"Rented",109917,7,"Medium-term migrant","Non-disabled",3,8,7,"Fair","None or almost none","Neither agree nor disagree","Sometimes easy, sometimes hard",10,10,8,10,"No",12,"Yes, often","Yes, sometimes",NA,NA,NA,NA,NA,"No crime here",0,0,"None of the time","Sometimes easy, sometimes hard","0",NA,"15-24",3,"   312.0",13984,26
497,1193.522,2021,40,"Female","Pacific","Less than secondary school","Employed","Partnered","Parent",3,"Owned without mortgage",100011,3,"Long-term migrant","Non-disabled",6,8,8,"Good","Basic","Neither agree nor disagree","Easy to be myself",4,9,2,2,"Yes",19,"No","No",NA,NA,NA,NA,NA,"A little more",0,0,"None of the time","Very easy","3",NA,"35-44",3,"   338.2",15824,32
498,1851.158,2021,66,"Male","European/Other","Post-secondary NCEA/diploma","Not in labour force","Not partnered","Not a parent",0,"Owned with mortgage",33236,7,"NZ with NZ parents","Non-disabled",5,9,10,"Very Good","Basic","Agree","Very easy to be myself",7,9,5,6,"Yes",13,"No","No",NA,NA,NA,NA,NA,"About the same",0,0,"None of the time","Very easy","0",NA,"65+",1,"  1154.5",52992,14
499,2429.809,2021,39,"Male","European/Other","Less than secondary school","Employed","Partnered","Parent",4,"Rented",141980,7,"NZ with NZ parents","Disabled",1,7,9,"Very Good","Basic","Strongly agree","Hard to be myself",2,4,5,4,"Yes",4,"Yes, always","Yes, sometimes",NA,NA,NA,NA,NA,"About the same",1,1,"A little of the time","Sometimes easy, sometimes hard","4+",NA,"35-44",3,"   726.1",33856,32
500,1559.844,2021,69,"Male","European/Other","Less than secondary school","Not in labour force","Not partnered","Not a parent",0,"Owned with mortgage",30889,2,"Long-term migrant","Non-disabled",7,8,10,"Excellent","None or almost none","Strongly disagree","Very easy to be myself",6,10,3,6,"Yes",14,"No","No",NA,NA,NA,NA,NA,"A little more",0,1,"Some of the time","Very easy","0",NA,"65+",1,"   459.5",21344,36
501,1365.798,2021,51,"Male","European/Other","Less than secondary school","Not in labour force","Partnered","Not a parent",0,"Rented",104442,6,"NZ with NZ parents","Non-disabled",6,8,8,"Very Good","Fluent","Neither agree nor disagree","Sometimes easy, sometimes hard",4,5,3,5,"Yes",10,"Yes, often","Yes, sometimes",NA,NA,NA,NA,NA,"A little less",1,1,"Some of the time","Easy","0",NA,"45-54",3,"   281.9",12880,10
502,1365.798,2021,37,"Female","European/Other","Degree","Not in labour force","Partnered","Parent",3,"Owned without mortgage",147332,3,"NZ with NZ parents","Non-disabled",4,9,10,"Excellent","Basic","Disagree","Very easy to be myself",8,9,2,3,"Yes",12,"No","No",NA,NA,NA,NA,NA,"About the same",0,0,"None of the time","Very easy","3",NA,"35-44",3,"   722.2",33488,34
503,8970.445,2021,46,"Female","European/Other","Secondary school","Employed","Partnered","Parent",1,"Owned without mortgage",153978,7,"Long-term migrant","Non-disabled",8,8,8,"Very Good","None or almost none","Agree","Easy to be myself",8,9,8,7,"Yes",20,"No","No",NA,NA,NA,NA,NA,"About the same",0,0,"A little of the time","Easy","1",NA,"45-54",3,"   443.2",20240,18
504,11712.87,2021,59,"Male","European/Other","Secondary school","Employed","Not partnered","Not a parent",0,"Rented",31419,6,"Long-term migrant","Non-disabled",3,4,5,"Poor","None or almost none","Agree","Very hard to be myself",7,7,10,7,"No",8,"Yes, always","Yes, sometimes",NA,NA,NA,NA,NA,"About the same",0,0,"Most of the time","Sometimes easy, sometimes hard","0",NA,"55-64",1,"   584.4",27232,32
505,10602.04,2021,48,"Male","European/Other","Post-secondary NCEA/diploma","Employed","Not partnered","Not a parent",0,"Rented",193913,1,"Long-term migrant","Non-disabled",2,10,10,"Good","None or almost none","Agree","Easy to be myself",7,8,7,6,"No",13,"Yes, always","Yes, sometimes",NA,NA,NA,NA,NA,"No crime here",0,0,"A little of the time","Easy","0",NA,"45-54",3,"   582.7",27232,44
506,6466.649,2021,38,"Female","European/Other","Degree","Employed","Partnered","Parent",2,"Owned without mortgage",107021,2,"NZ with NZ parents","Non-disabled",10,8,8,"Excellent","None or almost none","Agree","Very easy to be myself",7,8,4,6,"Yes",19,"No","Yes, sometimes",NA,NA,NA,NA,NA,"A little more",0,0,"A little of the time","Very easy","2",NA,"35-44",3,"   396.8",18032,32
507,97.86972,2021,45,"Male","European/Other","Post-secondary NCEA/diploma","Unemployed","Partnered","Parent",3,"Owned with mortgage",141444,2,"Long-term migrant","Non-disabled",10,9,9,"Very Good","None or almost none","Agree","Very easy to be myself",9,10,9,8,"Yes",16,"Yes, sometimes","No",NA,NA,NA,NA,NA,"A little more",0,0,"None of the time","Easy","3",NA,"45-54",3,"   638.8",29808,50
508,566.6075,2021,56,"Female","Māori","Less than secondary school","Not in labour force","Partnered","Not a parent",0,"Owned with mortgage",183053,5,"NZ with NZ parents","Disabled",8,6,9,"Fair","None or almost none","Strongly disagree","Easy to be myself",9,9,2,4,"Yes",16,"Yes, sometimes","Yes, sometimes",NA,NA,NA,NA,NA,"About the same",0,0,"None of the time","Very hard","0",NA,"55-64",3,"   157.8",7360,14
509,1158.016,2021,83,"Male","Asian","Post-secondary NCEA/diploma","Employed","Not partnered","Not a parent",0,"Rented",62216,9,"NZ with NZ parents","Non-disabled",10,5,8,"Excellent","None or almost none","Agree","Very easy to be myself",7,8,6,8,"Yes",19,"No","No",NA,NA,NA,NA,NA,"About the same",0,1,"A little of the time","Sometimes easy, sometimes hard","0",NA,"65+",2,"   952.1",43792,42
510,2846.549,2021,69,"Female","Māori","Degree","Employed","Partnered","Not a parent",0,"Owned without mortgage",15500,7,"NZ with NZ parents","Disabled",5,7,8,"Very Good","Basic","Agree","Very easy to be myself",8,9,3,0,"No",16,"No","No",NA,NA,NA,NA,NA,"No crime here",0,1,"None of the time","Easy","0",NA,"65+",1,"   487.9",22080,40
511,2846.549,2021,57,"Male","Māori","Less than secondary school","Employed","Not partnered","Not a parent",0,"Rented",69242,8,"NZ with NZ parents","Disabled",5,0,4,"Poor","Basic","Agree","Sometimes easy, sometimes hard",3,6,1,5,"Yes",7,"Yes, always","No",NA,NA,NA,NA,NA,"A lot more",1,1,"All of the time","Very hard","0",NA,"55-64",2,"   278.5",13248,42
512,21338.32,2021,22,"Male","European/Other","Less than secondary school","Employed","Not partnered","Not a parent",0,"Rented",46160,7,"NZ with NZ parents","Non-disabled",8,7,9,"Very Good","Basic","Strongly agree","Very easy to be myself",0,9,6,9,"Yes",17,"Yes, often","Yes, sometimes",NA,NA,NA,NA,NA,"About the same",0,0,"A little of the time","Sometimes easy, sometimes hard","0",NA,"15-24",1,"   754.5",34592,116
513,256.5708,2021,45,"Female","Māori","Post-secondary NCEA/diploma","Unemployed","Not partnered","Not a parent",0,"Rented",29927,1,"Long-term migrant","Non-disabled",5,5,5,"Poor","None or almost none","Agree","Very easy to be myself",8,6,6,7,"Yes",12,"Yes, sometimes","No",NA,NA,NA,NA,NA,"A little more",0,0,"All of the time","Hard","0",NA,"45-54",1,"   301.8",13616,22
514,1916.983,2021,55,"Male","European/Other","Secondary school","Not in labour force","Not partnered","Not a parent",0,"Owned without mortgage",35525,8,"Long-term migrant","Non-disabled",7,8,7,"Good","None or almost none","Strongly agree","Easy to be myself",7,7,6,6,"Yes",14,"No","Yes, sometimes",NA,NA,NA,NA,NA,"A lot more",0,0,"A little of the time","Sometimes easy, sometimes hard","0",NA,"55-64",1,"   768.6",35328,24
515,1043.077,2021,65,"Male","Māori","Secondary school","Employed","Not partnered","Not a parent",0,"Owned with mortgage",35352,10,"NZ with NZ parents","Non-disabled",2,8,10,"Good","Basic","Neither agree nor disagree","Easy to be myself",5,10,5,10,"Yes",17,"No","No",NA,NA,NA,NA,NA,"A little more",0,0,"None of the time","Very easy","0",NA,"65+",1,"   377.6",17664,32
516,6380.376,2021,45,"Male","European/Other","Post-secondary NCEA/diploma","Employed","Partnered","Not a parent",0,"Owned without mortgage",103117,4,"NZ with NZ parents","Disabled",10,6,10,"Very Good","None or almost none","Agree","Very easy to be myself",7,10,2,0,"No",14,"Yes, sometimes","No",NA,NA,NA,NA,NA,"No crime here",0,0,"A little of the time","Very easy","0",NA,"45-54",3,"   309.6",14352,14
517,6601.8,2021,40,"Female","European/Other","Post-secondary NCEA/diploma","Employed","Partnered","Parent",4,"Owned without mortgage",176083,6,"Long-term migrant","Non-disabled",9,8,10,"Good","None or almost none","Strongly disagree","Very easy to be myself",7,9,7,9,"No",11,"Yes, sometimes","No",NA,NA,NA,NA,NA,"No crime here",0,1,"None of the time","Easy","4+",NA,"35-44",3,"   579.0",26864,23
518,3808.186,2021,26,"Male","European/Other","Degree","Employed","Partnered","Not a parent",0,"Owned without mortgage",103464,4,"NZ with NZ parents","Non-disabled",9,8,7,"Excellent","None or almost none","Strongly agree","Very easy to be myself",9,9,8,9,"Yes",19,"Not applicable","Yes, sometimes",NA,NA,NA,NA,NA,"Moved here recently",0,1,"A little of the time","Sometimes easy, sometimes hard","0",NA,"25-34",3,"   344.7",15824,25
519,1066.941,2021,27,"Male","Māori","Less than secondary school","Employed","Not partnered","Not a parent",0,"Rented",149482,9,"Long-term migrant","Non-disabled",3,7,8,"Fair","None or almost none","Agree","Sometimes easy, sometimes hard",5,4,3,6,"Yes",5,"Yes, always","Yes, sometimes",NA,NA,NA,NA,NA,"No crime here",0,1,"None of the time","Very easy","0",NA,"25-34",3,"   353.7",16560,36
520,5053.432,2021,86,"Male","European/Other","Secondary school","Employed","Partnered","Not a parent",0,"Rented",35990,10,"Medium-term migrant","Disabled",8,8,10,"Very Good","None or almost none","Disagree","Very easy to be myself",7,4,5,6,"Yes",14,"No","No",NA,NA,NA,NA,NA,"No crime here",0,0,"Some of the time",NA,"0",NA,"65+",1,"   463.5",20976,32
521,4855.796,2021,34,"Male","European/Other","Post-secondary NCEA/diploma","Employed","Partnered","Not a parent",0,"Rented",59997,9,"Medium-term migrant","Non-disabled",5,10,10,"Excellent","None or almost none","Agree","Very easy to be myself",7,9,6,9,"No",12,"Yes, often","Yes, sometimes",NA,NA,NA,NA,NA,"No crime here",0,0,"None of the time","Sometimes easy, sometimes hard","0",NA,"25-34",2,"   817.1",37904,33
522,4062.497,2021,53,"Male","European/Other","Post-secondary NCEA/diploma","Employed","Partnered","Parent",1,"Owned without mortgage",259213,2,"Long-term migrant","Disabled",0,7,9,"Poor","None or almost none","Strongly agree","Sometimes easy, sometimes hard",7,5,8,6,"Yes",3,"No","No",NA,NA,NA,NA,NA,"A lot more",1,1,"Some of the time",NA,"1",NA,"45-54",3,"   661.9",30176,34
523,10650.61,2021,26,"Male","European/Other","Secondary school","Employed","Not partnered","Not a parent",0,"Rented",49883,10,"Recent migrant","Non-disabled",0,3,3,"Good","None or almost none","Agree","Easy to be myself",2,0,0,0,"No",12,"No","Yes, sometimes",NA,NA,NA,NA,NA,"Moved here recently",1,0,"None of the time","Easy","0",NA,"25-34",1,"  1142.0",52624,32
524,2363.504,2021,33,"Male","European/Other","Post-secondary NCEA/diploma","Not in labour force","Partnered","Not a parent",0,"Owned without mortgage",116362,10,"NZ with NZ parents","Non-disabled",7,8,9,"Good","Basic","Neither agree nor disagree","Very easy to be myself",8,9,4,7,"Yes",13,"Not applicable","Yes, sometimes",NA,NA,NA,NA,NA,"Moved here recently",0,0,"None of the time","Very easy","0",NA,"25-34",3,"   467.1",21712,32
525,2392.988,2021,20,"Female","European/Other","Less than secondary school","Not in labour force","Not partnered","Not a parent",0,"Rented",137353,10,"NZ with NZ parents","Non-disabled",4,5,6,"Very Good","Conversational","Strongly agree","Easy to be myself",7,8,5,5,"No",0,"No","No",NA,NA,NA,NA,NA,"A lot more",0,1,"A little of the time","Easy","0",NA,"15-24",3,"   167.8",7360,19
526,1403.913,2021,40,"Male","Māori","Degree","Not in labour force","Not partnered","Not a parent",0,"Owned without mortgage",131272,2,"NZ with overseas parent(s)","Non-disabled",7,8,8,"Excellent","None or almost none","Agree","Easy to be myself",8,8,5,6,"Yes",16,"Not applicable","No",NA,NA,NA,NA,NA,"A little more",0,0,"None of the time","Sometimes easy, sometimes hard","0",NA,"35-44",3,"   935.3",43424,20
527,4523.348,2021,93,"Male","European/Other","Secondary school","Employed","Not partnered","Not a parent",0,"Rented",45869,7,"Long-term migrant","Non-disabled",9,7,8,"Good","None or almost none","Strongly agree","Easy to be myself",8,9,8,8,"No",13,"Not applicable","No",NA,NA,NA,NA,NA,"A lot more",0,0,"A little of the time","Easy","0",NA,"65+",1,"   463.4",21344,36
528,1786.283,2021,41,"Female","European/Other","Less than secondary school","Employed","Not partnered","Parent",2,"Owned without mortgage",157910,5,"NZ with NZ parents","Non-disabled",7,7,10,"Very Good","None or almost none","Agree","Easy to be myself",9,10,8,8,"Yes",19,"Yes, sometimes","No",NA,NA,NA,NA,NA,"No crime here",1,1,"A little of the time","Sometimes easy, sometimes hard","2",NA,"35-44",3,"   285.6",12880,24
529,771.2234,2021,31,"Female","Māori","Secondary school","Employed","Partnered","Not a parent",0,"Rented",58656,7,"NZ with NZ parents","Non-disabled",6,8,8,"Very Good","Basic","Neither agree nor disagree","Very easy to be myself",10,8,6,5,"Yes",18,"No","No",NA,NA,NA,NA,NA,"No crime here",0,0,"None of the time","Very easy","0",NA,"25-34",2,"   559.5",25760,32
530,208.3685,2021,18,"Male","Māori","Degree","Not in labour force","Not partnered","Not a parent",0,"Owned without mortgage",110952,5,"NZ with NZ parents","Non-disabled",5,7,9,"Very Good","Conversational","Strongly agree","Easy to be myself",8,9,7,9,"Yes",16,"Yes, sometimes","Yes, sometimes",NA,NA,NA,NA,NA,"Moved here recently",0,0,"A little of the time","Hard","0",NA,"15-24",3,"   619.3",28336,45
531,902.2654,2021,26,"Male","European/Other","Secondary school","Not in labour force","Partnered","Not a parent",0,"Owned without mortgage",119901,10,"NZ with NZ parents","Non-disabled",7,9,9,"Excellent","Basic","Strongly agree","Very easy to be myself",7,9,7,7,"Yes",18,"Yes, sometimes","Yes, sometimes",NA,NA,NA,NA,NA,"About the same",0,0,"None of the time","Very easy","0",NA,"25-34",3,"   992.2",46000,37
532,6007.309,2021,78,"Male","European/Other","Post-secondary NCEA/diploma","Employed","Not partnered","Not a parent",0,"Owned without mortgage",42024,7,"NZ with NZ parents","Disabled",4,6,6,"Excellent","None or almost none","Neither agree nor disagree","Easy to be myself",7,2,1,3,"Yes",9,"No","No",NA,NA,NA,NA,NA,"A lot more",0,1,"None of the time","Very hard","0",NA,"65+",1,"   730.4",33488,42
533,9983.067,2021,84,"Female","European/Other","Less than secondary school","Employed","Not partnered","Not a parent",0,"Owned with mortgage",31436,5,"NZ with NZ parents","Disabled",6,5,6,"Fair","None or almost none","Strongly disagree","Very easy to be myself",5,10,0,7,"Yes",14,"Yes, always","Yes, always",NA,NA,NA,NA,NA,"No crime here",0,0,"Some of the time","Easy","0",NA,"65+",1,"   462.9",21344,29
534,797.3518,2021,64,"Female","European/Other","Secondary school","Not in labour force","Partnered","Not a parent",0,"Owned without mortgage",307421,9,"NZ with NZ parents","Non-disabled",8,10,8,"Good","None or almost none","Agree","Easy to be myself",8,9,5,5,"Yes",15,"No","No",NA,NA,NA,NA,NA,"No crime here",0,0,"None of the time","Easy","0",NA,"55-64",3,"   368.2",16560,38
535,1557.424,2021,28,"Male","European/Other","Secondary school","Not in labour force","Not partnered","Parent",2,"Rented",27172,7,"NZ with NZ parents","Non-disabled",9,8,9,"Good","Conversational","Agree","Very easy to be myself",7,10,7,8,"Yes",8,"Yes, often","Yes, always",NA,NA,NA,NA,NA,"No crime here",0,0,"None of the time","Sometimes easy, sometimes hard","2",NA,"25-34",1,"   559.9",26128,36
536,8014.789,2021,27,"Male","European/Other","Degree","Employed","Partnered","Not a parent",0,"Owned without mortgage",85673,6,"Long-term migrant","Non-disabled",5,8,7,"Good","None or almost none","Disagree","Easy to be myself",9,8,8,8,"No",16,"No","No",NA,NA,NA,NA,NA,"A little more",0,0,"Some of the time","Easy","0",NA,"25-34",2,"  2797.5",128432,53
537,712.0853,2021,54,"Female","Māori","Post-secondary NCEA/diploma","Employed","Not partnered","Not a parent",0,"Owned with mortgage",63004,6,"Long-term migrant","Non-disabled",5,7,7,"Good","None or almost none","Agree","Easy to be myself",7,8,8,8,"Yes",12,"Yes, often","Yes, sometimes",NA,NA,NA,NA,NA,"About the same",0,0,"A little of the time","Sometimes easy, sometimes hard","0",NA,"45-54",2,"   483.8",22080,27
538,14866.21,2021,40,"Female","European/Other","Secondary school","Employed","Partnered","Parent",2,"Owned without mortgage",133648,3,"NZ with NZ parents","Non-disabled",5,9,9,"Good","Basic","Agree","Very easy to be myself",7,10,5,7,"No",14,"No","No",NA,NA,NA,NA,NA,"No crime here",0,0,"None of the time","Easy","2",NA,"35-44",3,"   838.1",38272,20
539,837.7709,2021,89,"Female","European/Other","Secondary school","Not in labour force","Partnered","Not a parent",0,"Owned with mortgage",46022,10,"NZ with overseas parent(s)","Non-disabled",7,10,10,"Very Good","None or almost none","Disagree","Very easy to be myself",8,9,5,6,"Yes",16,"Yes, sometimes","No",NA,NA,NA,NA,NA,"About the same",0,0,"None of the time","Easy","0",NA,"65+",1,"   500.1",23184,11
540,113.6625,2021,52,"Female","Asian","Less than secondary school","Employed","Not partnered","Not a parent",0,"Owned without mortgage",86919,8,"NZ with NZ parents","Non-disabled",7,8,7,"Very Good","None or almost none","Neither agree nor disagree","Easy to be myself",7,4,3,4,"Yes",20,"Yes, sometimes","Yes, sometimes",NA,NA,NA,NA,NA,"A little more",0,0,"A little of the time","Easy","0",NA,"45-54",2,"   281.4",12880,16
541,5033.305,2021,28,"Male","European/Other","Degree","Employed","Not partnered","Parent",3,"Rented",21045,10,"NZ with NZ parents","Non-disabled",8,7,10,"Fair","Conversational","Agree","Easy to be myself",7,4,5,6,"Yes",15,"Yes, always","Yes, always",NA,NA,NA,NA,NA,"A lot more",0,1,"None of the time","Very easy","3",NA,"25-34",1,"  1438.0",65872,35
542,891.5598,2021,55,"Female","European/Other","Less than secondary school","Not in labour force","Partnered","Not a parent",0,"Owned without mortgage",37608,10,"NZ with NZ parents","Disabled",5,7,10,"Poor","Basic","Neither agree nor disagree","Sometimes easy, sometimes hard",5,7,2,3,"Yes",12,"Yes, often","Yes, sometimes",NA,NA,NA,NA,NA,"About the same",1,0,"Some of the time","Very hard","0",NA,"55-64",1,"   773.3",35328,44
543,138.8641,2021,15,"Male","Asian","Less than secondary school","Not in labour force","Not partnered","Not a parent",0,"Rented",130676,1,"Long-term migrant","Non-disabled",8,7,9,"Very Good","None or almost none","Agree","Very easy to be myself",5,0,4,7,"Yes",17,"No","Yes, sometimes",NA,NA,NA,NA,NA,"About the same",0,1,"None of the time","Easy","0",NA,"15-24",3,"   890.5",41216,57
544,6911.301,2021,42,"Male","European/Other","Post-secondary NCEA/diploma","Employed","Partnered","Parent",2,"Owned without mortgage",144598,8,"NZ with NZ parents","Non-disabled",7,9,10,"Excellent","Basic","Neither agree nor disagree","Very easy to be myself",7,8,7,7,"Yes",16,"No","No",NA,NA,NA,NA,NA,"A lot more",0,0,"None of the time","Very easy","2",NA,"35-44",3,"   924.7",42320,106
545,7319.26,2021,62,"Male","European/Other","Less than secondary school","Employed","Not partnered","Not a parent",0,"Owned without mortgage",187049,2,"NZ with NZ parents","Non-disabled",7,6,7,"Fair","Basic","Agree","Very easy to be myself",8,8,3,5,"Yes",9,"Yes, sometimes","Yes, sometimes",NA,NA,NA,NA,NA,"A little more",0,1,"None of the time","Easy","0",NA,"55-64",3,"   691.1",32016,41
546,2927.704,2021,26,"Female","European/Other","Less than secondary school","Employed","Not partnered","Not a parent",0,"Rented",66254,10,"NZ with overseas parent(s)","Non-disabled",5,6,7,"Poor","Basic","Agree","Easy to be myself",5,8,5,7,"No",14,"No","Yes, sometimes",NA,NA,NA,NA,NA,"A little more",0,0,"None of the time","Very easy","0",NA,"25-34",2,"   298.6",13616,56
547,602.9279,2021,48,"Male","Māori","Degree","Employed","Not partnered","Not a parent",0,"Rented",43881,9,"Long-term migrant","Non-disabled",4,4,7,"Fair","Basic","Neither agree nor disagree","Sometimes easy, sometimes hard",7,9,1,2,"Yes",7,"Yes, sometimes","No",NA,NA,NA,NA,NA,"Moved here recently",0,0,"Some of the time","Hard","0",NA,"45-54",1,"   321.3",15088,10
548,1664.036,2021,67,"Female","European/Other","Secondary school","Employed","Partnered","Not a parent",0,"Owned with mortgage",42679,6,"NZ with overseas parent(s)","Non-disabled",5,4,7,"Fair","None or almost none","Disagree","Very easy to be myself",7,9,5,4,"Yes",14,"Yes, often","No",NA,NA,NA,NA,NA,"About the same",0,0,"None of the time","Sometimes easy, sometimes hard","0",NA,"65+",1,"   329.7",15088,32
549,199.4579,2021,82,"Female","Māori","Post-secondary NCEA/diploma","Not in labour force","Not partnered","Not a parent",0,"Owned with mortgage",47699,8,"NZ with overseas parent(s)","Non-disabled",2,8,6,"Good","None or almost none","Neither agree nor disagree","Easy to be myself",0,5,0,0,"Yes",14,"Yes, sometimes","No",NA,NA,NA,NA,NA,"A little more",0,0,"Some of the time","Sometimes easy, sometimes hard","0",NA,"65+",1,"   349.9",15824,18
550,1132.119,2021,87,"Male","European/Other","Less than secondary school","Not in labour force","Not partnered","Not a parent",0,"Owned with mortgage",11178,5,"NZ with NZ parents","Non-disabled",5,2,8,"Poor","None or almost none","Agree","Very easy to be myself",8,9,4,4,"Yes",19,"No","No",NA,NA,NA,NA,NA,"A little more",0,0,"A little of the time","Very easy","0",NA,"65+",1,"   636.4",29440,36
551,356.3727,2021,32,"Female","Māori","Secondary school","Not in labour force","Partnered","Parent",3,"Rented",45889,4,"Long-term migrant","Non-disabled",10,9,9,"Excellent","None or almost none","Disagree","Easy to be myself",8,10,6,10,"No",13,"No","No",NA,NA,NA,NA,NA,"No crime here",0,0,"All of the time","Very hard","3",NA,"25-34",1,"   320.0",14352,32
552,3156.403,2021,25,"Female","European/Other","Less than secondary school","Employed","Partnered","Parent",1,"Rented",68239,6,"NZ with NZ parents","Non-disabled",9,9,9,"Good","None or almost none","Strongly agree","Very easy to be myself",5,9,7,7,"No",16,"Yes, often","No",NA,NA,NA,NA,NA,"No crime here",0,0,"None of the time","Hard","1",NA,"25-34",2,"   714.3",32752,48
553,231.736,2021,87,"Female","Māori","Secondary school","Employed","Partnered","Not a parent",0,"Owned with mortgage",41710,5,"Long-term migrant","Non-disabled",8,10,8,"Good","None or almost none","Disagree","Easy to be myself",8,9,0,3,"Yes",20,"No","No",NA,NA,NA,NA,NA,"About the same",0,1,"None of the time","Hard","0",NA,"65+",1,"   721.0",33120,24
554,4542.942,2021,60,"Male","European/Other","Less than secondary school","Not in labour force","Partnered","Not a parent",0,"Owned with mortgage",145846,3,"NZ with NZ parents","Non-disabled",10,0,10,"Excellent","None or almost none","Neither agree nor disagree","Very easy to be myself",6,8,3,5,"No",12,"No","Yes, sometimes",NA,NA,NA,NA,NA,"About the same",1,0,"A little of the time","Hard","0",NA,"55-64",3,"   417.8",19504,32
555,7743.343,2021,35,"Male","European/Other","Post-secondary NCEA/diploma","Employed","Partnered","Parent",1,"Rented",60858,9,"NZ with NZ parents","Non-disabled",3,8,5,"Very Good","None or almost none","Disagree","Sometimes easy, sometimes hard",3,5,0,0,"Yes",14,"Yes, always","No",NA,NA,NA,NA,NA,"A little less",1,0,"A little of the time","Very hard","1",NA,"35-44",2,"   776.0",35328,36
556,2958.246,2021,49,"Female","Māori","Less than secondary school","Employed","Not partnered","Not a parent",0,"Rented",86291,7,"Long-term migrant","Non-disabled",5,7,8,"Very Good","None or almost none","Agree","Easy to be myself",6,4,3,3,"Yes",17,"No","No",NA,NA,NA,NA,NA,"A little more",0,0,"A little of the time","Easy","0",NA,"45-54",2,"   159.7",7360,22
557,4057.743,2021,62,"Male","European/Other","Less than secondary school","Employed","Partnered","Not a parent",0,"Owned without mortgage",30003,6,"NZ with NZ parents","Non-disabled",9,8,9,"Good","None or almost none","Disagree","Very easy to be myself",6,9,3,5,"Yes",14,"No","No",NA,NA,NA,NA,NA,"About the same",0,0,"None of the time","Easy","0",NA,"55-64",1,"   720.7",32752,32
558,5235.592,2021,70,"Female","European/Other","Less than secondary school","Employed","Not partnered","Not a parent",0,"Owned without mortgage",34834,10,"NZ with NZ parents","Non-disabled",5,4,5,"Fair","None or almost none","Agree","Easy to be myself",5,5,4,5,"Yes",16,"Yes, sometimes","No",NA,NA,NA,NA,NA,"About the same",0,0,"Most of the time","Easy","0",NA,"65+",1,"    10.1",736,2
559,1485.605,2021,28,"Male","Māori","Degree","Not in labour force","Not partnered","Not a parent",0,"Owned without mortgage",150133,8,"Medium-term migrant","Non-disabled",7,7,8,"Good","None or almost none","Agree","Easy to be myself",7,8,3,5,"Yes",17,"Yes, sometimes","Yes, sometimes",NA,NA,NA,NA,NA,"About the same",1,1,"A little of the time","Easy","0",NA,"25-34",3,"   508.7",23184,21
560,423.4166,2021,74,"Male","Pacific","Less than secondary school","Not in labour force","Partnered","Not a parent",0,"Owned with mortgage",45552,7,"NZ with NZ parents","Disabled",4,8,7,"Good","None or almost none","Strongly disagree","Easy to be myself",7,8,5,6,"Yes",12,"No","No",NA,NA,NA,NA,NA,"No crime here",0,0,"None of the time","Sometimes easy, sometimes hard","0",NA,"65+",1,"   302.3",14352,26
561,1605.828,2021,56,"Male","European/Other","Degree","Not in labour force","Partnered","Not a parent",0,"Owned with mortgage",149375,6,"NZ with NZ parents","Non-disabled",10,9,9,"Very Good","None or almost none","Disagree","Very easy to be myself",9,10,8,9,"Yes",17,"No","No",NA,NA,NA,NA,NA,"About the same",0,0,"None of the time","Easy","0",NA,"55-64",3,"   866.4",40112,45
562,1561.254,2021,52,"Female","European/Other","Less than secondary school","Not in labour force","Partnered","Parent",1,"Owned without mortgage",107921,9,"NZ with NZ parents","Non-disabled",8,7,7,"Fair","Basic","Neither agree nor disagree","Easy to be myself",3,8,2,3,"Yes",20,"No","No",NA,NA,NA,NA,NA,"A little more",0,0,"None of the time","Easy","1",NA,"45-54",3,"   597.8",27232,57
563,569.3007,2021,16,"Male","Māori","Secondary school","Not in labour force","Partnered","Not a parent",0,"Owned without mortgage",58197,9,"NZ with unknown origin parents","Non-disabled",5,5,7,"Fair","None or almost none","Agree","Easy to be myself",3,0,0,0,"Yes",4,"Yes, often","Yes, sometimes",NA,NA,NA,NA,NA,"About the same",0,0,"None of the time","Very easy","0",NA,"15-24",2,"   525.5",23920,28
564,1732.199,2021,49,"Male","Māori","Post-secondary NCEA/diploma","Employed","Not partnered","Not a parent",0,"Owned without mortgage",28342,2,"NZ with NZ parents","Non-disabled",6,4,5,"Fair","Basic","Agree","Easy to be myself",6,8,4,7,"Yes",17,"Not applicable","No",NA,NA,NA,NA,NA,"Moved here recently",0,0,"Some of the time","Sometimes easy, sometimes hard","0",NA,"45-54",1,"   730.3",33488,24
565,2628.65,2021,64,"Male","Māori","Degree","Employed","Not partnered","Not a parent",0,"Owned with mortgage",73205,2,"NZ with NZ parents","Non-disabled",7,8,7,"Very Good","None or almost none","Agree","Very easy to be myself",8,8,7,8,"Yes",19,"No","No",NA,NA,NA,NA,NA,"About the same",0,0,"A little of the time","Very easy","0",NA,"55-64",2,"  1074.9",49680,37
566,2753.678,2021,18,"Male","European/Other","Less than secondary school","Not in labour force","Not partnered","Not a parent",0,"Rented",25406,8,"NZ with NZ parents","Non-disabled",5,10,10,"Good","None or almost none","Agree","Very easy to be myself",8,8,7,9,"No",16,"No","No",NA,NA,NA,NA,NA,"No crime here",0,0,"None of the time","Sometimes easy, sometimes hard","0",NA,"15-24",1,"   374.1",16928,32
567,11413.94,2021,82,"Female","European/Other","Secondary school","Employed","Not partnered","Not a parent",0,"Rented",46091,9,"NZ with overseas parent(s)","Non-disabled",5,8,8,"Good","None or almost none","Neither agree nor disagree","Very easy to be myself",8,7,5,7,"Yes",16,"Yes, sometimes","No",NA,NA,NA,NA,NA,"A little more",0,0,"None of the time","Easy","0",NA,"65+",1,"   466.6",21712,30
568,1007.725,2021,15,"Male","Asian","Less than secondary school","Employed","Not partnered","Not a parent",0,"Rented",54753,9,"NZ with overseas parent(s)","Disabled",6,6,2,"Fair","Conversational","Strongly agree","Easy to be myself",1,2,1,2,"Not eligible",19,"No","Yes, sometimes",NA,NA,NA,NA,NA,"About the same",1,1,"Some of the time","Sometimes easy, sometimes hard","0",NA,"15-24",2,"   941.9",43424,27
569,1025.078,2021,45,"Female","Asian","Post-secondary NCEA/diploma","Not in labour force","Partnered","Not a parent",0,"Rented",112391,5,"Long-term migrant","Non-disabled",5,9,9,"Very Good","None or almost none","Strongly agree","Very easy to be myself",6,6,5,6,"Yes",17,"No","Yes, sometimes",NA,NA,NA,NA,NA,"No crime here",0,0,"None of the time","Very hard","0",NA,"45-54",3,"   412.5",19136,30
570,2993.2,2021,87,"Female","European/Other","Degree","Employed","Partnered","Not a parent",0,"Rented",83738,5,"NZ with NZ parents","Non-disabled",8,10,10,"Excellent","None or almost none","Neither agree nor disagree","Very easy to be myself",8,8,8,7,"Yes",20,"No","No",NA,NA,NA,NA,NA,"About the same",0,0,"None of the time","Very easy","0",NA,"65+",2,"    70.9",2944,5
571,2884.111,2021,21,"Male","European/Other","Secondary school","Employed","Partnered","Parent",2,"Rented",51192,10,"NZ with NZ parents","Non-disabled",8,6,8,"Good","Basic","Agree","Very easy to be myself",5,5,8,5,"No",16,"No","No",NA,NA,NA,NA,NA,"A little more",0,0,"All of the time","Easy","2",NA,"15-24",2,"   607.6",27600,32
572,2029.85,2021,27,"Male","European/Other","Less than secondary school","Employed","Not partnered","Parent",1,"Rented",33908,6,"NZ with NZ parents","Non-disabled",4,7,10,"Fair","Basic","Strongly agree","Very easy to be myself",1,4,0,3,"Yes",5,"Yes, often","Yes, sometimes",NA,NA,NA,NA,NA,"No crime here",0,1,"None of the time","Sometimes easy, sometimes hard","1",NA,"25-34",1,"   255.5",12144,16
573,1725.698,2021,81,"Female","Māori","Secondary school","Employed","Partnered","Not a parent",0,"Rented",20483,8,"Medium-term migrant","Non-disabled",0,10,7,"Fair","None or almost none","Agree","Hard to be myself",3,6,8,5,"Yes",8,"Yes, always","Yes, sometimes",NA,NA,NA,NA,NA,"A little more",0,1,"A little of the time","Sometimes easy, sometimes hard","0",NA,"65+",1,"   309.0",14352,25
574,7361.551,2021,73,"Male","European/Other","Degree","Employed","Not partnered","Not a parent",0,"Owned with mortgage",154164,6,"Long-term migrant","Non-disabled",10,6,10,"Good","Basic","Strongly agree","Sometimes easy, sometimes hard",8,8,7,7,"Yes",20,"No","No",NA,NA,NA,NA,NA,"No crime here",1,1,"A little of the time","Easy","0",NA,"65+",3,"   889.8",40480,42
575,647.106,2021,26,"Male","Māori","Degree","Employed","Partnered","Parent",1,"Rented",148195,10,"Recent migrant","Non-disabled",7,9,10,"Excellent","Basic","Strongly agree","Very easy to be myself",7,8,3,5,"No",18,"Yes, sometimes","No",NA,NA,NA,NA,NA,"About the same",0,0,"None of the time","Very easy","1",NA,"25-34",3,"  1166.3",54096,32
576,1303.556,2021,35,"Male","European/Other","Post-secondary NCEA/diploma","Not in labour force","Partnered","Parent",3,"Owned without mortgage",107827,3,"Long-term migrant","Non-disabled",5,9,8,"Good","Basic","Agree","Very easy to be myself",7,9,5,5,"Yes",10,"No","Yes, sometimes",NA,NA,NA,NA,NA,"About the same",0,0,"A little of the time","Easy","3",NA,"35-44",3,"   438.8",20240,18
577,2103.489,2021,47,"Male","European/Other","Less than secondary school","Not in labour force","Partnered","Parent",2,"Owned without mortgage",63266,8,"NZ with NZ parents","Non-disabled",8,8,7,"Good","Basic","Neither agree nor disagree","Easy to be myself",7,9,4,7,"Yes",14,"Yes, sometimes","Yes, sometimes",NA,NA,NA,NA,NA,"About the same",0,0,"None of the time","Easy","2",NA,"45-54",2,"   513.8",23920,32
578,4585.736,2021,77,"Male","European/Other","Secondary school","Employed","Partnered","Not a parent",0,"Owned with mortgage",34825,1,"NZ with NZ parents","Non-disabled",8,8,6,"Fair","None or almost none","Agree","Easy to be myself",9,8,7,8,"Yes",14,"Yes, sometimes","No",NA,NA,NA,NA,NA,"A little more",0,0,"A little of the time","Hard","0",NA,"65+",1,"   532.1",24288,14
579,2716.959,2021,35,"Male","European/Other","Degree","Employed","Partnered","Parent",3,"Owned without mortgage",57354,4,"NZ with overseas parent(s)","Non-disabled",7,8,8,"Excellent","None or almost none","Disagree","Easy to be myself",6,8,6,6,"Yes",19,"Yes, often","Yes, sometimes",NA,NA,NA,NA,NA,"No crime here",0,0,"Some of the time",NA,"3",NA,"35-44",2,"  1133.0",52256,42
580,5559.011,2021,35,"Female","European/Other","Secondary school","Employed","Partnered","Parent",2,"Owned without mortgage",99244,8,"Medium-term migrant","Non-disabled",4,7,8,"Good","None or almost none","Neither agree nor disagree","Easy to be myself",3,8,5,3,"No",13,"Yes, often","Yes, sometimes",NA,NA,NA,NA,NA,"About the same",0,0,"None of the time","Easy","2",NA,"35-44",2,"   687.1",31648,32
581,1032.162,2021,85,"Female","European/Other","Secondary school","Not in labour force","Not partnered","Not a parent",0,"Rented",37881,8,"NZ with NZ parents","Disabled",10,5,5,"Fair","None or almost none","Neither agree nor disagree","Very easy to be myself",6,4,6,5,"No",19,"Yes, sometimes","Yes, sometimes",NA,NA,NA,NA,NA,"A little more",1,0,"Some of the time","Sometimes easy, sometimes hard","0",NA,"65+",1,"   470.8",22080,32
582,8537.233,2021,48,"Female","European/Other","Degree","Employed","Partnered","Not a parent",0,"Owned without mortgage",117346,4,"NZ with NZ parents","Non-disabled",9,8,9,"Very Good","None or almost none","Agree","Very easy to be myself",8,8,6,6,"Yes",19,"No","No",NA,NA,NA,NA,NA,"A little more",1,0,"A little of the time","Easy","0",NA,"45-54",3,"   848.2",38640,26
583,1840.474,2021,71,"Female","European/Other","Secondary school","Not in labour force","Not partnered","Not a parent",0,"Owned without mortgage",38247,9,"NZ with NZ parents","Disabled",5,8,8,"Poor","None or almost none","Strongly agree","Very easy to be myself",5,8,3,5,"Yes",20,"No","No",NA,NA,NA,NA,NA,"A lot less",0,0,"None of the time","Very easy","0",NA,"65+",1,"   442.6",20240,12
584,3743.79,2021,21,"Female","European/Other","Less than secondary school","Employed","Not partnered","Not a parent",0,"Owned with mortgage",131908,7,"NZ with NZ parents","Non-disabled",4,8,10,"Very Good","None or almost none","Agree","Very easy to be myself",8,8,6,7,"Yes",19,"No","No",NA,NA,NA,NA,NA,"A little more",1,0,"Some of the time","Very easy","0",NA,"15-24",3,"   303.9",14352,42
585,1196.374,2021,46,"Male","European/Other","Degree","Not in labour force","Partnered","Parent",2,"Owned with mortgage",154218,3,"Long-term migrant","Non-disabled",9,8,7,"Very Good","Basic","Strongly agree","Easy to be myself",8,8,7,8,"Yes",19,"Yes, sometimes","Yes, sometimes",NA,NA,NA,NA,NA,"About the same",0,0,"None of the time","Easy","2",NA,"45-54",3,"  3096.7",142416,40
586,3370.628,2021,39,"Male","European/Other","Degree","Employed","Partnered","Parent",1,"Owned without mortgage",149314,1,"NZ with NZ parents","Non-disabled",6,9,9,"Good","None or almost none","Agree","Very easy to be myself",6,7,5,7,"Yes",19,"No","No",NA,NA,NA,NA,NA,"About the same",0,0,"None of the time","Very easy","1",NA,"35-44",3,"   401.5",18768,18
587,2648.077,2021,68,"Male","European/Other","Less than secondary school","Employed","Partnered","Not a parent",0,"Rented",67115,10,"NZ with overseas parent(s)","Non-disabled",10,10,10,"Very Good","None or almost none","Strongly agree","Easy to be myself",10,10,0,0,"Yes",20,"No","Yes, sometimes",NA,NA,NA,NA,NA,"A little more",0,0,"None of the time","Hard","0",NA,"65+",2,"   645.9",29808,41
588,704.6828,2021,19,"Male","European/Other","Post-secondary NCEA/diploma","Not in labour force","Not partnered","Parent",1,"Rented",20797,9,"Long-term migrant","Non-disabled",7,5,7,"Poor","None or almost none","Agree","Sometimes easy, sometimes hard",4,4,2,4,"Yes",10,"Yes, always","Yes, always",NA,NA,NA,NA,NA,"Moved here recently",0,0,"Most of the time","Easy","1",NA,"15-24",1,"   333.7",15456,41
589,919.1563,2021,75,"Male","European/Other","Post-secondary NCEA/diploma","Not in labour force","Not partnered","Not a parent",0,"Rented",59748,9,"NZ with NZ parents","Non-disabled",7,8,8,"Very Good","None or almost none","Disagree","Very easy to be myself",6,10,6,6,"Yes",19,"No","No",NA,NA,NA,NA,NA,"About the same",0,0,"None of the time","Easy","0",NA,"65+",2,"   352.4",15824,14
590,945.3981,2021,59,"Female","European/Other","Less than secondary school","Not in labour force","Not partnered","Not a parent",0,"Rented",68886,8,"NZ with NZ parents","Non-disabled",2,5,6,"Very Good","Basic","Agree","Very easy to be myself",8,8,8,8,"Yes",12,"Yes, sometimes","No",NA,NA,NA,NA,NA,"A lot more",0,0,"Some of the time","Easy","0",NA,"55-64",2,"   511.3",23184,29
591,1347.678,2021,16,"Female","European/Other","Degree","Not in labour force","Partnered","Not a parent",0,"Owned with mortgage",214297,3,"NZ with NZ parents","Non-disabled",8,9,10,"Very Good","None or almost none","Neither agree nor disagree","Easy to be myself",8,8,5,4,"Yes",18,"No","No",NA,NA,NA,NA,NA,"A little more",0,0,"None of the time","Easy","0",NA,"15-24",3,"   587.9",26864,34
592,200.9608,2021,20,"Male","Māori","Post-secondary NCEA/diploma","Not in labour force","Not partnered","Not a parent",0,"Owned with mortgage",139814,2,"NZ with NZ parents","Disabled",7,7,10,"Excellent","None or almost none","Neither agree nor disagree","Very easy to be myself",6,8,0,2,"No",8,"Yes, sometimes","No",NA,NA,NA,NA,NA,"About the same",0,0,"Most of the time","Hard","0",NA,"15-24",3,"   421.0",19504,41
593,107.2895,2021,36,"Male","Māori","Degree","Not in labour force","Partnered","Parent",2,"Owned without mortgage",128222,9,"NZ with overseas parent(s)","Non-disabled",5,7,7,"Good","Basic","Agree","Very easy to be myself",5,7,4,1,"Yes",7,"No","Yes, sometimes",NA,NA,NA,NA,NA,"A little more",0,0,"None of the time","Easy","2",NA,"35-44",3,"   194.5",9200,48
594,1313.213,2021,49,"Male","European/Other","Less than secondary school","Not in labour force","Partnered","Parent",1,"Owned without mortgage",222211,5,"NZ with NZ parents","Non-disabled",9,9,10,"Excellent","Basic","Agree","Very easy to be myself",9,10,9,9,"Yes",20,"No","No",NA,NA,NA,NA,NA,"A lot more",0,0,"None of the time","Very easy","1",NA,"45-54",3,"   305.6",13984,20
595,1178.466,2021,22,"Male","Māori","Secondary school","Employed","Not partnered","Not a parent",0,"Rented",90158,7,"NZ with overseas parent(s)","Non-disabled",7,9,10,"Excellent","None or almost none","Strongly agree","Very easy to be myself",8,9,5,6,"Yes",17,"Yes, sometimes","Yes, sometimes",NA,NA,NA,NA,NA,"Moved here recently",0,0,"A little of the time","Very easy","0",NA,"15-24",2,"   304.2",13984,26
596,2213.292,2021,62,"Male","European/Other","Less than secondary school","Employed","Partnered","Not a parent",0,"Owned with mortgage",26282,3,"Long-term migrant","Disabled",8,8,7,"Good","None or almost none","Agree","Easy to be myself",8,8,2,7,"Yes",14,"No","No",NA,NA,NA,NA,NA,"About the same",0,0,"None of the time","Sometimes easy, sometimes hard","0",NA,"55-64",1,"   532.5",24656,36
597,6536.888,2021,42,"Female","European/Other","Secondary school","Employed","Partnered","Not a parent",0,"Owned without mortgage",62342,5,"Long-term migrant","Non-disabled",5,6,8,"Good","None or almost none","Agree","Easy to be myself",8,8,5,5,"Yes",18,"No","No",NA,NA,NA,NA,NA,"About the same",0,0,"A little of the time","Very easy","0",NA,"35-44",2,"   296.8",13616,12
598,3791.241,2021,75,"Female","European/Other","Secondary school","Employed","Partnered","Not a parent",0,"Owned without mortgage",86558,2,"Long-term migrant","Non-disabled",0,9,9,"Excellent","None or almost none","Neither agree nor disagree","Very easy to be myself",8,10,4,6,"Yes",18,"No","No",NA,NA,NA,NA,NA,"A little more",0,0,"None of the time","Easy","0",NA,"65+",2,"   325.8",14720,18
599,6497.438,2021,80,"Female","European/Other","Less than secondary school","Employed","Not partnered","Not a parent",0,"Owned with mortgage",31972,7,"NZ with NZ parents","Non-disabled",6,7,8,"Good","None or almost none","Disagree","Easy to be myself",5,8,4,5,"Yes",16,"Yes, sometimes","No",NA,NA,NA,NA,NA,"A little more",0,0,"A little of the time","Easy","0",NA,"65+",1,"   206.8",9568,4
600,3606.653,2021,35,"Female","European/Other","Post-secondary NCEA/diploma","Employed","Partnered","Not a parent",0,"Owned without mortgage",103804,6,"NZ with NZ parents","Non-disabled",10,8,10,"Very Good","None or almost none","Agree","Very easy to be myself",7,8,5,6,"Yes",18,"Yes, always","Yes, always",NA,NA,NA,NA,NA,"About the same",1,0,"None of the time","Easy","0",NA,"35-44",3,"   218.0",9936,16
601,1087.216,2021,66,"Male","Māori","Less than secondary school","Employed","Partnered","Not a parent",0,"Owned with mortgage",26569,7,"NZ with NZ parents","Non-disabled",9,10,9,"Very Good","None or almost none","Agree","Very easy to be myself",7,9,5,6,"Yes",18,"No","No",NA,NA,NA,NA,NA,"About the same",0,0,"None of the time","Sometimes easy, sometimes hard","0",NA,"65+",1,"  1199.8",54832,30
602,224.351,2021,59,"Female","Māori","Secondary school","Not in labour force","Partnered","Not a parent",0,"Owned without mortgage",83545,9,"Long-term migrant","Non-disabled",3,5,5,"Good","None or almost none","Agree","Sometimes easy, sometimes hard",8,9,7,9,"Yes",11,"No","Yes, sometimes",NA,NA,NA,NA,NA,"A lot less",1,1,"A little of the time","Very hard","0",NA,"55-64",2,"   531.9",24656,16
603,4550.339,2021,21,"Female","European/Other","Less than secondary school","Employed","Not partnered","Not a parent",0,"Owned without mortgage",59063,8,"NZ with NZ parents","Disabled",7,10,10,"Good","None or almost none","Strongly agree","Sometimes easy, sometimes hard",8,9,7,9,"Yes",8,"Not applicable","No",NA,NA,NA,NA,NA,"Moved here recently",1,0,"Some of the time","Sometimes easy, sometimes hard","0",NA,"15-24",2,"   326.4",15088,4
604,4550.339,2021,25,"Male","European/Other","Degree","Employed","Partnered","Not a parent",0,"Rented",147639,4,"NZ with NZ parents","Non-disabled",3,8,8,"Good","Basic","Strongly agree","Very easy to be myself",8,6,5,5,"Yes",9,"Yes, always","Yes, always",NA,NA,NA,NA,NA,"A little more",1,0,"A little of the time","Sometimes easy, sometimes hard","0",NA,"25-34",3,"   313.5",14352,25
605,1131.87,2021,29,"Female","European/Other","Less than secondary school","Not in labour force","Not partnered","Not a parent",0,"Rented",85364,7,"NZ with NZ parents","Non-disabled",4,6,7,"Fair","None or almost none","Neither agree nor disagree","Very easy to be myself",6,6,7,7,"Yes",12,"No","Yes, sometimes",NA,NA,NA,NA,NA,"No crime here",0,0,"None of the time","Very easy","0",NA,"25-34",2,"   639.2",29072,41
606,1131.87,2021,45,"Male","European/Other","Secondary school","Not in labour force","Partnered","Not a parent",0,"Rented",109930,7,"Recent migrant","Non-disabled",8,8,8,"Excellent","None or almost none","Agree","Very easy to be myself",8,10,9,9,"No",14,"No","No",NA,NA,NA,NA,NA,"About the same",0,0,"A little of the time","Very easy","0",NA,"45-54",3,"  1223.7",56304,40
607,1671.418,2021,67,"Female","European/Other","Secondary school","Not in labour force","Partnered","Not a parent",0,"Owned with mortgage",47950,1,"Long-term migrant","Disabled",10,10,10,"Good","None or almost none","Disagree","Easy to be myself",8,5,4,5,"Yes",16,"No","No",NA,NA,NA,NA,NA,"No crime here",0,0,"Some of the time","Easy","0",NA,"65+",1,"   711.3",32384,29
608,1861.833,2021,33,"Male","European/Other","Less than secondary school","Not in labour force","Not partnered","Parent",1,"Rented",36583,10,"NZ with unknown origin parents","Non-disabled",10,4,4,"Very Good","Basic","Agree","Easy to be myself",4,5,4,4,"No",0,"Not applicable","Yes, always",NA,NA,NA,NA,NA,"A lot more",0,0,"A little of the time","Easy","1",NA,"25-34",1,"   430.9",19872,32
609,6640.489,2021,26,"Male","European/Other","Less than secondary school","Employed","Partnered","Parent",1,"Owned without mortgage",97149,10,"NZ with NZ parents","Non-disabled",7,6,6,"Excellent","Basic","Strongly agree","Sometimes easy, sometimes hard",6,8,0,5,"Yes",17,"No","No",NA,NA,NA,NA,NA,"A lot more",0,1,"Most of the time","Very hard","1",NA,"25-34",2,"   456.6",20976,32
610,3599.859,2021,45,"Female","European/Other","Secondary school","Not in labour force","Partnered","Not a parent",0,"Owned with mortgage",78088,1,"Long-term migrant","Non-disabled",10,7,8,"Very Good","None or almost none","Agree","Easy to be myself",7,8,9,8,"Yes",18,"No","No",NA,NA,NA,NA,NA,"No crime here",0,0,"None of the time","Hard","0",NA,"45-54",2,"   629.3",29072,32
611,13276.94,2021,41,"Female","European/Other","Post-secondary NCEA/diploma","Employed","Partnered","Parent",2,"Owned without mortgage",33625,7,"Long-term migrant","Non-disabled",4,10,8,"Very Good","None or almost none","Agree","Hard to be myself",10,10,10,10,"Yes",10,"Yes, always","Yes, sometimes",NA,NA,NA,NA,NA,"A little less",0,0,"Some of the time","Sometimes easy, sometimes hard","2",NA,"35-44",1,"   282.5",13248,22
612,5001.54,2021,37,"Male","European/Other","Secondary school","Not in labour force","Partnered","Parent",2,"Rented",65303,9,"Long-term migrant","Non-disabled",5,6,6,"Good","None or almost none","Agree","Easy to be myself",5,10,5,8,"No",3,"Yes, often","Yes, sometimes",NA,NA,NA,NA,NA,"A little more",1,1,"None of the time","Easy","2",NA,"35-44",2,"   857.0",39008,44
613,15067.32,2021,25,"Female","European/Other","Degree","Employed","Partnered","Not a parent",0,"Owned without mortgage",84523,4,"Medium-term migrant","Non-disabled",4,8,7,"Very Good","None or almost none","Neither agree nor disagree","Easy to be myself",6,5,3,5,"No",18,"No","No",NA,NA,NA,NA,NA,"Moved here recently",0,0,"None of the time","Easy","0",NA,"25-34",2,"   956.7",43792,30
614,232.3188,2021,32,"Male","Pacific","Less than secondary school","Not in labour force","Partnered","Parent",3,"Owned without mortgage",128800,6,"Long-term migrant","Non-disabled",8,8,9,"Very Good","Basic","Agree","Very easy to be myself",9,10,8,8,"Yes",19,"No","No",NA,NA,NA,NA,NA,"A little more",0,0,"None of the time","Easy","3",NA,"25-34",3,"   335.7",15088,33
615,1250.147,2021,22,"Male","Māori","Less than secondary school","Employed","Not partnered","Not a parent",0,"Owned without mortgage",15876,6,"NZ with NZ parents","Non-disabled",8,9,10,"Very Good","None or almost none","Agree","Very easy to be myself",8,10,8,6,"Not eligible",15,"No","No",NA,NA,NA,NA,NA,"About the same",0,0,"None of the time","Very easy","0",NA,"15-24",1,"   256.6",11408,25
616,1578.065,2021,65,"Female","Asian","Less than secondary school","Employed","Not partnered","Not a parent",0,"Rented",46219,9,"NZ with NZ parents","Non-disabled",6,7,8,"Very Good","Basic","Disagree","Sometimes easy, sometimes hard",8,8,8,7,"Yes",19,"No","No",NA,NA,NA,NA,NA,"About the same",1,1,"Some of the time","Easy","0",NA,"65+",1,"   140.9",6256,6
617,1123.32,2021,59,"Male","Māori","Post-secondary NCEA/diploma","Not in labour force","Partnered","Not a parent",0,"Owned without mortgage",104142,10,"Long-term migrant","Non-disabled",3,5,5,"Good","None or almost none","Neither agree nor disagree","Easy to be myself",8,10,8,8,"Yes",15,"Yes, sometimes","Yes, sometimes",NA,NA,NA,NA,NA,"About the same",0,0,"A little of the time","Hard","0",NA,"55-64",3,"   828.3",37904,34
618,2273.549,2021,41,"Male","European/Other","Degree","Not in labour force","Partnered","Parent",2,"Owned with mortgage",175905,3,"NZ with overseas parent(s)","Non-disabled",10,10,10,"Excellent","None or almost none","Neither agree nor disagree","Very easy to be myself",4,3,2,4,"Yes",20,"No","No",NA,NA,NA,NA,NA,"No crime here",0,0,"A little of the time","Hard","2",NA,"35-44",3,"   399.8",18768,18
619,4448.962,2021,80,"Female","European/Other","Less than secondary school","Employed","Partnered","Not a parent",0,"Owned without mortgage",212127,5,"NZ with NZ parents","Non-disabled",8,10,8,"Good","None or almost none","Agree","Easy to be myself",8,10,8,10,"No",19,"No","No",NA,NA,NA,NA,NA,"About the same",0,0,"None of the time","Easy","0",NA,"65+",3,"   515.6",23552,32
620,1423.589,2021,92,"Male","European/Other","Less than secondary school","Not in labour force","Partnered","Not a parent",0,"Owned with mortgage",123244,4,"NZ with NZ parents","Disabled",10,7,9,"Very Good","None or almost none","Disagree","Very easy to be myself",8,9,6,8,"Yes",20,"No","No",NA,NA,NA,NA,NA,"No crime here",0,0,"A little of the time","Sometimes easy, sometimes hard","0",NA,"65+",3,"   687.0",32016,42
621,3558.133,2021,19,"Female","European/Other","Less than secondary school","Employed","Not partnered","Not a parent",0,"Rented",102439,8,"Long-term migrant","Non-disabled",3,10,10,"Good","None or almost none","Disagree","Sometimes easy, sometimes hard",3,1,2,2,"No",15,"Yes, often","No",NA,NA,NA,NA,NA,"A little more",1,1,"None of the time","Sometimes easy, sometimes hard","0",NA,"15-24",3,"   289.9",13616,56
622,13270.83,2021,50,"Male","European/Other","Post-secondary NCEA/diploma","Employed","Partnered","Not a parent",0,"Owned with mortgage",135634,2,"NZ with NZ parents","Non-disabled",10,8,8,"Good","Basic","Disagree","Sometimes easy, sometimes hard",4,2,2,2,"Yes",17,"No","No",NA,NA,NA,NA,NA,"A lot more",1,1,"None of the time","Sometimes easy, sometimes hard","0",NA,"45-54",3,"   856.3",39008,36
623,18520.99,2021,26,"Male","European/Other","Degree","Employed","Partnered","Parent",1,"Owned without mortgage",102846,7,"NZ with NZ parents","Non-disabled",4,7,10,"Fair","None or almost none","Agree","Easy to be myself",8,10,8,7,"Yes",16,"Yes, sometimes","No",NA,NA,NA,NA,NA,"About the same",0,1,"Some of the time","Sometimes easy, sometimes hard","1",NA,"25-34",3,"  1470.7",68080,17
624,10587.59,2021,35,"Male","European/Other","Degree","Employed","Not partnered","Not a parent",0,"Rented",270937,5,"Long-term migrant","Non-disabled",7,6,9,"Excellent","None or almost none","Agree","Sometimes easy, sometimes hard",7,9,3,9,"No",12,"No","No",NA,NA,NA,NA,NA,"Moved here recently",0,1,"Most of the time","Very easy","0",NA,"35-44",3,"  1126.3",52256,42
625,5453.129,2021,83,"Male","European/Other","Post-secondary NCEA/diploma","Not in labour force","Partnered","Not a parent",0,"Owned without mortgage",110822,8,"Long-term migrant","Disabled",5,8,9,"Good","None or almost none","Agree","Sometimes easy, sometimes hard",7,8,0,4,"Yes",16,"No","No",NA,NA,NA,NA,NA,"A lot more",0,1,"None of the time","Very easy","0",NA,"65+",3,"   386.3",18032,31
626,16693.01,2021,21,"Male","European/Other","Post-secondary NCEA/diploma","Employed","Not partnered","Not a parent",0,"Owned with mortgage",179881,5,"NZ with NZ parents","Non-disabled",6,8,8,"Good","Conversational","Strongly agree","Easy to be myself",5,2,4,3,"No",13,"Yes, sometimes","No",NA,NA,NA,NA,NA,"About the same",1,1,"Some of the time","Hard","0",NA,"15-24",3,"   343.7",15456,41
627,1224.747,2021,44,"Female","Asian","Degree","Not in labour force","Partnered","Not a parent",0,"Rented",44984,4,"Long-term migrant","Non-disabled",3,3,3,"Good","Basic","Disagree","Hard to be myself",2,7,4,4,"No",8,"Yes, sometimes","Yes, sometimes",NA,NA,NA,NA,NA,"A lot more",0,0,"A little of the time","Very hard","0",NA,"35-44",1,"   469.8",21344,26
628,9175.908,2021,85,"Female","European/Other","Secondary school","Employed","Partnered","Not a parent",0,"Owned with mortgage",41717,7,"NZ with NZ parents","Non-disabled",8,9,9,"Very Good","None or almost none","Neither agree nor disagree","Very easy to be myself",9,8,5,5,"Yes",14,"Yes, sometimes","No",NA,NA,NA,NA,NA,"About the same",0,0,"None of the time","Sometimes easy, sometimes hard","0",NA,"65+",1,"   256.8",12144,23
629,1437.13,2021,24,"Male","European/Other","Less than secondary school","Not in labour force","Not partnered","Not a parent",0,"Rented",80209,1,"NZ with NZ parents","Non-disabled",5,8,7,"Excellent","None or almost none","Agree","Very easy to be myself",8,7,9,7,"Yes",12,"No","No",NA,NA,NA,NA,NA,"No crime here",0,0,"Some of the time","Sometimes easy, sometimes hard","0",NA,"15-24",2,"   315.5",14352,13
630,64.81984,2021,67,"Male","Asian","Less than secondary school","Unemployed","Partnered","Not a parent",0,"Rented",14520,6,"NZ with unknown origin parents","Non-disabled",4,7,7,"Fair","None or almost none","Agree","Very easy to be myself",0,3,1,3,"Yes",13,"No","No",NA,NA,NA,NA,NA,"No crime here",0,1,"None of the time","Very easy","0",NA,"65+",1,"   662.9",30176,32
631,6223.526,2021,65,"Female","European/Other","Secondary school","Employed","Partnered","Not a parent",0,"Owned with mortgage",48854,3,"Long-term migrant","Disabled",4,5,6,"Poor","Basic","Agree","Hard to be myself",4,7,0,3,"Yes",5,"Yes, sometimes","Yes, sometimes",NA,NA,NA,NA,NA,"A little more",1,0,"A little of the time","Sometimes easy, sometimes hard","0",NA,"65+",1,"  1045.4",47840,32
632,1275.985,2021,26,"Female","European/Other","Degree","Not in labour force","Not partnered","Not a parent",0,"Owned without mortgage",139054,9,"NZ with NZ parents","Non-disabled",10,8,8,"Good","None or almost none","Neither agree nor disagree","Very easy to be myself",7,7,4,5,"Yes",19,"Yes, sometimes","No",NA,NA,NA,NA,NA,"No crime here",0,0,"A little of the time","Easy","0",NA,"25-34",3,"   796.9",36800,34
633,2404.126,2021,78,"Male","European/Other","Less than secondary school","Not in labour force","Not partnered","Not a parent",0,"Owned with mortgage",28742,8,"NZ with NZ parents","Non-disabled",8,6,6,"Very Good","None or almost none","Agree","Very easy to be myself",8,8,6,6,"Yes",14,"Yes, often","No",NA,NA,NA,NA,NA,"About the same",0,0,"Some of the time","Hard","0",NA,"65+",1,"   650.3",30176,17
634,287.0053,2021,82,"Female","Asian","Secondary school","Not in labour force","Not partnered","Not a parent",0,"Owned with mortgage",37190,1,"NZ with NZ parents","Non-disabled",7,9,10,"Very Good","None or almost none","Neither agree nor disagree","Very easy to be myself",7,10,3,2,"Yes",20,"No","No",NA,NA,NA,NA,NA,"About the same",0,1,"None of the time","Sometimes easy, sometimes hard","0",NA,"65+",1,"   216.4",9936,15
635,3507.709,2021,37,"Male","European/Other","Degree","Employed","Partnered","Parent",3,"Owned without mortgage",101847,5,"NZ with NZ parents","Non-disabled",5,8,8,"Very Good","None or almost none","Agree","Easy to be myself",6,10,6,3,"Yes",17,"Yes, sometimes","Yes, sometimes",NA,NA,NA,NA,NA,"About the same",0,0,"A little of the time","Sometimes easy, sometimes hard","3",NA,"35-44",3,"   830.4",38640,28
636,2483.78,2021,99,"Female","European/Other","Post-secondary NCEA/diploma","Not in labour force","Not partnered","Not a parent",0,"Owned with mortgage",66477,4,"NZ with NZ parents","Non-disabled",7,7,8,"Fair","None or almost none","Disagree","Very easy to be myself",9,9,7,8,"Yes",18,"No","No",NA,NA,NA,NA,NA,"About the same",0,0,"Most of the time","Easy","0",NA,"65+",2,"   231.2",10672,23
637,2417.108,2021,49,"Male","Asian","Post-secondary NCEA/diploma","Employed","Partnered","Parent",2,"Owned with mortgage",102503,1,"NZ with NZ parents","Non-disabled",8,9,9,"Excellent","Basic","Agree","Easy to be myself",7,7,3,5,"Yes",18,"Yes, sometimes","No",NA,NA,NA,NA,NA,"A little more",0,0,"None of the time","Very easy","2",NA,"45-54",3,"   497.0",22816,38
638,1809.233,2021,70,"Male","European/Other","Degree","Not in labour force","Not partnered","Not a parent",0,"Owned with mortgage",44965,8,"Long-term migrant","Non-disabled",10,4,8,"Good","None or almost none","Strongly disagree","Easy to be myself",9,9,5,9,"Yes",20,"Yes, sometimes","No",NA,NA,NA,NA,NA,"A little more",1,1,"A little of the time","Very easy","0",NA,"65+",1,"   543.5",25392,10
639,7569.411,2021,88,"Male","European/Other","Less than secondary school","Employed","Not partnered","Not a parent",0,"Owned with mortgage",23763,7,"NZ with NZ parents","Non-disabled",8,10,6,"Good","None or almost none","Neither agree nor disagree","Very easy to be myself",8,10,4,6,"Yes",19,"Yes, sometimes","No",NA,NA,NA,NA,NA,"A lot more",0,0,"A little of the time","Easy","0",NA,"65+",1,"  1054.8",48208,36
640,415.0249,2021,46,"Female","Pacific","Less than secondary school","Employed","Not partnered","Not a parent",0,"Rented",98583,2,"NZ with NZ parents","Non-disabled",8,5,8,"Good","None or almost none","Agree","Easy to be myself",9,9,3,3,"Yes",15,"No","No",NA,NA,NA,NA,NA,"No crime here",0,0,"Some of the time",NA,"0",NA,"45-54",2,"   127.1",5888,7
641,18985.03,2021,36,"Male","European/Other","Post-secondary NCEA/diploma","Employed","Partnered","Parent",2,"Rented",16058,8,"Recent migrant","Non-disabled",4,7,9,"Good","None or almost none","Neither agree nor disagree","Easy to be myself",5,10,5,8,"No",7,"Yes, sometimes","Yes, always",NA,NA,NA,NA,NA,"A lot less",0,1,"None of the time","Easy","2",NA,"35-44",1,"  1186.5",54832,39
642,5997.249,2021,31,"Male","European/Other","Secondary school","Employed","Partnered","Parent",2,"Owned without mortgage",47628,8,"NZ with NZ parents","Non-disabled",6,5,8,"Fair","None or almost none","Neither agree nor disagree","Sometimes easy, sometimes hard",5,5,3,3,"Yes",9,"Yes, sometimes","Yes, sometimes",NA,NA,NA,NA,NA,"A little more",1,1,"None of the time",NA,"2",NA,"25-34",1,"   737.2",33856,40
643,5855.953,2021,29,"Male","European/Other","Secondary school","Not in labour force","Not partnered","Not a parent",0,"Owned without mortgage",180620,3,"Medium-term migrant","Non-disabled",10,7,7,"Good","None or almost none","Neither agree nor disagree","Sometimes easy, sometimes hard",7,8,7,7,"No",18,"No","No",NA,NA,NA,NA,NA,"No crime here",0,1,"A little of the time","Very easy","0",NA,"25-34",3,"   563.1",25760,34
644,3858.134,2021,21,"Female","European/Other","Less than secondary school","Employed","Partnered","Not a parent",0,"Rented",35381,9,"NZ with NZ parents","Non-disabled",6,7,8,"Very Good","None or almost none","Agree","Sometimes easy, sometimes hard",7,5,3,6,"Yes",17,"Yes, sometimes","No",NA,NA,NA,NA,NA,"A lot more",1,1,"None of the time","Very easy","0",NA,"15-24",1,"    96.5",4048,6
645,3757.431,2021,70,"Female","European/Other","Degree","Not in labour force","Partnered","Not a parent",0,"Owned without mortgage",109031,9,"NZ with NZ parents","Non-disabled",8,9,9,"Excellent","None or almost none","Agree","Very easy to be myself",8,7,6,6,"Yes",12,"No","No",NA,NA,NA,NA,NA,"About the same",0,1,"Some of the time","Sometimes easy, sometimes hard","0",NA,"65+",3,"   263.3",12512,10
646,1934.25,2021,65,"Male","European/Other","Less than secondary school","Not in labour force","Partnered","Not a parent",0,"Owned with mortgage",21761,6,"NZ with overseas parent(s)","Disabled",4,7,7,"Very Good","None or almost none","Agree","Very easy to be myself",8,7,5,8,"Yes",15,"No","No",NA,NA,NA,NA,NA,"A little more",0,0,"A little of the time","Sometimes easy, sometimes hard","0",NA,"65+",1,"   652.6",29808,41
647,6893.354,2021,35,"Male","European/Other","Degree","Employed","Not partnered","Parent",2,"Owned without mortgage",72559,10,"NZ with NZ parents","Non-disabled",5,6,8,"Good","Basic","Agree","Sometimes easy, sometimes hard",5,8,3,5,"Yes",15,"Yes, sometimes","Yes, always",NA,NA,NA,NA,NA,"About the same",0,0,"None of the time","Sometimes easy, sometimes hard","2",NA,"35-44",2,"   934.2",43056,44
648,6893.354,2021,28,"Female","European/Other","Less than secondary school","Employed","Not partnered","Not a parent",0,"Owned without mortgage",57575,9,"NZ with NZ parents","Non-disabled",4,8,6,"Very Good","None or almost none","Neither agree nor disagree","Easy to be myself",5,5,4,4,"Yes",5,"No","No",NA,NA,NA,NA,NA,"About the same",0,0,"None of the time","Easy","0",NA,"25-34",2,"   154.1",7360,6
649,1609.275,2021,30,"Female","European/Other","Degree","Not in labour force","Partnered","Parent",1,"Rented",162113,4,"Recent migrant","Non-disabled",7,5,7,"Excellent","None or almost none","Neither agree nor disagree","Very easy to be myself",8,10,6,5,"No",12,"Yes, sometimes","Yes, always",NA,NA,NA,NA,NA,"No crime here",0,1,"None of the time","Very easy","1",NA,"25-34",3,"   471.7",21344,9
650,2838.118,2021,53,"Female","European/Other","Degree","Employed","Partnered","Not a parent",0,"Owned without mortgage",154469,2,"Long-term migrant","Non-disabled",7,7,9,"Very Good","None or almost none","Neither agree nor disagree","Sometimes easy, sometimes hard",8,10,7,9,"Yes",11,"Yes, always","Yes, sometimes",NA,NA,NA,NA,NA,"No crime here",0,0,"None of the time","Very hard","0",NA,"45-54",3,"   760.0",34592,19
651,1375.751,2021,66,"Male","European/Other","Less than secondary school","Employed","Partnered","Not a parent",0,"Owned with mortgage",188200,9,"NZ with NZ parents","Non-disabled",10,8,7,"Good","Basic","Disagree","Easy to be myself",9,10,7,7,"Yes",20,"No","No",NA,NA,NA,NA,NA,"No crime here",0,1,"None of the time","Very easy","0",NA,"65+",3,"  1036.2",47840,36
652,9709.211,2021,37,"Female","European/Other","Secondary school","Employed","Partnered","Parent",2,"Owned with mortgage",61066,3,"NZ with NZ parents","Non-disabled",8,7,8,"Very Good","None or almost none","Neither agree nor disagree","Very easy to be myself",7,7,5,5,"No",8,"Yes, often","Yes, sometimes",NA,NA,NA,NA,NA,"No crime here",0,0,"A little of the time","Sometimes easy, sometimes hard","2",NA,"35-44",2,"   191.7",8832,16
653,930.4944,2021,25,"Male","European/Other","Degree","Not in labour force","Partnered","Not a parent",0,"Rented",85171,7,"NZ with NZ parents","Non-disabled",9,7,9,"Very Good","Basic","Strongly agree","Very easy to be myself",7,8,6,8,"Yes",12,"Yes, always","Yes, sometimes",NA,NA,NA,NA,NA,"Moved here recently",1,1,"Some of the time","Easy","0",NA,"25-34",2,"   955.0",43792,38
654,3958.237,2021,82,"Female","Asian","Less than secondary school","Employed","Not partnered","Not a parent",0,"Owned with mortgage",63422,9,"NZ with NZ parents","Non-disabled",7,7,6,"Good","None or almost none","Neither agree nor disagree","Very easy to be myself",8,8,2,4,"Yes",18,"No","No",NA,NA,NA,NA,NA,"About the same",0,0,"Most of the time","Easy","0",NA,"65+",2,"   298.6",13984,13
655,6456.985,2021,62,"Male","European/Other","Degree","Employed","Partnered","Not a parent",0,"Owned with mortgage",193779,4,"Long-term migrant","Non-disabled",4,8,9,"Very Good","None or almost none","Strongly agree","Very easy to be myself",7,7,6,8,"Yes",10,"Yes, sometimes","Yes, sometimes",NA,NA,NA,NA,NA,"About the same",0,1,"None of the time","Sometimes easy, sometimes hard","0",NA,"55-64",3,"  2351.7",108192,18
656,1337.897,2021,78,"Male","European/Other","Less than secondary school","Employed","Partnered","Not a parent",0,"Owned with mortgage",38291,2,"NZ with NZ parents","Non-disabled",10,9,10,"Excellent","None or almost none","Strongly disagree","Very easy to be myself",8,9,5,4,"Yes",19,"No","No",NA,NA,NA,NA,NA,"About the same",0,0,"None of the time","Easy","0",NA,"65+",1,"   425.5",19136,32
657,2063.56,2021,80,"Female","European/Other","Secondary school","Employed","Partnered","Not a parent",0,"Owned with mortgage",46453,5,"NZ with NZ parents","Non-disabled",10,9,9,"Fair","None or almost none","Agree","Very easy to be myself",7,9,7,6,"Yes",18,"No","No",NA,NA,NA,NA,NA,"A little more",0,0,"None of the time","Easy","0",NA,"65+",1,"   290.4",13248,27
658,2452.476,2021,68,"Female","European/Other","Degree","Employed","Not partnered","Not a parent",0,"Owned with mortgage",97521,7,"Long-term migrant","Non-disabled",10,7,8,"Very Good","None or almost none","Strongly disagree","Sometimes easy, sometimes hard",7,8,6,6,"Yes",20,"Yes, sometimes","No",NA,NA,NA,NA,NA,"About the same",0,0,"None of the time","Sometimes easy, sometimes hard","0",NA,"65+",2,"   570.6",26128,21
659,6002.507,2021,19,"Female","European/Other","Less than secondary school","Employed","Not partnered","Not a parent",0,"Owned without mortgage",233270,8,"NZ with NZ parents","Non-disabled",7,8,9,"Good","Basic","Strongly agree","Easy to be myself",8,5,3,6,"Not eligible",14,"No","No",NA,NA,NA,NA,NA,"A little less",0,1,"A little of the time","Easy","0",NA,"15-24",3,"   138.1",6624,13
660,480.5778,2021,35,"Female","Māori","Secondary school","Employed","Partnered","Parent",2,"Owned without mortgage",97422,10,"NZ with NZ parents","Non-disabled",5,6,5,"Good","None or almost none","Agree","Easy to be myself",8,9,7,10,"Yes",7,"No","Yes, sometimes",NA,NA,NA,NA,NA,"No crime here",0,0,"None of the time","Easy","2",NA,"35-44",2,"   727.1",33120,27
661,1529.191,2021,39,"Female","European/Other","Less than secondary school","Employed","Partnered","Parent",1,"Owned without mortgage",117365,6,"NZ with NZ parents","Non-disabled",5,8,7,"Very Good","Basic","Agree","Easy to be myself",4,7,6,6,"Yes",15,"No","No",NA,NA,NA,NA,NA,"A lot more",1,0,"None of the time","Sometimes easy, sometimes hard","1",NA,"35-44",3,"   292.4",13616,18
662,4430.081,2021,77,"Male","European/Other","Degree","Employed","Partnered","Not a parent",0,"Rented",88333,3,"NZ with NZ parents","Non-disabled",4,5,5,"Good","None or almost none","Strongly agree","Easy to be myself",7,5,4,5,"Yes",13,"Yes, sometimes","No",NA,NA,NA,NA,NA,"About the same",1,0,"A little of the time","Very hard","0",NA,"65+",2,"   548.9",25392,37
663,1235.207,2021,66,"Female","European/Other","Secondary school","Not in labour force","Partnered","Not a parent",0,"Owned with mortgage",46377,10,"NZ with overseas parent(s)","Non-disabled",7,10,10,"Very Good","None or almost none","Disagree","Very easy to be myself",8,9,5,6,"Yes",16,"Yes, sometimes","No",NA,NA,NA,NA,NA,"About the same",0,0,"None of the time","Easy","0",NA,"65+",1,"   471.3",22080,32
664,1235.207,2021,57,"Male","European/Other","Less than secondary school","Not in labour force","Partnered","Not a parent",0,"Owned with mortgage",141591,2,"NZ with overseas parent(s)","Non-disabled",5,6,8,"Fair","None or almost none","Disagree","Easy to be myself",8,9,5,5,"Yes",14,"Yes, sometimes","No",NA,NA,NA,NA,NA,"Moved here recently",1,0,"None of the time","Sometimes easy, sometimes hard","0",NA,"55-64",3,"   480.8",22448,46
665,266.237,2021,19,"Male","Asian","Less than secondary school","Employed","Not partnered","Not a parent",0,"Owned with mortgage",172911,4,"NZ with NZ parents","Non-disabled",9,7,8,"Good","Basic","Agree","Very easy to be myself",5,8,5,8,"Not eligible",15,"No","No",NA,NA,NA,NA,NA,"A lot less",0,1,"None of the time","Hard","0",NA,"15-24",3,"   347.1",16192,28
666,1673.91,2021,31,"Female","European/Other","Less than secondary school","Not in labour force","Partnered","Parent",1,"Owned without mortgage",162115,1,"NZ with NZ parents","Non-disabled",6,5,5,"Excellent","None or almost none","Disagree","Very easy to be myself",3,6,3,7,"Yes",19,"Yes, sometimes","No",NA,NA,NA,NA,NA,"A little more",0,0,"None of the time","Sometimes easy, sometimes hard","1",NA,"25-34",3,"   233.4",10672,2
667,3328.959,2021,55,"Male","European/Other","Less than secondary school","Employed","Not partnered","Not a parent",0,"Owned with mortgage",29234,3,"NZ with NZ parents","Disabled",7,5,8,"Fair","None or almost none","Strongly disagree","Very easy to be myself",9,10,0,0,"Yes",14,"No","No",NA,NA,NA,NA,NA,"A lot more",0,0,"A little of the time","Sometimes easy, sometimes hard","0",NA,"55-64",1,"   553.2",25024,38
668,1910.471,2021,63,"Female","European/Other","Degree","Not in labour force","Not partnered","Not a parent",0,"Owned with mortgage",104313,6,"NZ with NZ parents","Non-disabled",6,4,6,"Fair","None or almost none","Agree","Very easy to be myself",6,6,5,5,"Yes",19,"Yes, sometimes","No",NA,NA,NA,NA,NA,"A little more",0,0,"Some of the time","Hard","0",NA,"55-64",3,"   991.6",46000,30
669,1612.54,2021,93,"Male","European/Other","Less than secondary school","Employed","Partnered","Not a parent",0,"Owned with mortgage",21130,2,"NZ with NZ parents","Non-disabled",9,10,10,"Very Good","None or almost none","Strongly disagree","Very easy to be myself",9,10,6,6,"Yes",14,"No","No",NA,NA,NA,NA,NA,"About the same",0,0,"A little of the time","Very hard","0",NA,"65+",1,"   990.9",46000,31
670,11839.31,2021,47,"Female","European/Other","Secondary school","Employed","Not partnered","Not a parent",0,"Owned without mortgage",162431,6,"NZ with NZ parents","Non-disabled",6,6,9,"Excellent","Basic","Neither agree nor disagree","Very easy to be myself",8,6,0,0,"Yes",12,"No","Yes, sometimes",NA,NA,NA,NA,NA,"No crime here",0,0,"Most of the time","Easy","0",NA,"45-54",3,"   284.3",13248,26
671,13053.7,2021,32,"Male","European/Other","Secondary school","Employed","Partnered","Parent",2,"Owned without mortgage",131669,1,"Long-term migrant","Non-disabled",6,6,8,"Good","None or almost none","Agree","Very easy to be myself",8,10,7,6,"Yes",16,"Yes, sometimes","No",NA,NA,NA,NA,NA,"A little more",0,1,"None of the time","Very easy","2",NA,"25-34",3,"   615.3",27968,32
672,2843.631,2021,64,"Male","European/Other","Post-secondary NCEA/diploma","Employed","Partnered","Not a parent",0,"Owned with mortgage",86530,2,"Long-term migrant","Non-disabled",6,6,10,"Fair","None or almost none","Agree","Sometimes easy, sometimes hard",9,9,7,9,"Yes",7,"Yes, sometimes","Yes, sometimes",NA,NA,NA,NA,NA,"No crime here",0,0,"A little of the time","Hard","0",NA,"55-64",2,"   719.1",33488,42
673,665.7569,2021,59,"Male","Pacific","Post-secondary NCEA/diploma","Employed","Not partnered","Not a parent",0,"Owned without mortgage",33084,6,"NZ with NZ parents","Non-disabled",4,8,9,"Very Good","None or almost none","Agree","Sometimes easy, sometimes hard",6,8,4,5,"Yes",12,"No","No",NA,NA,NA,NA,NA,"A little more",1,0,"A little of the time","Sometimes easy, sometimes hard","0",NA,"55-64",1,"   689.1",31280,34
674,2843.631,2021,48,"Female","European/Other","Less than secondary school","Employed","Not partnered","Not a parent",0,"Rented",61570,7,"NZ with unknown origin parents","Non-disabled",7,5,6,"Good","Basic","Strongly agree","Very easy to be myself",5,5,5,7,"Yes",16,"Yes, often","Yes, sometimes",NA,NA,NA,NA,NA,"A little more",0,0,"None of the time","Very hard","0",NA,"45-54",2,"   310.8",14352,28
675,3762.508,2021,81,"Male","European/Other","Less than secondary school","Employed","Not partnered","Not a parent",0,"Owned with mortgage",26231,10,"NZ with NZ parents","Non-disabled",5,8,8,"Very Good","None or almost none","Strongly disagree","Easy to be myself",6,8,6,7,"Yes",20,"No","No",NA,NA,NA,NA,NA,"No crime here",0,0,"A little of the time","Sometimes easy, sometimes hard","0",NA,"65+",1,"   373.2",17296,32
676,1073.963,2021,28,"Female","Māori","Degree","Employed","Partnered","Parent",1,"Rented",125666,6,"Medium-term migrant","Non-disabled",5,9,9,"Excellent","None or almost none","Agree","Very easy to be myself",8,9,7,3,"No",14,"Yes, sometimes","No",NA,NA,NA,NA,NA,"Moved here recently",0,0,"None of the time","Easy","1",NA,"25-34",3,"   614.1",27968,32
677,2380.493,2021,65,"Male","European/Other","Less than secondary school","Employed","Partnered","Not a parent",0,"Owned with mortgage",33772,6,"Long-term migrant","Disabled",6,3,8,"Poor","None or almost none","Neither agree nor disagree","Easy to be myself",7,10,6,0,"Yes",19,"No","No",NA,NA,NA,NA,NA,"About the same",0,0,"A little of the time","Very easy","0",NA,"65+",1,"   326.8",15456,30
678,9773.382,2021,48,"Male","European/Other","Post-secondary NCEA/diploma","Employed","Not partnered","Not a parent",0,"Owned with mortgage",69273,8,"NZ with NZ parents","Non-disabled",10,0,10,"Good","None or almost none","Disagree","Sometimes easy, sometimes hard",5,9,9,3,"Yes",14,"No","No",NA,NA,NA,NA,NA,"A lot more",0,0,"None of the time","Very easy","0",NA,"45-54",2,"   380.5",17296,32
679,6620.922,2021,22,"Female","European/Other","Less than secondary school","Not in labour force","Not partnered","Not a parent",0,"Rented",69895,9,"NZ with overseas parent(s)","Non-disabled",6,8,8,"Good","None or almost none","Neither agree nor disagree","Very easy to be myself",8,8,5,4,"No",19,"Yes, sometimes","Yes, sometimes",NA,NA,NA,NA,NA,"A lot more",0,0,"A little of the time","Very easy","0",NA,"15-24",2,"   160.7",7360,19
680,2040.307,2021,29,"Male","Māori","Post-secondary NCEA/diploma","Employed","Partnered","Parent",3,"Owned without mortgage",123283,6,"NZ with NZ parents","Non-disabled",3,8,8,"Very Good","Basic","Agree","Easy to be myself",7,8,2,3,"Yes",11,"Yes, sometimes","Yes, sometimes",NA,NA,NA,NA,NA,"Moved here recently",0,0,"A little of the time","Easy","3",NA,"25-34",3,"   563.7",25760,38
681,4046.837,2021,74,"Female","European/Other","Secondary school","Employed","Partnered","Not a parent",0,"Owned with mortgage",47458,5,"Long-term migrant","Non-disabled",7,8,7,"Good","None or almost none","Neither agree nor disagree","Easy to be myself",8,9,5,6,"Yes",19,"No","No",NA,NA,NA,NA,NA,"No crime here",0,0,"None of the time","Easy","0",NA,"65+",1,"   263.4",11776,13
682,4046.837,2021,80,"Male","European/Other","Less than secondary school","Employed","Partnered","Not a parent",0,"Owned with mortgage",118480,3,"NZ with NZ parents","Non-disabled",10,10,10,"Excellent","None or almost none","Neither agree nor disagree","Easy to be myself",10,10,10,10,"Yes",17,"No","No",NA,NA,NA,NA,NA,"No crime here",0,0,"None of the time","Easy","0",NA,"65+",3,"   647.4",29440,36
683,4298.853,2021,57,"Male","European/Other","Post-secondary NCEA/diploma","Employed","Partnered","Not a parent",0,"Rented",133785,9,"NZ with NZ parents","Non-disabled",10,8,5,"Excellent","Basic","Strongly agree","Sometimes easy, sometimes hard",7,7,0,0,"Yes",20,"Yes, sometimes","No",NA,NA,NA,NA,NA,"Moved here recently",0,0,"None of the time","Very easy","0",NA,"55-64",3,"  1155.4",52992,14
684,851.384,2021,65,"Male","Asian","Less than secondary school","Employed","Partnered","Not a parent",0,"Owned with mortgage",39433,9,"NZ with NZ parents","Disabled",7,7,8,"Poor","None or almost none","Strongly agree","Easy to be myself",5,9,0,7,"Yes",19,"No","Yes, sometimes",NA,NA,NA,NA,NA,"About the same",0,1,"A little of the time","Easy","0",NA,"65+",1,"   371.1",17296,30
685,3980.249,2021,49,"Male","European/Other","Post-secondary NCEA/diploma","Employed","Partnered","Not a parent",0,"Owned without mortgage",109613,1,"Long-term migrant","Non-disabled",5,9,9,"Good","Basic","Neither agree nor disagree","Easy to be myself",8,9,6,8,"Yes",10,"Yes, sometimes","No",NA,NA,NA,NA,NA,"A little more",0,0,"None of the time","Easy","0",NA,"45-54",3,"   867.6",39744,42
686,820.3268,2021,47,"Female","Pacific","Degree","Employed","Partnered","Parent",3,"Owned without mortgage",200595,4,"NZ with NZ parents","Non-disabled",4,9,9,"Excellent","Basic","Strongly agree","Very easy to be myself",7,9,4,8,"Yes",16,"No","No",NA,NA,NA,NA,NA,"A little more",0,0,"None of the time","Easy","3",NA,"45-54",3,"   178.8",8464,18
687,45.04372,2021,31,"Male","European/Other","Less than secondary school","Unemployed","Not partnered","Parent",2,"Rented",13349,3,"NZ with NZ parents","Non-disabled",7,8,8,"Very Good","None or almost none","Agree","Easy to be myself",6,8,1,6,"No",11,"Yes, often","Yes, always",NA,NA,NA,NA,NA,"A little more",0,0,"None of the time","Easy","2",NA,"25-34",1,"   423.8",19136,32
688,2774.207,2021,56,"Female","European/Other","Less than secondary school","Employed","Partnered","Not a parent",0,"Owned with mortgage",180493,7,"NZ with NZ parents","Non-disabled",7,10,10,"Very Good","None or almost none","Strongly disagree","Very easy to be myself",6,8,2,0,"No",18,"No","No",NA,NA,NA,NA,NA,"A lot more",0,0,"None of the time","Very easy","0",NA,"55-64",3,"   309.9",13984,3
689,911.6765,2021,35,"Male","Māori","Secondary school","Employed","Not partnered","Parent",1,"Owned without mortgage",15405,8,"NZ with NZ parents","Non-disabled",7,6,7,"Good","None or almost none","Neither agree nor disagree","Very easy to be myself",5,5,5,3,"No",11,"Yes, often","Yes, sometimes",NA,NA,NA,NA,NA,"A little less",0,0,"None of the time","Easy","1",NA,"35-44",1,"  1381.2",63296,59
690,6301.194,2021,24,"Female","European/Other","Less than secondary school","Employed","Not partnered","Not a parent",0,"Owned with mortgage",91560,1,"NZ with overseas parent(s)","Non-disabled",7,8,7,"Very Good","None or almost none","Agree","Very easy to be myself",6,8,6,8,"Not eligible",19,"No","No",NA,NA,NA,NA,NA,"Moved here recently",0,0,"A little of the time","Sometimes easy, sometimes hard","0",NA,"15-24",2,"    94.2",4784,21
691,4246.776,2021,25,"Female","European/Other","Secondary school","Employed","Partnered","Parent",2,"Rented",117718,4,"NZ with NZ parents","Non-disabled",4,10,10,"Very Good","None or almost none","Strongly disagree","Very easy to be myself",5,9,2,1,"Yes",19,"Yes, often","Yes, sometimes",NA,NA,NA,NA,NA,"About the same",0,0,"None of the time","Sometimes easy, sometimes hard","2",NA,"25-34",3,"   456.3",21344,34
692,4491.586,2021,35,"Female","European/Other","Post-secondary NCEA/diploma","Not in labour force","Partnered","Parent",1,"Owned without mortgage",177276,2,"NZ with overseas parent(s)","Non-disabled",6,6,8,"Fair","Basic","Agree","Very easy to be myself",2,5,0,1,"Yes",20,"No","No",NA,NA,NA,NA,NA,"Moved here recently",0,1,"None of the time","Very hard","1",NA,"35-44",3,"    81.8",3312,8
693,562.9769,2021,34,"Male","Asian","Degree","Employed","Not partnered","Not a parent",0,"Owned without mortgage",75635,6,"NZ with NZ parents","Non-disabled",7,8,8,"Excellent","Basic","Strongly agree","Easy to be myself",5,8,5,6,"Yes",14,"Yes, often","Yes, sometimes",NA,NA,NA,NA,NA,"Moved here recently",0,1,"A little of the time","Easy","0",NA,"25-34",2,"   366.7",16928,32
694,1547.087,2021,50,"Male","Māori","Less than secondary school","Employed","Not partnered","Not a parent",0,"Owned with mortgage",33159,7,"NZ with NZ parents","Non-disabled",2,6,8,"Good","None or almost none","Neither agree nor disagree","Easy to be myself",6,8,4,3,"Yes",12,"No","No",NA,NA,NA,NA,NA,"No crime here",0,0,"A little of the time","Easy","0",NA,"45-54",1,"   536.0",25024,30
695,1832.209,2021,86,"Male","European/Other","Less than secondary school","Employed","Not partnered","Not a parent",0,"Rented",42115,10,"NZ with NZ parents","Disabled",8,9,10,"Good","None or almost none","Agree","Very easy to be myself",5,10,8,7,"Yes",9,"Yes, sometimes","No",NA,NA,NA,NA,NA,"About the same",0,0,"Some of the time",NA,"0",NA,"65+",1,"   336.3",15824,30
696,1525.01,2021,15,"Female","Pacific","Less than secondary school","Employed","Not partnered","Not a parent",0,"Rented",91998,10,"NZ with NZ parents","Non-disabled",5,4,4,"Good","None or almost none","Agree","Hard to be myself",3,7,0,5,"Yes",15,"Yes, often","No",NA,NA,NA,NA,NA,"A little more",0,0,"Some of the time","Very hard","0",NA,"15-24",2,"   280.8",13248,20
697,9325.651,2021,95,"Female","European/Other","Less than secondary school","Employed","Not partnered","Not a parent",0,"Rented",42715,10,"NZ with NZ parents","Non-disabled",5,8,8,"Very Good","None or almost none","Agree","Very easy to be myself",9,3,2,7,"Yes",20,"Yes, often","Yes, sometimes",NA,NA,NA,NA,NA,"A lot less",0,0,"None of the time","Very easy","0",NA,"65+",1,"   108.1",5152,14
698,2598.055,2021,77,"Female","Māori","Less than secondary school","Employed","Partnered","Not a parent",0,"Owned with mortgage",75373,7,"NZ with NZ parents","Non-disabled",4,10,10,"Very Good","None or almost none","Disagree","Very easy to be myself",5,10,6,5,"Yes",16,"No","No",NA,NA,NA,NA,NA,"A lot less",0,0,"None of the time","Easy","0",NA,"65+",2,"   303.4",13984,13
699,756.5781,2021,42,"Male","Māori","Degree","Not in labour force","Partnered","Parent",2,"Owned without mortgage",122644,3,"NZ with NZ parents","Non-disabled",8,10,10,"Fair","None or almost none","Strongly agree","Easy to be myself",6,1,8,8,"Yes",18,"No","No",NA,NA,NA,NA,NA,"A little more",0,0,"None of the time","Easy","2",NA,"35-44",3,"  1273.8",58880,30
700,1724.737,2021,31,"Male","Pacific","Secondary school","Employed","Not partnered","Parent",3,"Rented",26115,8,"NZ with NZ parents","Non-disabled",7,6,9,"Very Good","Fluent","Strongly agree","Sometimes easy, sometimes hard",5,10,6,10,"Yes",16,"Yes, sometimes","No",NA,NA,NA,NA,NA,"No crime here",0,0,"A little of the time","Very easy","3",NA,"25-34",1,"   671.1",30544,40
701,2235.123,2021,18,"Female","Māori","Less than secondary school","Employed","Not partnered","Not a parent",0,"Owned without mortgage",218942,3,"NZ with overseas parent(s)","Non-disabled",5,7,8,"Good","None or almost none","Neither agree nor disagree","Easy to be myself",7,7,6,7,"Not eligible",9,"Yes, sometimes","Yes, sometimes",NA,NA,NA,NA,NA,"About the same",0,0,"Some of the time","Easy","0",NA,"15-24",3,"   467.1",21344,37
702,1228.075,2021,39,"Male","Pacific","Degree","Employed","Partnered","Not a parent",0,"Owned without mortgage",108909,5,"NZ with NZ parents","Non-disabled",8,9,9,"Very Good","None or almost none","Strongly agree","Very easy to be myself",8,10,6,8,"Yes",19,"No","No",NA,NA,NA,NA,NA,"About the same",0,0,"A little of the time","Very easy","0",NA,"35-44",3,"   665.6",30176,30
703,55.71803,2021,59,"Male","Pacific","Less than secondary school","Unemployed","Partnered","Not a parent",0,"Owned without mortgage",128551,9,"NZ with overseas parent(s)","Non-disabled",10,10,8,"Good","None or almost none","Neither agree nor disagree","Easy to be myself",5,9,4,7,"Yes",20,"No","No",NA,NA,NA,NA,NA,"About the same",0,0,"None of the time","Easy","0",NA,"55-64",3,"   496.0",22816,50
704,755.1566,2021,18,"Male","Pacific","Degree","Employed","Not partnered","Not a parent",0,"Rented",158845,6,"NZ with NZ parents","Non-disabled",8,7,9,"Very Good","Basic","Agree","Very easy to be myself",7,9,3,4,"Yes",16,"Yes, always","Yes, sometimes",NA,NA,NA,NA,NA,"A little more",0,1,"A little of the time","Easy","0",NA,"15-24",3,"   473.4",21344,32
705,3060.652,2021,69,"Female","Māori","Secondary school","Employed","Not partnered","Not a parent",0,"Owned with mortgage",44670,7,"NZ with NZ parents","Non-disabled",4,8,9,"Good","None or almost none","Agree","Easy to be myself",9,9,8,9,"Yes",15,"No","No",NA,NA,NA,NA,NA,"No crime here",0,0,"None of the time","Easy","0",NA,"65+",1,"   348.2",15824,22
706,1263.064,2021,72,"Male","Asian","Secondary school","Employed","Not partnered","Not a parent",0,"Rented",96419,3,"Long-term migrant","Non-disabled",6,8,8,"Good","None or almost none","Strongly agree","Very easy to be myself",8,8,5,7,"Yes",17,"Yes, sometimes","Yes, sometimes",NA,NA,NA,NA,NA,"A lot more",0,0,"None of the time","Sometimes easy, sometimes hard","0",NA,"65+",2,"   967.7",44528,70
707,1240.467,2021,48,"Male","Māori","Degree","Employed","Partnered","Parent",3,"Owned with mortgage",214590,5,"Long-term migrant","Non-disabled",7,9,9,"Good","None or almost none","Strongly agree","Easy to be myself",7,9,5,7,"Yes",15,"Yes, sometimes","Yes, sometimes",NA,NA,NA,NA,NA,"A little more",0,0,"None of the time","Hard","3",NA,"45-54",3,"  2134.5",98256,32
708,575.9633,2021,61,"Female","Māori","Less than secondary school","Employed","Partnered","Not a parent",0,"Owned without mortgage",64986,3,"Long-term migrant","Non-disabled",10,8,8,"Good","None or almost none","Disagree","Very easy to be myself",8,7,0,5,"Yes",19,"No","No",NA,NA,NA,NA,NA,"About the same",0,0,"None of the time","Sometimes easy, sometimes hard","0",NA,"55-64",2,"   408.4",18768,34
709,2904.454,2021,57,"Male","European/Other","Less than secondary school","Employed","Not partnered","Not a parent",0,"Owned with mortgage",60747,6,"NZ with NZ parents","Non-disabled",8,10,9,"Good","None or almost none","Neither agree nor disagree","Very easy to be myself",7,10,5,7,"Yes",19,"Yes, often","Yes, sometimes",NA,NA,NA,NA,NA,"About the same",0,0,"None of the time","Easy","0",NA,"55-64",2,"   380.4",17296,23
710,798.4825,2021,87,"Male","European/Other","Less than secondary school","Not in labour force","Not partnered","Not a parent",0,"Owned with mortgage",27842,8,"NZ with overseas parent(s)","Disabled",7,8,4,"Fair","None or almost none","Strongly agree","Very easy to be myself",9,9,7,8,"Yes",16,"No","No",NA,NA,NA,NA,NA,"About the same",0,0,"Some of the time","Very easy","0",NA,"65+",1,"   175.3",7728,40
711,79.90187,2021,70,"Female","Māori","Post-secondary NCEA/diploma","Unemployed","Partnered","Not a parent",0,"Rented",21706,7,"NZ with NZ parents","Non-disabled",5,6,8,"Good","None or almost none","Neither agree nor disagree","Very easy to be myself",8,10,5,3,"Yes",11,"No","No",NA,NA,NA,NA,NA,"A little less",0,0,"Some of the time","Sometimes easy, sometimes hard","0",NA,"65+",1,"   375.6",17296,13
712,6317.394,2021,67,"Male","European/Other","Less than secondary school","Employed","Not partnered","Not a parent",0,"Rented",48725,10,"NZ with NZ parents","Non-disabled",10,7,8,"Good","None or almost none","Neither agree nor disagree","Very easy to be myself",8,8,2,3,"Yes",18,"Yes, always","Yes, always",NA,NA,NA,NA,NA,"A little more",1,0,"None of the time","Sometimes easy, sometimes hard","0",NA,"65+",1,"   717.3",32752,39
713,963.9106,2021,62,"Female","Asian","Less than secondary school","Employed","Partnered","Not a parent",0,"Owned with mortgage",126968,2,"Long-term migrant","Non-disabled",10,10,10,"Very Good","Basic","Strongly agree","Very easy to be myself",7,9,3,8,"Yes",20,"No","No",NA,NA,NA,NA,NA,"About the same",0,0,"None of the time","Very easy","0",NA,"55-64",3,"    94.5",4048,16
714,1906.515,2021,85,"Male","European/Other","Less than secondary school","Not in labour force","Partnered","Not a parent",0,"Owned with mortgage",236926,3,"NZ with NZ parents","Non-disabled",8,8,10,"Very Good","None or almost none","Neither agree nor disagree","Easy to be myself",8,9,6,6,"Yes",18,"Yes, sometimes","Yes, sometimes",NA,NA,NA,NA,NA,"A little more",0,0,"A little of the time","Sometimes easy, sometimes hard","0",NA,"65+",3,"   713.0",32752,36
715,1032.653,2021,41,"Male","European/Other","Less than secondary school","Not in labour force","Not partnered","Parent",1,"Rented",89103,7,"NZ with NZ parents","Non-disabled",9,8,9,"Very Good","None or almost none","Agree","Very easy to be myself",7,8,1,2,"No",16,"Yes, sometimes","Yes, sometimes",NA,NA,NA,NA,NA,"Moved here recently",0,0,"None of the time","Hard","1",NA,"35-44",2,"   510.5",23920,32
716,4100.491,2021,34,"Male","European/Other","Degree","Employed","Not partnered","Not a parent",0,"Owned without mortgage",95968,6,"NZ with NZ parents","Non-disabled",7,8,8,"Excellent","Basic","Strongly agree","Easy to be myself",5,8,5,6,"Yes",14,"Yes, often","Yes, sometimes",NA,NA,NA,NA,NA,"Moved here recently",0,1,"A little of the time","Easy","0",NA,"25-34",2,"   733.5",33488,32
717,890.4835,2021,33,"Male","European/Other","Less than secondary school","Not in labour force","Not partnered","Parent",1,"Rented",45183,3,"NZ with NZ parents","Non-disabled",5,8,8,"Very Good","None or almost none","Agree","Easy to be myself",5,7,4,6,"No",7,"Yes, always","Yes, always",NA,NA,NA,NA,NA,"A lot less",1,0,"A little of the time","Very hard","1",NA,"25-34",1,"   544.1",25024,37
718,338.5756,2021,38,"Male","Asian","Secondary school","Not in labour force","Partnered","Parent",1,"Owned without mortgage",140001,5,"Medium-term migrant","Non-disabled",5,8,7,"Good","None or almost none","Neither agree nor disagree","Sometimes easy, sometimes hard",0,10,0,9,"Yes",13,"Yes, sometimes","No",NA,NA,NA,NA,NA,"A lot less",0,0,"Most of the time","Very easy","1",NA,"35-44",3,"   640.4",29072,48
719,9016.505,2021,50,"Male","European/Other","Less than secondary school","Employed","Partnered","Not a parent",0,"Owned without mortgage",167586,7,"NZ with NZ parents","Non-disabled",8,8,7,"Good","None or almost none","Neither agree nor disagree","Sometimes easy, sometimes hard",6,8,2,5,"Yes",17,"No","No",NA,NA,NA,NA,NA,"About the same",0,1,"None of the time","Sometimes easy, sometimes hard","0",NA,"45-54",3,"   424.4",19136,18
720,1254.01,2021,15,"Female","European/Other","Less than secondary school","Not in labour force","Not partnered","Not a parent",0,"Rented",62958,2,"NZ with NZ parents","Non-disabled",5,7,7,"Excellent","None or almost none","Agree","Easy to be myself",7,8,6,8,"Not eligible",15,"No","Yes, sometimes",NA,NA,NA,NA,NA,"About the same",0,0,"None of the time",NA,"0",NA,"15-24",2,"   177.4",7728,19
721,2155.566,2021,36,"Female","European/Other","Less than secondary school","Employed","Not partnered","Not a parent",0,"Owned without mortgage",91119,7,"NZ with NZ parents","Non-disabled",9,8,8,"Fair","None or almost none","Neither agree nor disagree","Very easy to be myself",5,8,8,5,"Yes",18,"Yes, often","Yes, sometimes",NA,NA,NA,NA,NA,"About the same",0,0,"None of the time","Easy","0",NA,"35-44",2,"   383.0",17296,34
722,2784.562,2021,17,"Male","European/Other","Less than secondary school","Employed","Not partnered","Not a parent",0,"Rented",6968,9,"NZ with NZ parents","Non-disabled",7,7,1,"Good","None or almost none","Agree","Easy to be myself",5,8,4,8,"No",17,"Not applicable","Yes, always",NA,NA,NA,NA,NA,"About the same",0,0,"A little of the time","Very easy","0",NA,"15-24",1,"   377.2",16928,38
723,2098.901,2021,93,"Male","European/Other","Degree","Not in labour force","Not partnered","Not a parent",0,"Owned with mortgage",146407,6,"NZ with NZ parents","Non-disabled",8,7,8,"Good","None or almost none","Agree","Very easy to be myself",5,9,3,7,"Yes",19,"No","No",NA,NA,NA,NA,NA,"No crime here",0,1,"A little of the time","Very easy","0",NA,"65+",3,"   921.3",42320,48
724,3624.793,2021,70,"Male","European/Other","Less than secondary school","Employed","Not partnered","Not a parent",0,"Rented",45352,9,"NZ with overseas parent(s)","Non-disabled",7,6,6,"Good","None or almost none","Neither agree nor disagree","Very easy to be myself",6,9,6,7,"Yes",19,"No","No",NA,NA,NA,NA,NA,"About the same",0,0,"A little of the time","Sometimes easy, sometimes hard","0",NA,"65+",1,"   383.7",17296,32
725,2098.901,2021,30,"Male","European/Other","Less than secondary school","Not in labour force","Not partnered","Parent",2,"Rented",40202,8,"NZ with NZ parents","Non-disabled",8,8,7,"Very Good","Basic","Strongly agree","Very easy to be myself",3,0,3,4,"No",11,"Yes, always","No",NA,NA,NA,NA,NA,"A little less",1,0,"All of the time","Very hard","2",NA,"25-34",1,"   597.2",27232,41
726,2011.768,2021,33,"Female","Asian","Less than secondary school","Employed","Partnered","Parent",1,"Owned without mortgage",50765,9,"NZ with NZ parents","Non-disabled",7,7,7,"Good","Basic","Agree","Sometimes easy, sometimes hard",8,7,7,7,"No",15,"Yes, always","Yes, sometimes",NA,NA,NA,NA,NA,"No crime here",0,0,"A little of the time",NA,"1",NA,"25-34",2,"   550.9",25024,36
727,2011.768,2021,45,"Female","Asian","Less than secondary school","Employed","Partnered","Parent",1,"Owned without mortgage",65254,9,"NZ with NZ parents","Non-disabled",8,8,8,"Very Good","None or almost none","Strongly disagree","Very easy to be myself",8,8,5,5,"No",17,"No","No",NA,NA,NA,NA,NA,"About the same",0,0,"None of the time","Very easy","1",NA,"45-54",2,"   270.4",12880,16
728,1332.83,2021,48,"Female","European/Other","Less than secondary school","Employed","Not partnered","Not a parent",0,"Rented",27766,9,"NZ with NZ parents","Disabled",10,3,5,"Poor","None or almost none","Disagree","Easy to be myself",3,0,0,0,"Yes",8,"Yes, often","No",NA,NA,NA,NA,NA,"No crime here",0,0,"Some of the time","Hard","0",NA,"45-54",1,"   264.3",12512,32
729,882.9592,2021,35,"Male","European/Other","Degree","Employed","Partnered","Parent",2,"Owned without mortgage",100043,5,"NZ with NZ parents","Non-disabled",7,7,7,"Fair","None or almost none","Agree","Very easy to be myself",9,8,6,7,"Yes",14,"Yes, sometimes","No",NA,NA,NA,NA,NA,"About the same",0,1,"Some of the time","Sometimes easy, sometimes hard","2",NA,"35-44",3,"   766.6",34960,40
730,637.1432,2021,44,"Female","European/Other","Secondary school","Not in labour force","Not partnered","Not a parent",0,"Rented",79159,9,"NZ with NZ parents","Non-disabled",3,4,5,"Good","Fluent","Agree","Very easy to be myself",0,0,0,0,"Yes",7,"Yes, always","Yes, sometimes",NA,NA,NA,NA,NA,"About the same",1,0,"Some of the time","Easy","0",NA,"35-44",2,"   638.4",29440,36
731,746.5309,2021,67,"Female","European/Other","Secondary school","Not in labour force","Partnered","Not a parent",0,"Rented",48024,10,"Long-term migrant","Disabled",4,7,8,"Poor","None or almost none","Agree","Easy to be myself",5,8,7,5,"Yes",10,"No","No",NA,NA,NA,NA,NA,"A little more",0,0,"None of the time","Very easy","0",NA,"65+",1,"   234.0",11040,23
732,2191.591,2021,42,"Male","European/Other","Secondary school","Employed","Partnered","Parent",1,"Owned without mortgage",172269,5,"Medium-term migrant","Non-disabled",5,8,7,"Good","None or almost none","Neither agree nor disagree","Sometimes easy, sometimes hard",0,10,0,9,"Yes",13,"Yes, sometimes","No",NA,NA,NA,NA,NA,"A lot less",0,0,"Most of the time","Very easy","1",NA,"35-44",3,"   921.6",41952,29
733,630.0555,2021,53,"Female","Pacific","Degree","Employed","Partnered","Not a parent",0,"Owned without mortgage",159194,4,"NZ with NZ parents","Non-disabled",6,7,6,"Excellent","Conversational","Strongly agree","Very easy to be myself",6,8,7,8,"Yes",18,"No","No",NA,NA,NA,NA,NA,"A little more",0,0,"None of the time","Easy","0",NA,"45-54",3,"   603.6",27600,31
734,1278.851,2021,33,"Male","Pacific","Degree","Employed","Not partnered","Not a parent",0,"Rented",195576,6,"NZ with NZ parents","Non-disabled",6,9,10,"Very Good","Basic","Strongly agree","Very easy to be myself",6,4,2,4,"Yes",10,"Yes, often","Yes, always",NA,NA,NA,NA,NA,"A lot more",0,0,"None of the time","Easy","0",NA,"25-34",3,"   566.8",26496,42
735,248.6152,2021,38,"Female","Pacific","Degree","Not in labour force","Not partnered","Not a parent",0,"Owned without mortgage",172181,6,"NZ with NZ parents","Non-disabled",4,4,10,"Very Good","None or almost none","Disagree","Easy to be myself",8,8,2,3,"Yes",15,"Yes, sometimes","No",NA,NA,NA,NA,NA,"About the same",1,0,"Some of the time","Easy","0",NA,"35-44",3,"   215.4",9568,14
736,9629.039,2021,47,"Female","European/Other","Degree","Employed","Partnered","Parent",2,"Owned without mortgage",189138,9,"NZ with NZ parents","Non-disabled",9,9,9,"Very Good","Fluent","Strongly agree","Very easy to be myself",7,6,3,4,"Yes",16,"Yes, sometimes","No",NA,NA,NA,NA,NA,"A little less",0,1,"None of the time","Sometimes easy, sometimes hard","2",NA,"45-54",3,"   465.2",21344,16
737,9629.039,2021,26,"Female","European/Other","Less than secondary school","Employed","Partnered","Not a parent",0,"Owned without mortgage",102593,5,"NZ with overseas parent(s)","Non-disabled",7,8,10,"Good","None or almost none","Strongly agree","Very easy to be myself",5,8,2,4,"Yes",15,"Yes, always","Yes, sometimes",NA,NA,NA,NA,NA,"No crime here",0,0,"None of the time","Very easy","0",NA,"25-34",3,"   381.2",17664,14
738,10096.07,2021,52,"Male","European/Other","Secondary school","Employed","Partnered","Not a parent",0,"Owned without mortgage",152715,5,"Long-term migrant","Non-disabled",5,9,10,"Very Good","None or almost none","Neither agree nor disagree","Easy to be myself",8,10,7,8,"Yes",14,"Yes, often","Yes, sometimes",NA,NA,NA,NA,NA,"A little less",1,0,"None of the time","Sometimes easy, sometimes hard","0",NA,"45-54",3,"   658.9",30176,26
739,545.6655,2021,66,"Female","Māori","Less than secondary school","Not in labour force","Partnered","Not a parent",0,"Rented",135479,1,"NZ with overseas parent(s)","Non-disabled",5,10,10,"Very Good","None or almost none","Disagree","Easy to be myself",8,8,7,6,"Yes",14,"No","No",NA,NA,NA,NA,NA,"A lot more",0,0,"None of the time","Sometimes easy, sometimes hard","0",NA,"65+",3,"   311.1",14352,26
740,5435.933,2021,40,"Female","European/Other","Less than secondary school","Employed","Not partnered","Not a parent",0,"Owned with mortgage",132734,7,"NZ with NZ parents","Non-disabled",5,7,10,"Good","None or almost none","Agree","Sometimes easy, sometimes hard",5,10,8,5,"Yes",16,"No","No",NA,NA,NA,NA,NA,"No crime here",0,0,"A little of the time","Sometimes easy, sometimes hard","0",NA,"35-44",3,"   549.8",25024,24
741,7108.275,2021,49,"Female","European/Other","Degree","Employed","Not partnered","Not a parent",0,"Owned without mortgage",84890,8,"Long-term migrant","Non-disabled",2,8,7,"Fair","None or almost none","Disagree","Easy to be myself",10,10,10,10,"Yes",20,"No","No",NA,NA,NA,NA,NA,"A little more",0,1,"None of the time","Very easy","0",NA,"45-54",2,"  1541.6",71024,28
742,2610.679,2021,86,"Male","European/Other","Less than secondary school","Not in labour force","Not partnered","Not a parent",0,"Rented",37138,9,"Long-term migrant","Non-disabled",7,8,10,"Good","None or almost none","Disagree","Very easy to be myself",4,9,0,0,"Yes",15,"No","No",NA,NA,NA,NA,NA,"A little less",0,0,"None of the time","Sometimes easy, sometimes hard","0",NA,"65+",1,"  1086.8",50048,36
743,8969.886,2021,87,"Male","European/Other","Less than secondary school","Employed","Not partnered","Not a parent",0,"Rented",17021,3,"Long-term migrant","Non-disabled",7,8,10,"Fair","None or almost none","Agree","Easy to be myself",9,10,5,9,"Yes",14,"Yes, sometimes","No",NA,NA,NA,NA,NA,"Moved here recently",0,0,"None of the time","Sometimes easy, sometimes hard","0",NA,"65+",1,"   656.7",30176,32
744,4217.186,2021,81,"Female","European/Other","Post-secondary NCEA/diploma","Employed","Not partnered","Not a parent",0,"Owned with mortgage",28485,9,"NZ with NZ parents","Non-disabled",5,3,4,"Good","None or almost none","Disagree","Easy to be myself",5,5,7,7,"Yes",20,"Yes, sometimes","No",NA,NA,NA,NA,NA,"About the same",0,0,"Some of the time","Hard","0",NA,"65+",1,"   311.8",14720,25
745,6583.196,2021,61,"Female","European/Other","Less than secondary school","Employed","Partnered","Not a parent",0,"Owned without mortgage",162924,10,"NZ with NZ parents","Non-disabled",9,7,8,"Good","None or almost none","Neither agree nor disagree","Easy to be myself",2,5,1,1,"Yes",15,"No","No",NA,NA,NA,NA,NA,"A lot less",0,0,"None of the time","Sometimes easy, sometimes hard","0",NA,"55-64",3,"   246.6",11408,8
746,21402.43,2021,85,"Female","European/Other","Degree","Employed","Not partnered","Not a parent",0,"Rented",27869,5,"Long-term migrant","Non-disabled",10,10,5,"Excellent","None or almost none","Neither agree nor disagree","Very easy to be myself",8,9,7,7,"Yes",20,"No","No",NA,NA,NA,NA,NA,"About the same",0,0,"None of the time","Easy","0",NA,"65+",1,"   535.9",24288,37
747,4400.858,2021,51,"Female","European/Other","Degree","Not in labour force","Partnered","Parent",1,"Rented",73228,7,"Medium-term migrant","Non-disabled",5,5,7,"Excellent","None or almost none","Agree","Very easy to be myself",7,9,5,8,"Yes",16,"Yes, sometimes","Yes, sometimes",NA,NA,NA,NA,NA,"A little more",0,1,"Some of the time","Sometimes easy, sometimes hard","1",NA,"45-54",2,"  1198.6",55200,80
748,5016.682,2021,62,"Female","European/Other","Post-secondary NCEA/diploma","Employed","Partnered","Not a parent",0,"Owned with mortgage",27898,8,"NZ with NZ parents","Non-disabled",10,5,7,"Good","None or almost none","Neither agree nor disagree","Easy to be myself",6,7,4,6,"Yes",20,"No","No",NA,NA,NA,NA,NA,"A little more",1,0,"None of the time","Sometimes easy, sometimes hard","0",NA,"55-64",1,"   586.8",26864,32
749,12485.2,2021,29,"Female","European/Other","Degree","Employed","Partnered","Parent",1,"Owned with mortgage",209214,6,"Long-term migrant","Non-disabled",5,8,8,"Very Good","None or almost none","Agree","Easy to be myself",8,9,7,8,"Yes",15,"Yes, sometimes","Yes, sometimes",NA,NA,NA,NA,NA,"No crime here",0,0,"A little of the time","Sometimes easy, sometimes hard","1",NA,"25-34",3,"    65.2",2576,8
750,5062,2021,77,"Female","European/Other","Secondary school","Employed","Partnered","Not a parent",0,"Rented",192158,9,"Long-term migrant","Disabled",3,6,8,"Very Good","None or almost none","Neither agree nor disagree","Very easy to be myself",8,10,6,9,"Yes",13,"Yes, sometimes","No",NA,NA,NA,NA,NA,"A little more",0,0,"None of the time","Sometimes easy, sometimes hard","0",NA,"65+",3,"   691.2",32016,8
751,2757.915,2021,59,"Female","European/Other","Post-secondary NCEA/diploma","Not in labour force","Partnered","Not a parent",0,"Owned with mortgage",90307,5,"NZ with overseas parent(s)","Non-disabled",10,9,9,"Fair","Basic","Neither agree nor disagree","Very easy to be myself",7,9,7,6,"Yes",20,"No","No",NA,NA,NA,NA,NA,"No crime here",0,0,"None of the time","Very easy","0",NA,"55-64",2,"   445.6",20240,48
752,2757.915,2021,75,"Female","European/Other","Less than secondary school","Not in labour force","Not partnered","Not a parent",0,"Rented",33028,10,"Long-term migrant","Non-disabled",10,7,8,"Good","None or almost none","Disagree","Easy to be myself",8,8,2,8,"Yes",16,"No","No",NA,NA,NA,NA,NA,"About the same",0,0,"A little of the time","Sometimes easy, sometimes hard","0",NA,"65+",1,"   220.6",9936,1
753,1315.115,2021,56,"Male","European/Other","Post-secondary NCEA/diploma","Not in labour force","Partnered","Not a parent",0,"Owned with mortgage",164008,1,"NZ with NZ parents","Non-disabled",5,5,5,"Very Good","None or almost none","Agree","Very easy to be myself",7,8,6,6,"Yes",20,"Yes, sometimes","No",NA,NA,NA,NA,NA,"No crime here",0,0,"None of the time","Easy","0",NA,"55-64",3,"   767.1",35696,34
754,1288.176,2021,54,"Female","Asian","Degree","Employed","Partnered","Not a parent",0,"Owned without mortgage",349367,8,"NZ with overseas parent(s)","Non-disabled",10,10,10,"Very Good","None or almost none","Agree","Very easy to be myself",8,10,8,5,"Yes",20,"Yes, sometimes","Yes, sometimes",NA,NA,NA,NA,NA,"About the same",0,0,"None of the time","Easy","0",NA,"45-54",3,"   687.7",32016,43
755,4562.034,2021,59,"Male","European/Other","Less than secondary school","Employed","Not partnered","Not a parent",0,"Rented",10408,10,"NZ with overseas parent(s)","Non-disabled",10,10,10,"Good","Basic","Strongly disagree","Easy to be myself",0,0,0,10,"Yes",10,"Yes, always","Yes, sometimes",NA,NA,NA,NA,NA,"A little less",0,0,"All of the time","Very hard","0",NA,"55-64",1,"   711.3",32752,38
756,5061.691,2021,26,"Male","European/Other","Less than secondary school","Employed","Not partnered","Parent",1,"Rented",16915,8,"NZ with NZ parents","Non-disabled",4,4,5,"Poor","None or almost none","Neither agree nor disagree","Easy to be myself",4,6,5,5,"No",5,"Yes, sometimes","Yes, sometimes",NA,NA,NA,NA,NA,"A lot more",0,0,"Most of the time","Very hard","1",NA,"25-34",1,"   358.6",16928,38
757,534.2153,2021,26,"Female","Māori","Post-secondary NCEA/diploma","Not in labour force","Not partnered","Not a parent",0,"Rented",180348,8,"Medium-term migrant","Non-disabled",5,7,7,"Very Good","None or almost none","Agree","Easy to be myself",7,6,5,4,"No",8,"Yes, sometimes","No",NA,NA,NA,NA,NA,"Moved here recently",0,1,"None of the time","Easy","0",NA,"25-34",3,"   124.4",5520,8
758,6456.271,2021,58,"Female","European/Other","Less than secondary school","Not in labour force","Partnered","Not a parent",0,"Owned without mortgage",128105,7,"NZ with NZ parents","Non-disabled",6,8,10,"Good","Basic","Neither agree nor disagree","Easy to be myself",7,10,5,7,"Yes",18,"No","No",NA,NA,NA,NA,NA,"About the same",0,0,"None of the time","Very easy","0",NA,"55-64",3,"    11.7",736,2
759,5678.22,2021,44,"Male","European/Other","Degree","Employed","Partnered","Parent",1,"Owned without mortgage",111783,1,"Long-term migrant","Non-disabled",6,8,10,"Good","None or almost none","Disagree","Hard to be myself",6,2,6,3,"Yes",18,"Yes, sometimes","Yes, sometimes",NA,NA,NA,NA,NA,"A little more",1,0,"None of the time","Easy","1",NA,"35-44",3,"   881.2",40112,34
760,3011.96,2021,77,"Female","European/Other","Secondary school","Not in labour force","Partnered","Not a parent",0,"Owned without mortgage",55558,8,"NZ with NZ parents","Non-disabled",5,7,7,"Very Good","None or almost none","Disagree","Sometimes easy, sometimes hard",7,8,3,3,"Yes",20,"No","Yes, sometimes",NA,NA,NA,NA,NA,"No crime here",0,1,"None of the time","Easy","0",NA,"65+",2,"   130.2",6256,14
761,9774.842,2021,45,"Male","European/Other","Post-secondary NCEA/diploma","Employed","Not partnered","Not a parent",0,"Owned with mortgage",83398,8,"Long-term migrant","Non-disabled",6,7,7,"Good","Basic","Strongly agree","Very easy to be myself",7,10,5,8,"Yes",17,"Yes, often","Yes, sometimes",NA,NA,NA,NA,NA,"A little less",0,0,"A little of the time","Very easy","0",NA,"45-54",2,"   909.7",41584,30
762,1935.297,2021,15,"Female","European/Other","Secondary school","Not in labour force","Not partnered","Not a parent",0,"Owned with mortgage",51848,10,"NZ with NZ parents","Non-disabled",8,7,7,"Good","None or almost none","Strongly agree","Very easy to be myself",6,7,6,6,"No",10,"Yes, often","Yes, sometimes",NA,NA,NA,NA,NA,"About the same",0,1,"Some of the time","Sometimes easy, sometimes hard","0",NA,"15-24",2,"   321.2",14720,32
763,4998.137,2021,40,"Male","European/Other","Degree","Employed","Partnered","Parent",4,"Owned without mortgage",67988,1,"NZ with NZ parents","Non-disabled",8,8,8,"Good","None or almost none","Agree","Easy to be myself",9,8,5,6,"Yes",19,"No","No",NA,NA,NA,NA,NA,"No crime here",0,0,"Some of the time","Easy","4+",NA,"35-44",2,"   879.7",40480,22
764,8390.144,2021,43,"Female","European/Other","Degree","Employed","Partnered","Not a parent",0,"Owned with mortgage",111587,6,"NZ with NZ parents","Non-disabled",10,8,8,"Very Good","Basic","Neither agree nor disagree","Very easy to be myself",4,8,5,4,"Yes",20,"No","No",NA,NA,NA,NA,NA,"About the same",0,0,"A little of the time","Sometimes easy, sometimes hard","0",NA,"35-44",3,"   365.4",16928,18
765,6337.045,2021,63,"Male","European/Other","Less than secondary school","Not in labour force","Partnered","Parent",1,"Rented",201689,10,"NZ with NZ parents","Non-disabled",10,10,8,"Very Good","Basic","Agree","Very easy to be myself",8,6,9,1,"Yes",20,"No","Yes, sometimes",NA,NA,NA,NA,NA,"A lot more",0,0,"None of the time","Very easy","1",NA,"55-64",3,"   392.6",17664,36
766,2094.246,2021,38,"Female","European/Other","Less than secondary school","Employed","Partnered","Parent",2,"Owned without mortgage",83243,6,"NZ with NZ parents","Non-disabled",6,8,9,"Fair","None or almost none","Strongly disagree","Sometimes easy, sometimes hard",5,4,5,5,"Yes",13,"Yes, sometimes","Yes, sometimes",NA,NA,NA,NA,NA,"No crime here",0,0,"None of the time","Easy","2",NA,"35-44",2,"   416.6",19136,9
767,4420.22,2021,63,"Female","European/Other","Less than secondary school","Employed","Partnered","Not a parent",0,"Owned with mortgage",84127,9,"NZ with overseas parent(s)","Non-disabled",5,8,8,"Good","None or almost none","Neither agree nor disagree","Easy to be myself",7,7,5,2,"Yes",16,"No","Yes, sometimes",NA,NA,NA,NA,NA,"About the same",0,0,"None of the time","Easy","0",NA,"55-64",2,"   359.7",16560,10
768,4420.22,2021,22,"Female","European/Other","Secondary school","Employed","Partnered","Not a parent",0,"Rented",114592,6,"Long-term migrant","Non-disabled",7,7,8,"Very Good","None or almost none","Agree","Very easy to be myself",6,7,5,6,"Yes",19,"No","No",NA,NA,NA,NA,NA,"Moved here recently",0,0,"None of the time","Very easy","0",NA,"15-24",3,"   515.5",23920,31
769,3083.984,2021,46,"Male","Māori","Post-secondary NCEA/diploma","Employed","Partnered","Not a parent",0,"Owned without mortgage",198932,7,"NZ with overseas parent(s)","Non-disabled",9,7,9,"Fair","Basic","Strongly agree","Very easy to be myself",8,9,3,2,"Yes",18,"No","No",NA,NA,NA,NA,NA,"About the same",0,1,"None of the time","Very easy","0",NA,"45-54",3,"   945.2",43056,44
770,385.7683,2021,66,"Male","Māori","Post-secondary NCEA/diploma","Not in labour force","Not partnered","Not a parent",0,"Owned with mortgage",113390,4,"Long-term migrant","Non-disabled",10,10,10,"Very Good","None or almost none","Disagree","Very easy to be myself",9,8,9,9,"Yes",14,"Yes, sometimes","No",NA,NA,NA,NA,NA,"No crime here",0,0,"None of the time","Very easy","0",NA,"65+",3,"   632.4",29072,31
771,3224.323,2021,48,"Male","European/Other","Degree","Employed","Partnered","Parent",1,"Owned without mortgage",232049,1,"Long-term migrant","Non-disabled",5,8,6,"Very Good","Basic","Neither agree nor disagree","Easy to be myself",7,9,7,6,"Yes",14,"No","Yes, sometimes",NA,NA,NA,NA,NA,"A little more",0,0,"None of the time","Easy","1",NA,"45-54",3,"  1272.0",58512,40
772,6448.645,2021,30,"Female","European/Other","Less than secondary school","Employed","Not partnered","Not a parent",0,"Owned without mortgage",80507,10,"NZ with NZ parents","Non-disabled",6,8,10,"Good","Conversational","Neither agree nor disagree","Easy to be myself",5,4,1,1,"No",14,"Yes, sometimes","No",NA,NA,NA,NA,NA,"About the same",0,0,"Most of the time","Sometimes easy, sometimes hard","0",NA,"25-34",2,"   112.7",5152,15
773,7680.546,2021,46,"Male","European/Other","Degree","Employed","Not partnered","Not a parent",0,"Owned without mortgage",53171,9,"NZ with overseas parent(s)","Non-disabled",7,8,8,"Very Good","None or almost none","Strongly agree","Very easy to be myself",5,9,3,7,"Yes",13,"Yes, sometimes","Yes, sometimes",NA,NA,NA,NA,NA,"A little more",0,1,"A little of the time","Sometimes easy, sometimes hard","0",NA,"45-54",2,"   584.9",26496,36
774,3878.966,2021,35,"Male","European/Other","Less than secondary school","Employed","Partnered","Parent",3,"Rented",46114,9,"NZ with unknown origin parents","Non-disabled",9,7,7,"Good","Fluent","Agree","Easy to be myself",5,9,5,9,"Yes",12,"No","No",NA,NA,NA,NA,NA,"A little less",0,0,"None of the time","Easy","3",NA,"35-44",1,"   432.2",19872,33
775,670.9373,2021,17,"Female","European/Other","Less than secondary school","Not in labour force","Not partnered","Not a parent",0,"Rented",102582,2,"NZ with NZ parents","Non-disabled",10,8,10,"Good","None or almost none","Disagree","Very easy to be myself",8,9,7,7,"No",19,"No","No",NA,NA,NA,NA,NA,"Moved here recently",0,0,"None of the time","Sometimes easy, sometimes hard","0",NA,"15-24",3,"   180.7",8096,19
776,5743.162,2021,66,"Female","European/Other","Post-secondary NCEA/diploma","Employed","Not partnered","Not a parent",0,"Owned with mortgage",24665,2,"NZ with NZ parents","Disabled",5,6,7,"Fair","None or almost none","Strongly disagree","Easy to be myself",5,8,1,1,"Yes",15,"No","No",NA,NA,NA,NA,NA,"A little more",1,1,"None of the time","Easy","0",NA,"65+",1,"   362.7",16928,25
777,448.1818,2021,41,"Male","Pacific","Degree","Employed","Partnered","Parent",1,"Owned without mortgage",133568,2,"Long-term migrant","Non-disabled",9,8,8,"Very Good","None or almost none","Neither agree nor disagree","Easy to be myself",8,8,8,7,"Yes",18,"Yes, sometimes","No",NA,NA,NA,NA,NA,"About the same",0,0,"A little of the time","Easy","1",NA,"35-44",3,"   605.6",27968,37
778,14843.4,2021,46,"Female","European/Other","Secondary school","Employed","Partnered","Parent",1,"Owned without mortgage",175248,9,"NZ with NZ parents","Non-disabled",5,7,7,"Good","None or almost none","Agree","Easy to be myself",5,7,5,6,"No",16,"No","No",NA,NA,NA,NA,NA,"About the same",0,0,"A little of the time","Easy","1",NA,"45-54",3,"   361.9",16928,18
779,995.7514,2021,61,"Male","European/Other","Less than secondary school","Not in labour force","Not partnered","Not a parent",0,"Rented",163737,10,"NZ with NZ parents","Non-disabled",2,4,10,"Good","Basic","Agree","Easy to be myself",10,10,10,10,"Yes",14,"Yes, sometimes","No",NA,NA,NA,NA,NA,"Moved here recently",0,0,"None of the time","Hard","0",NA,"55-64",3,"   209.3",9936,29
780,4980.793,2021,29,"Male","European/Other","Post-secondary NCEA/diploma","Not in labour force","Partnered","Parent",1,"Rented",140063,7,"NZ with NZ parents","Non-disabled",10,8,9,"Very Good","Conversational","Strongly agree","Easy to be myself",6,7,5,6,"Yes",18,"Yes, always","Yes, sometimes",NA,NA,NA,NA,NA,"No crime here",0,0,"A little of the time","Very easy","1",NA,"25-34",3,"   580.4",26496,58
781,1276.098,2021,16,"Female","Māori","Post-secondary NCEA/diploma","Not in labour force","Not partnered","Not a parent",0,"Rented",38272,8,"NZ with overseas parent(s)","Non-disabled",10,7,9,"Good","None or almost none","Agree","Very easy to be myself",7,10,5,7,"Yes",16,"No","No",NA,NA,NA,NA,NA,"About the same",0,0,"Some of the time","Sometimes easy, sometimes hard","0",NA,"15-24",1,"   331.1",15456,18
782,1309.193,2021,52,"Male","European/Other","Post-secondary NCEA/diploma","Not in labour force","Partnered","Not a parent",0,"Owned without mortgage",106748,4,"Long-term migrant","Non-disabled",8,7,8,"Good","None or almost none","Disagree","Very easy to be myself",7,6,4,4,"Yes",11,"Yes, sometimes","Yes, sometimes",NA,NA,NA,NA,NA,"A lot more",1,1,"Some of the time","Sometimes easy, sometimes hard","0",NA,"45-54",3,"   420.9",19136,22
783,1611.041,2021,36,"Male","European/Other","Less than secondary school","Employed","Not partnered","Parent",2,"Owned without mortgage",60322,6,"NZ with NZ parents","Non-disabled",6,7,6,"Very Good","None or almost none","Neither agree nor disagree","Easy to be myself",7,8,3,5,"Yes",15,"No","No",NA,NA,NA,NA,NA,"About the same",0,0,"A little of the time","Easy","2",NA,"35-44",2,"   436.4",20240,30
784,5688.746,2021,33,"Male","European/Other","Less than secondary school","Not in labour force","Not partnered","Parent",2,"Rented",53890,5,"NZ with NZ parents","Non-disabled",3,7,8,"Very Good","Basic","Strongly agree","Very easy to be myself",6,7,2,3,"Yes",6,"Yes, always","Yes, always",NA,NA,NA,NA,NA,"No crime here",1,1,"Some of the time","Easy","2",NA,"25-34",2,"   645.2",29808,37
785,6481.526,2021,38,"Female","European/Other","Degree","Employed","Partnered","Parent",1,"Owned with mortgage",25697,5,"Recent migrant","Non-disabled",6,6,6,"Very Good","None or almost none","Disagree","Sometimes easy, sometimes hard",8,9,7,6,"No",15,"Yes, sometimes","Yes, sometimes",NA,NA,NA,NA,NA,"A little more",1,0,"None of the time","Easy","1",NA,"35-44",1,"  1746.2",80592,56
786,3464.38,2021,66,"Male","European/Other","Secondary school","Employed","Not partnered","Not a parent",0,"Owned with mortgage",53997,1,"NZ with NZ parents","Non-disabled",8,8,7,"Very Good","Basic","Strongly agree","Very easy to be myself",7,7,5,6,"Yes",18,"No","No",NA,NA,NA,NA,NA,"A little more",0,0,"None of the time","Easy","0",NA,"65+",2,"   668.7",30544,32
787,3196.58,2021,32,"Female","European/Other","Degree","Not in labour force","Not partnered","Not a parent",0,"Owned without mortgage",131242,2,"Long-term migrant","Non-disabled",9,7,8,"Very Good","None or almost none","Strongly agree","Easy to be myself",7,9,5,6,"No",20,"Yes, often","Yes, sometimes",NA,NA,NA,NA,NA,"About the same",0,0,"None of the time","Very easy","0",NA,"25-34",3,"   633.1",29440,32
788,3486.406,2021,48,"Female","European/Other","Degree","Employed","Not partnered","Not a parent",0,"Owned without mortgage",137464,8,"NZ with NZ parents","Non-disabled",3,5,9,"Excellent","Conversational","Strongly agree","Very easy to be myself",7,10,6,10,"Yes",10,"Not applicable","No",NA,NA,NA,NA,NA,"Moved here recently",1,0,"None of the time","Easy","0",NA,"45-54",3,"   271.3",12512,20
789,15746.41,2021,52,"Female","European/Other","Less than secondary school","Employed","Partnered","Parent",2,"Owned without mortgage",232043,6,"NZ with NZ parents","Non-disabled",5,7,8,"Good","None or almost none","Neither agree nor disagree","Very easy to be myself",7,8,4,4,"Yes",14,"No","Yes, always",NA,NA,NA,NA,NA,"About the same",0,0,"None of the time","Very easy","2",NA,"45-54",3,"   559.8",26128,32
790,12069.29,2021,54,"Male","European/Other","Less than secondary school","Employed","Partnered","Not a parent",0,"Owned without mortgage",23014,10,"NZ with overseas parent(s)","Non-disabled",5,5,8,"Good","None or almost none","Agree","Easy to be myself",5,9,5,5,"Yes",8,"Yes, sometimes","Yes, sometimes",NA,NA,NA,NA,NA,"About the same",0,1,"Some of the time","Sometimes easy, sometimes hard","0",NA,"45-54",1,"   667.7",30544,46
791,2513.804,2021,69,"Male","European/Other","Less than secondary school","Not in labour force","Partnered","Not a parent",0,"Owned with mortgage",110247,6,"NZ with NZ parents","Non-disabled",9,10,10,"Very Good","None or almost none","Disagree","Very easy to be myself",9,9,4,7,"Yes",20,"No","No",NA,NA,NA,NA,NA,"About the same",0,0,"None of the time","Very easy","0",NA,"65+",3,"   238.4",11408,25
792,4758.322,2021,56,"Male","European/Other","Post-secondary NCEA/diploma","Employed","Not partnered","Not a parent",0,"Rented",34095,10,"NZ with unknown origin parents","Non-disabled",5,0,3,"Poor","None or almost none","Agree","Very easy to be myself",5,8,5,6,"Yes",20,"No","No",NA,NA,NA,NA,NA,"Moved here recently",0,0,"None of the time","Very easy","0",NA,"55-64",1,"  1147.2",52992,14
793,419.4868,2021,25,"Male","Asian","Less than secondary school","Not in labour force","Partnered","Not a parent",0,"Rented",164227,7,"NZ with NZ parents","Non-disabled",8,9,7,"Good","None or almost none","Agree","Sometimes easy, sometimes hard",8,8,6,5,"Yes",15,"No","No",NA,NA,NA,NA,NA,"Moved here recently",1,1,"A little of the time","Very easy","0",NA,"25-34",3,"   344.8",16192,28
794,5566.501,2021,63,"Male","European/Other","Less than secondary school","Employed","Partnered","Not a parent",0,"Owned with mortgage",71550,4,"NZ with NZ parents","Disabled",8,7,7,"Fair","None or almost none","Strongly disagree","Very easy to be myself",7,8,0,0,"Yes",16,"Yes, sometimes","No",NA,NA,NA,NA,NA,"A little more",0,0,"None of the time","Sometimes easy, sometimes hard","0",NA,"55-64",2,"   721.7",32752,32
795,6716.66,2021,63,"Male","European/Other","Less than secondary school","Employed","Partnered","Not a parent",0,"Owned without mortgage",87259,5,"NZ with NZ parents","Non-disabled",7,10,10,"Very Good","Basic","Agree","Very easy to be myself",7,10,4,2,"Yes",16,"No","No",NA,NA,NA,NA,NA,"A little more",0,0,"None of the time","Very easy","0",NA,"55-64",2,"   612.8",28336,30
796,13224.68,2021,43,"Male","European/Other","Degree","Employed","Partnered","Parent",2,"Owned without mortgage",116157,7,"NZ with NZ parents","Non-disabled",4,8,8,"Good","Fluent","Strongly agree","Easy to be myself",8,9,7,7,"Yes",17,"No","No",NA,NA,NA,NA,NA,"A little more",0,1,"Some of the time","Easy","2",NA,"35-44",3,"   929.8",43056,44
797,198.251,2021,47,"Male","European/Other","Post-secondary NCEA/diploma","Unemployed","Partnered","Parent",1,"Owned with mortgage",145342,4,"Long-term migrant","Non-disabled",8,8,10,"Poor","None or almost none","Strongly agree","Sometimes easy, sometimes hard",2,2,10,10,"Yes",8,"Yes, often","Yes, sometimes",NA,NA,NA,NA,NA,"About the same",1,1,"A little of the time","Hard","1",NA,"45-54",3,"   421.5",19504,44
798,466.8048,2021,65,"Male","Pacific","Secondary school","Not in labour force","Partnered","Not a parent",0,"Owned with mortgage",49537,1,"Medium-term migrant","Non-disabled",8,9,10,"Very Good","None or almost none","Disagree","Easy to be myself",7,8,3,3,"Yes",20,"No","No",NA,NA,NA,NA,NA,"About the same",0,0,"None of the time","Easy","0",NA,"65+",1,"   422.2",19136,23
799,1830.846,2021,67,"Female","European/Other","Degree","Not in labour force","Not partnered","Not a parent",0,"Owned with mortgage",22533,1,"NZ with NZ parents","Non-disabled",9,8,7,"Good","None or almost none","Agree","Very easy to be myself",7,7,7,7,"Yes",8,"Yes, often","Yes, sometimes",NA,NA,NA,NA,NA,"A little less",0,0,"None of the time",NA,"0",NA,"65+",1,"  1426.8",65872,29
800,4974.775,2021,59,"Female","European/Other","Less than secondary school","Employed","Partnered","Not a parent",0,"Owned with mortgage",194661,9,"NZ with NZ parents","Non-disabled",10,8,8,"Good","None or almost none","Strongly agree","Sometimes easy, sometimes hard",5,8,1,3,"No",16,"Yes, often","No",NA,NA,NA,NA,NA,"A lot more",0,0,"A little of the time","Sometimes easy, sometimes hard","0",NA,"55-64",3,"   460.8",20976,29
801,5031.934,2021,68,"Male","European/Other","Less than secondary school","Employed","Not partnered","Not a parent",0,"Owned with mortgage",38123,4,"NZ with NZ parents","Non-disabled",5,5,5,"Fair","Conversational","Agree","Hard to be myself",4,0,0,2,"Yes",11,"No","No",NA,NA,NA,NA,NA,"A little less",0,1,"A little of the time","Hard","0",NA,"65+",1,"   379.6",17296,32
802,2848.364,2021,17,"Female","European/Other","Less than secondary school","Employed","Not partnered","Not a parent",0,"Rented",45840,8,"NZ with overseas parent(s)","Disabled",7,5,10,"Good","None or almost none","Strongly disagree","Easy to be myself",10,5,3,5,"No",13,"Yes, sometimes","Yes, sometimes",NA,NA,NA,NA,NA,"A little more",0,0,"None of the time","Very hard","0",NA,"15-24",1,"   233.5",11040,33
803,647.2484,2021,53,"Female","Māori","Secondary school","Employed","Not partnered","Not a parent",0,"Rented",45551,10,"NZ with NZ parents","Non-disabled",6,4,7,"Very Good","None or almost none","Disagree","Hard to be myself",7,9,4,7,"Yes",4,"Yes, often","No",NA,NA,NA,NA,NA,"A little more",1,1,"None of the time","Very hard","0",NA,"45-54",1,"   484.3",22080,20
804,3049.303,2021,21,"Male","European/Other","Less than secondary school","Employed","Not partnered","Not a parent",0,"Rented",114021,9,"NZ with NZ parents","Disabled",5,6,3,"Good","None or almost none","Strongly agree","Very hard to be myself",2,5,0,5,"Not eligible",7,"No","No",NA,NA,NA,NA,NA,"About the same",0,0,"All of the time","Very hard","0",NA,"15-24",3,"   312.9",13984,36
805,1087.618,2021,69,"Male","Asian","Less than secondary school","Employed","Not partnered","Not a parent",0,"Owned with mortgage",46896,6,"Long-term migrant","Non-disabled",6,10,10,"Very Good","None or almost none","Agree","Easy to be myself",8,10,9,9,"Yes",19,"No","No",NA,NA,NA,NA,NA,"About the same",0,0,"None of the time","Easy","0",NA,"65+",1,"   433.3",19872,33
806,1740.803,2021,48,"Male","European/Other","Less than secondary school","Not in labour force","Not partnered","Not a parent",0,"Owned without mortgage",215698,2,"NZ with NZ parents","Non-disabled",8,2,3,"Very Good","Basic","Strongly agree","Very easy to be myself",0,9,2,9,"Yes",20,"No","No",NA,NA,NA,NA,NA,"A little more",0,0,"A little of the time","Very hard","0",NA,"45-54",3,"   692.0",32016,40
807,6126.692,2021,46,"Male","European/Other","Degree","Not in labour force","Partnered","Parent",2,"Owned with mortgage",58597,4,"NZ with overseas parent(s)","Non-disabled",8,8,10,"Excellent","None or almost none","Agree","Very easy to be myself",8,4,1,4,"Yes",20,"No","No",NA,NA,NA,NA,NA,"About the same",0,0,"A little of the time","Very easy","2",NA,"45-54",2,"   444.0",20240,19
808,13076.06,2021,46,"Male","European/Other","Degree","Employed","Partnered","Not a parent",0,"Owned without mortgage",111075,3,"Long-term migrant","Non-disabled",7,8,8,"Very Good","None or almost none","Strongly disagree","Easy to be myself",5,10,4,0,"Yes",13,"Yes, often","No",NA,NA,NA,NA,NA,"A little more",0,1,"None of the time","Easy","0",NA,"45-54",3,"   626.2",28704,20
809,1536.557,2021,28,"Female","European/Other","Less than secondary school","Not in labour force","Not partnered","Not a parent",0,"Rented",211662,6,"NZ with NZ parents","Disabled",6,6,7,"Very Good","Basic","Agree","Very easy to be myself",0,5,3,5,"Yes",19,"No","No",NA,NA,NA,NA,NA,"No crime here",0,0,"None of the time","Sometimes easy, sometimes hard","0",NA,"25-34",3,"   556.5",25760,32
810,6310.649,2021,78,"Male","European/Other","Less than secondary school","Employed","Partnered","Not a parent",0,"Rented",13952,10,"NZ with overseas parent(s)","Non-disabled",5,8,9,"Good","None or almost none","Agree","Very easy to be myself",7,9,6,7,"Yes",12,"No","No",NA,NA,NA,NA,NA,"About the same",0,0,"None of the time","Very easy","0",NA,"65+",1,"   657.5",29808,41
811,9228.958,2021,41,"Female","European/Other","Secondary school","Employed","Not partnered","Not a parent",0,"Rented",70190,7,"Long-term migrant","Non-disabled",4,5,8,"Good","Basic","Neither agree nor disagree","Sometimes easy, sometimes hard",6,7,5,6,"Yes",0,"Yes, always","Yes, always",NA,NA,NA,NA,NA,"About the same",0,1,"Some of the time","Sometimes easy, sometimes hard","0",NA,"35-44",2,"   567.0",26128,34
812,5741.481,2021,15,"Female","European/Other","Less than secondary school","Not in labour force","Not partnered","Not a parent",0,"Owned without mortgage",19847,5,"NZ with NZ parents","Non-disabled",8,7,1,"Very Good","Basic","Agree","Very easy to be myself",8,10,5,8,"Not eligible",14,"Yes, sometimes","Yes, sometimes",NA,NA,NA,NA,NA,"No crime here",0,0,"None of the time","Very easy","0",NA,"15-24",1,"   288.9",13616,56
813,5496.184,2021,27,"Male","European/Other","Less than secondary school","Employed","Partnered","Not a parent",0,"Rented",127811,10,"NZ with NZ parents","Non-disabled",10,8,8,"Good","Fluent","Strongly agree","Sometimes easy, sometimes hard",4,8,3,6,"Yes",15,"Yes, sometimes","Yes, sometimes",NA,NA,NA,NA,NA,"About the same",0,0,"None of the time","Very easy","0",NA,"25-34",3,"   842.3",39008,65
814,4845.441,2021,26,"Female","European/Other","Secondary school","Employed","Not partnered","Not a parent",0,"Rented",46280,8,"Medium-term migrant","Non-disabled",5,9,8,"Very Good","None or almost none","Agree","Sometimes easy, sometimes hard",6,8,8,8,"No",13,"Not applicable","No",NA,NA,NA,NA,NA,"No crime here",0,0,"A little of the time","Easy","0",NA,"25-34",1,"   244.2",11040,14
815,4895.345,2021,34,"Male","European/Other","Less than secondary school","Employed","Partnered","Parent",3,"Owned without mortgage",179761,5,"NZ with NZ parents","Non-disabled",7,7,10,"Very Good","None or almost none","Neither agree nor disagree","Very easy to be myself",6,8,3,0,"Yes",19,"No","No",NA,NA,NA,NA,NA,"A little more",0,0,"A little of the time","Very easy","3",NA,"25-34",3,"   971.2",44896,76
816,782.0162,2021,73,"Female","Asian","Secondary school","Employed","Not partnered","Not a parent",0,"Owned with mortgage",41917,7,"NZ with NZ parents","Non-disabled",8,10,10,"Very Good","None or almost none","Agree","Very easy to be myself",10,5,2,2,"Yes",20,"Yes, sometimes","No",NA,NA,NA,NA,NA,"About the same",0,0,"None of the time",NA,"0",NA,"65+",1,"   409.1",18400,8
817,6062.295,2021,50,"Male","European/Other","Less than secondary school","Employed","Partnered","Parent",1,"Rented",36631,10,"Long-term migrant","Non-disabled",8,9,10,"Good","None or almost none","Agree","Very easy to be myself",3,10,8,10,"Yes",15,"Yes, always","Yes, always",NA,NA,NA,NA,NA,"No crime here",0,0,"None of the time",NA,"1",NA,"45-54",1,"   657.0",29808,32
818,3031.016,2021,44,"Female","European/Other","Secondary school","Employed","Partnered","Parent",1,"Owned without mortgage",146480,3,"Long-term migrant","Non-disabled",5,8,8,"Very Good","None or almost none","Strongly agree","Easy to be myself",8,10,5,10,"Yes",12,"Yes, often","No",NA,NA,NA,NA,NA,"No crime here",0,0,"Some of the time","Sometimes easy, sometimes hard","1",NA,"35-44",3,"   501.5",22816,49
819,1483.572,2021,77,"Female","European/Other","Degree","Not in labour force","Partnered","Not a parent",0,"Rented",30724,8,"NZ with NZ parents","Disabled",1,4,7,"Fair","None or almost none","Neither agree nor disagree","Very easy to be myself",8,9,1,0,"Yes",4,"Yes, always","Yes, always",NA,NA,NA,NA,NA,"About the same",0,0,"A little of the time","Hard","0",NA,"65+",1,"   604.8",27600,30
820,1449.043,2021,61,"Male","European/Other","Secondary school","Not in labour force","Not partnered","Parent",1,"Rented",27740,9,"NZ with unknown origin parents","Disabled",2,3,3,"Poor","Conversational","Agree","Very easy to be myself",1,2,0,8,"Yes",3,"Yes, always","Yes, always",NA,NA,NA,NA,NA,"A little more",0,0,"A little of the time","Sometimes easy, sometimes hard","1",NA,"55-64",1,"   466.5",21712,32
821,102.9856,2021,66,"Male","European/Other","Secondary school","Unemployed","Not partnered","Not a parent",0,"Owned with mortgage",115425,7,"NZ with NZ parents","Non-disabled",10,10,10,"Very Good","Basic","Neither agree nor disagree","Very easy to be myself",7,8,4,4,"Yes",19,"No","No",NA,NA,NA,NA,NA,"No crime here",0,0,"None of the time","Very easy","0",NA,"65+",3,"   733.7",33856,32
822,102.9856,2021,38,"Male","European/Other","Degree","Unemployed","Not partnered","Not a parent",0,"Owned without mortgage",227575,3,"Long-term migrant","Non-disabled",7,7,8,"Very Good","None or almost none","Strongly disagree","Easy to be myself",7,6,4,4,"Yes",18,"No","No",NA,NA,NA,NA,NA,"No crime here",0,0,"A little of the time","Sometimes easy, sometimes hard","0",NA,"35-44",3,"   557.9",25760,34
823,1532.834,2021,65,"Female","European/Other","Less than secondary school","Not in labour force","Not partnered","Not a parent",0,"Owned without mortgage",106308,3,"NZ with NZ parents","Non-disabled",5,8,10,"Very Good","Basic","Strongly agree","Sometimes easy, sometimes hard",7,7,4,5,"Yes",16,"No","Yes, sometimes",NA,NA,NA,NA,NA,"About the same",0,0,"A little of the time","Very easy","0",NA,"65+",3,"   414.8",18768,10
824,2625.027,2021,65,"Male","European/Other","Less than secondary school","Employed","Not partnered","Not a parent",0,"Owned with mortgage",69540,9,"NZ with NZ parents","Non-disabled",5,7,8,"Excellent","None or almost none","Neither agree nor disagree","Easy to be myself",7,9,2,3,"Yes",13,"No","No",NA,NA,NA,NA,NA,"About the same",1,0,"A little of the time","Easy","0",NA,"65+",2,"   384.3",17664,30
825,11654.17,2021,69,"Male","European/Other","Post-secondary NCEA/diploma","Employed","Not partnered","Not a parent",0,"Owned with mortgage",38220,5,"NZ with NZ parents","Non-disabled",6,9,7,"Good","None or almost none","Strongly disagree","Easy to be myself",6,9,3,5,"Yes",15,"Yes, often","Yes, sometimes",NA,NA,NA,NA,NA,"A lot more",0,0,"None of the time","Very easy","0",NA,"65+",1,"   255.0",11408,18
826,2718.03,2021,48,"Female","European/Other","Less than secondary school","Employed","Partnered","Not a parent",0,"Rented",58940,3,"NZ with overseas parent(s)","Non-disabled",7,7,10,"Good","Basic","Agree","Easy to be myself",6,6,4,7,"Yes",13,"No","Yes, sometimes",NA,NA,NA,NA,NA,"About the same",0,0,"A little of the time","Sometimes easy, sometimes hard","0",NA,"45-54",2,"   536.2",24656,32
827,11523.24,2021,71,"Female","European/Other","Post-secondary NCEA/diploma","Employed","Partnered","Not a parent",0,"Owned with mortgage",83891,8,"NZ with NZ parents","Non-disabled",8,10,10,"Very Good","None or almost none","Neither agree nor disagree","Easy to be myself",5,8,5,5,"Yes",18,"No","No",NA,NA,NA,NA,NA,"A little more",0,0,"None of the time","Easy","0",NA,"65+",2,"   352.7",15824,26
828,4267.457,2021,40,"Male","European/Other","Degree","Employed","Partnered","Not a parent",0,"Owned without mortgage",103314,3,"NZ with NZ parents","Non-disabled",8,8,8,"Very Good","Basic","Strongly agree","Very easy to be myself",3,7,2,4,"Yes",15,"No","No",NA,NA,NA,NA,NA,"A lot more",1,0,"Some of the time","Sometimes easy, sometimes hard","0",NA,"35-44",3,"   667.9",30912,30
829,1947.291,2021,50,"Female","European/Other","Less than secondary school","Not in labour force","Not partnered","Not a parent",0,"Owned with mortgage",122491,10,"NZ with NZ parents","Non-disabled",5,8,9,"Very Good","None or almost none","Disagree","Very easy to be myself",7,0,5,4,"Yes",18,"No","No",NA,NA,NA,NA,NA,"About the same",0,0,"None of the time","Very easy","0",NA,"45-54",3,"   170.2",8096,2
830,992.9074,2021,45,"Male","European/Other","Post-secondary NCEA/diploma","Not in labour force","Partnered","Not a parent",0,"Owned without mortgage",49320,1,"Long-term migrant","Non-disabled",8,7,8,"Excellent","None or almost none","Neither agree nor disagree","Very easy to be myself",8,6,3,1,"Yes",16,"No","No",NA,NA,NA,NA,NA,"A lot more",0,0,"A little of the time","Very easy","0",NA,"45-54",1,"   293.8",13248,24
831,2160.179,2021,55,"Female","European/Other","Less than secondary school","Employed","Partnered","Not a parent",0,"Owned without mortgage",98000,8,"NZ with NZ parents","Non-disabled",7,9,9,"Very Good","None or almost none","Agree","Very easy to be myself",7,8,3,7,"Yes",19,"No","No",NA,NA,NA,NA,NA,"No crime here",0,0,"A little of the time","Easy","0",NA,"55-64",2,"   624.5",28336,31
832,2246.544,2021,26,"Male","European/Other","Degree","Employed","Not partnered","Not a parent",0,"Owned without mortgage",55989,9,"NZ with unknown origin parents","Non-disabled",6,8,9,"Fair","Fluent","Agree","Sometimes easy, sometimes hard",7,7,1,6,"Yes",17,"No","Yes, sometimes",NA,NA,NA,NA,NA,"About the same",0,1,"A little of the time","Easy","0",NA,"25-34",2,"   411.1",19136,38
833,2246.544,2021,62,"Male","European/Other","Secondary school","Employed","Partnered","Not a parent",0,"Owned with mortgage",104661,6,"NZ with NZ parents","Non-disabled",5,6,8,"Good","Basic","Strongly agree","Sometimes easy, sometimes hard",7,6,3,3,"Yes",11,"No","No",NA,NA,NA,NA,NA,"A little more",0,1,"A little of the time","Very easy","0",NA,"55-64",3,"   806.6",36800,32
834,1071.781,2021,40,"Male","European/Other","Post-secondary NCEA/diploma","Not in labour force","Partnered","Not a parent",0,"Rented",121995,8,"Medium-term migrant","Non-disabled",5,7,9,"Good","None or almost none","Agree","Very easy to be myself",8,9,8,6,"Yes",17,"Yes, always","Yes, sometimes",NA,NA,NA,NA,NA,"A little more",0,0,"A little of the time","Easy","0",NA,"35-44",3,"   934.3",43424,42
835,3499.227,2021,41,"Female","European/Other","Degree","Employed","Not partnered","Not a parent",0,"Owned with mortgage",170233,3,"NZ with NZ parents","Disabled",10,8,8,"Very Good","None or almost none","Neither agree nor disagree","Very easy to be myself",8,9,4,6,"Yes",18,"Yes, sometimes","No",NA,NA,NA,NA,NA,"About the same",0,0,"A little of the time","Easy","0",NA,"35-44",3,"   772.0",35696,40
836,186.7043,2021,67,"Female","European/Other","Less than secondary school","Unemployed","Partnered","Not a parent",0,"Owned with mortgage",170600,3,"Long-term migrant","Non-disabled",2,6,9,"Good","Basic","Neither agree nor disagree","Sometimes easy, sometimes hard",8,8,5,7,"Yes",15,"No","No",NA,NA,NA,NA,NA,"A lot less",0,0,"None of the time","Easy","0",NA,"65+",3,"  1145.8",52624,35
837,1612.659,2021,19,"Male","European/Other","Post-secondary NCEA/diploma","Employed","Not partnered","Not a parent",0,"Rented",219443,2,"NZ with NZ parents","Non-disabled",3,6,5,"Good","None or almost none","Strongly agree","Easy to be myself",3,2,0,2,"Yes",10,"Yes, sometimes","Yes, sometimes",NA,NA,NA,NA,NA,"Moved here recently",0,1,"None of the time","Sometimes easy, sometimes hard","0",NA,"15-24",3,"   284.1",12880,50
838,1678.311,2021,30,"Male","European/Other","Less than secondary school","Employed","Not partnered","Not a parent",0,"Rented",245641,3,"NZ with NZ parents","Non-disabled",6,7,9,"Poor","Basic","Agree","Sometimes easy, sometimes hard",8,10,4,5,"Yes",15,"Yes, sometimes","No",NA,NA,NA,NA,NA,"About the same",0,0,"Some of the time","Sometimes easy, sometimes hard","0",NA,"25-34",3,"   359.3",16560,29
839,11070.08,2021,45,"Female","European/Other","Secondary school","Employed","Partnered","Parent",2,"Rented",10632,9,"Long-term migrant","Non-disabled",4,5,5,"Poor","Basic","Agree","Easy to be myself",3,6,4,4,"Yes",9,"Yes, always","Yes, sometimes",NA,NA,NA,NA,NA,"About the same",0,0,"None of the time","Easy","2",NA,"45-54",1,"   230.3",10304,20
840,20878.32,2021,22,"Male","European/Other","Less than secondary school","Employed","Not partnered","Not a parent",0,"Owned without mortgage",52569,3,"NZ with overseas parent(s)","Non-disabled",9,10,9,"Excellent","None or almost none","Agree","Very easy to be myself",7,10,6,9,"Not eligible",15,"No","No",NA,NA,NA,NA,NA,"A little less",1,1,"None of the time","Easy","0",NA,"15-24",2,"   256.1",12144,16
841,15847.61,2021,90,"Male","European/Other","Less than secondary school","Not in labour force","Not partnered","Not a parent",0,"Rented",32885,1,"NZ with NZ parents","Non-disabled",7,8,8,"Very Good","None or almost none","Neither agree nor disagree","Very easy to be myself",8,9,7,7,"Yes",17,"Yes, sometimes","No",NA,NA,NA,NA,NA,"No crime here",0,0,"A little of the time","Hard","0",NA,"65+",1,"   667.5",30544,43
842,8481.606,2021,54,"Female","European/Other","Less than secondary school","Employed","Partnered","Not a parent",0,"Owned without mortgage",75209,2,"Long-term migrant","Non-disabled",9,8,10,"Excellent","None or almost none","Neither agree nor disagree","Very easy to be myself",7,9,5,8,"Yes",20,"No","No",NA,NA,NA,NA,NA,"A lot less",0,0,"None of the time","Easy","0",NA,"45-54",2,"   630.7",29440,32
843,4985.34,2021,27,"Male","European/Other","Secondary school","Not in labour force","Partnered","Not a parent",0,"Rented",173201,4,"Recent migrant","Non-disabled",10,10,8,"Good","None or almost none","Agree","Easy to be myself",9,10,7,9,"No",10,"Yes, always","Yes, always",NA,NA,NA,NA,NA,"A lot more",0,0,"Some of the time","Sometimes easy, sometimes hard","0",NA,"25-34",3,"   909.1",41952,48
844,16059.06,2021,74,"Male","European/Other","Degree","Employed","Not partnered","Not a parent",0,"Owned with mortgage",14145,6,"NZ with overseas parent(s)","Non-disabled",7,9,8,"Very Good","None or almost none","Agree","Very easy to be myself",8,5,4,6,"Yes",20,"No","No",NA,NA,NA,NA,NA,"About the same",0,0,"None of the time","Very easy","0",NA,"65+",1,"  1067.5",48944,44
845,6191.917,2021,35,"Male","European/Other","Less than secondary school","Not in labour force","Not partnered","Not a parent",0,"Rented",36414,9,"NZ with NZ parents","Non-disabled",10,5,7,"Fair","None or almost none","Strongly agree","Sometimes easy, sometimes hard",5,10,2,5,"Yes",9,"Yes, sometimes","No",NA,NA,NA,NA,NA,"A little more",0,0,"Some of the time","Sometimes easy, sometimes hard","0",NA,"35-44",1,"   459.8",20976,32
846,5150.044,2021,23,"Male","European/Other","Degree","Employed","Not partnered","Not a parent",0,"Rented",133879,8,"NZ with NZ parents","Non-disabled",7,8,10,"Very Good","Conversational","Agree","Very easy to be myself",7,9,7,8,"Yes",15,"Yes, always","No",NA,NA,NA,NA,NA,"About the same",0,1,"Some of the time","Sometimes easy, sometimes hard","0",NA,"15-24",3,"   650.3",29808,36
847,2396.351,2021,65,"Male","Pacific","Post-secondary NCEA/diploma","Employed","Not partnered","Not a parent",0,"Owned without mortgage",157942,7,"NZ with overseas parent(s)","Non-disabled",5,7,10,"Very Good","None or almost none","Strongly agree","Easy to be myself",8,9,6,7,"Yes",9,"Yes, sometimes","No",NA,NA,NA,NA,NA,"A little more",0,0,"None of the time","Sometimes easy, sometimes hard","0",NA,"65+",3,"   279.2",13248,33
848,969.5654,2021,71,"Female","European/Other","Less than secondary school","Not in labour force","Not partnered","Not a parent",0,"Rented",47367,3,"NZ with overseas parent(s)","Disabled",5,3,3,"Poor","None or almost none","Disagree","Sometimes easy, sometimes hard",5,5,5,8,"Yes",14,"No","No",NA,NA,NA,NA,NA,"About the same",0,0,"Some of the time","Easy","0",NA,"65+",1,"   130.0",6256,13
849,924.8677,2021,52,"Female","Māori","Secondary school","Employed","Not partnered","Not a parent",0,"Owned with mortgage",64720,10,"NZ with NZ parents","Non-disabled",5,4,8,"Excellent","None or almost none","Disagree","Easy to be myself",0,8,3,3,"Yes",18,"No","No",NA,NA,NA,NA,NA,"A little more",0,0,"None of the time","Easy","0",NA,"45-54",2,"   647.5",30176,30
850,5668.075,2021,45,"Female","European/Other","Post-secondary NCEA/diploma","Employed","Partnered","Not a parent",0,"Rented",127092,5,"Long-term migrant","Non-disabled",5,9,9,"Very Good","None or almost none","Strongly agree","Very easy to be myself",6,6,5,6,"Yes",17,"No","Yes, sometimes",NA,NA,NA,NA,NA,"No crime here",0,0,"None of the time","Very hard","0",NA,"45-54",3,"   695.5",32384,26
851,6041.649,2021,81,"Female","European/Other","Less than secondary school","Not in labour force","Partnered","Not a parent",0,"Owned with mortgage",26493,6,"Long-term migrant","Non-disabled",7,7,5,"Fair","None or almost none","Agree","Easy to be myself",7,8,7,6,"Yes",20,"No","No",NA,NA,NA,NA,NA,"About the same",0,0,"A little of the time","Sometimes easy, sometimes hard","0",NA,"65+",1,"   118.6",5520,13
852,6041.649,2021,55,"Female","European/Other","Less than secondary school","Not in labour force","Not partnered","Not a parent",0,"Owned with mortgage",87460,8,"NZ with NZ parents","Non-disabled",7,6,8,"Excellent","Basic","Neither agree nor disagree","Easy to be myself",3,8,6,6,"Yes",13,"Yes, often","No",NA,NA,NA,NA,NA,"About the same",0,1,"Some of the time","Sometimes easy, sometimes hard","0",NA,"55-64",2,"   125.1",5520,13
853,1674.375,2021,25,"Male","European/Other","Degree","Not in labour force","Not partnered","Not a parent",0,"Rented",85880,7,"NZ with NZ parents","Non-disabled",7,8,9,"Very Good","None or almost none","Strongly agree","Very easy to be myself",8,9,5,8,"Yes",15,"Not applicable","No",NA,NA,NA,NA,NA,"About the same",1,0,"Some of the time","Sometimes easy, sometimes hard","0",NA,"25-34",2,"   209.3",9936,11
854,2024.646,2021,62,"Female","European/Other","Post-secondary NCEA/diploma","Employed","Partnered","Not a parent",0,"Owned with mortgage",129346,4,"NZ with NZ parents","Non-disabled",9,7,8,"Very Good","None or almost none","Neither agree nor disagree","Sometimes easy, sometimes hard",6,9,5,5,"Yes",20,"Yes, sometimes","Yes, sometimes",NA,NA,NA,NA,NA,"About the same",0,0,"None of the time","Sometimes easy, sometimes hard","0",NA,"55-64",3,"   886.0",40848,30
855,2235.577,2021,30,"Male","European/Other","Less than secondary school","Not in labour force","Not partnered","Not a parent",0,"Rented",67391,7,"NZ with NZ parents","Non-disabled",7,8,9,"Excellent","None or almost none","Disagree","Easy to be myself",5,8,4,6,"Yes",3,"Yes, sometimes","No",NA,NA,NA,NA,NA,"A lot less",0,0,"None of the time","Sometimes easy, sometimes hard","0",NA,"25-34",2,"   477.8",22080,32
856,1176.161,2021,38,"Male","European/Other","Less than secondary school","Not in labour force","Partnered","Parent",1,"Rented",294622,5,"NZ with NZ parents","Non-disabled",10,7,9,"Good","Basic","Neither agree nor disagree","Easy to be myself",5,10,3,3,"Yes",15,"Yes, sometimes","No",NA,NA,NA,NA,NA,"About the same",0,0,"Some of the time","Easy","1",NA,"35-44",3,"   665.4",30912,30
857,2298.097,2021,46,"Female","European/Other","Post-secondary NCEA/diploma","Not in labour force","Partnered","Not a parent",0,"Owned without mortgage",237098,10,"NZ with NZ parents","Disabled",8,9,9,"Good","None or almost none","Neither agree nor disagree","Easy to be myself",7,8,3,4,"No",18,"No","Yes, sometimes",NA,NA,NA,NA,NA,"A little more",1,0,"None of the time","Easy","0",NA,"45-54",3,"   155.7",6992,14
858,3241.543,2021,26,"Male","European/Other","Degree","Employed","Partnered","Not a parent",0,"Rented",127493,4,"Recent migrant","Disabled",5,7,5,"Very Good","None or almost none","Strongly agree","Easy to be myself",7,9,5,9,"Yes",12,"Yes, always","Yes, always",NA,NA,NA,NA,NA,"A little more",0,0,"Some of the time","Easy","0",NA,"25-34",3,"   665.3",30176,48
859,1723.842,2021,51,"Male","European/Other","Secondary school","Employed","Not partnered","Not a parent",0,"Owned without mortgage",38959,7,"NZ with NZ parents","Disabled",5,7,5,"Poor","None or almost none","Agree","Easy to be myself",4,3,5,0,"Yes",7,"Yes, often","Yes, sometimes",NA,NA,NA,NA,NA,"No crime here",0,0,"Some of the time","Very easy","0",NA,"45-54",1,"   608.3",28336,32
860,2557.97,2021,58,"Male","European/Other","Degree","Employed","Partnered","Not a parent",0,"Rented",129972,6,"Long-term migrant","Non-disabled",6,4,5,"Very Good","None or almost none","Disagree","Hard to be myself",7,8,5,4,"Yes",8,"Yes, always","No",NA,NA,NA,NA,NA,"About the same",0,0,"Some of the time","Easy","0",NA,"55-64",3,"  1463.0",67712,85
861,1889.22,2021,67,"Female","European/Other","Secondary school","Not in labour force","Partnered","Not a parent",0,"Owned with mortgage",81575,3,"NZ with NZ parents","Non-disabled",9,10,9,"Good","None or almost none","Agree","Very easy to be myself",9,9,2,2,"Yes",19,"No","No",NA,NA,NA,NA,NA,"About the same",0,0,"None of the time","Easy","0",NA,"65+",2,"   136.1",6256,14
862,1363.599,2021,97,"Male","European/Other","Less than secondary school","Not in labour force","Not partnered","Not a parent",0,"Owned with mortgage",17151,9,"NZ with NZ parents","Non-disabled",7,7,10,"Very Good","None or almost none","Agree","Easy to be myself",7,8,5,8,"Yes",17,"No","No",NA,NA,NA,NA,NA,"About the same",0,0,"Some of the time","Hard","0",NA,"65+",1,"  1067.8",49312,36
863,1621.785,2021,15,"Male","Asian","Less than secondary school","Employed","Not partnered","Not a parent",0,"Owned without mortgage",39923,6,"NZ with overseas parent(s)","Non-disabled",6,8,9,"Very Good","Basic","Strongly agree","Easy to be myself",7,7,4,7,"Yes",13,"No","Yes, sometimes",NA,NA,NA,NA,NA,"A little more",1,0,"Some of the time","Easy","0",NA,"15-24",1,"   213.2",9568,26
864,7745.344,2021,48,"Female","European/Other","Less than secondary school","Employed","Partnered","Not a parent",0,"Owned with mortgage",107049,7,"NZ with overseas parent(s)","Non-disabled",8,10,10,"Excellent","Conversational","Strongly agree","Very easy to be myself",8,4,1,4,"Yes",14,"Yes, sometimes","No",NA,NA,NA,NA,NA,"A little more",0,0,"None of the time","Very easy","0",NA,"45-54",3,"   140.5",6256,19
865,11789.81,2021,34,"Female","European/Other","Less than secondary school","Employed","Partnered","Parent",1,"Rented",65898,9,"NZ with NZ parents","Non-disabled",7,8,9,"Very Good","None or almost none","Strongly disagree","Very easy to be myself",3,1,1,6,"No",11,"Yes, sometimes","Yes, sometimes",NA,NA,NA,NA,NA,"No crime here",0,0,"None of the time","Easy","1",NA,"25-34",2,"   660.9",30544,40
866,1269.408,2021,23,"Female","Māori","Less than secondary school","Employed","Not partnered","Not a parent",0,"Owned without mortgage",120391,1,"Long-term migrant","Non-disabled",5,10,10,"Very Good","None or almost none","Agree","Sometimes easy, sometimes hard",9,6,4,6,"No",17,"No","No",NA,NA,NA,NA,NA,"About the same",0,0,"None of the time","Very easy","0",NA,"15-24",3,"   538.8",24656,27
867,3646.321,2021,44,"Female","European/Other","Post-secondary NCEA/diploma","Employed","Partnered","Parent",2,"Owned without mortgage",151230,2,"Medium-term migrant","Non-disabled",8,10,10,"Very Good","None or almost none","Agree","Easy to be myself",8,10,7,8,"Yes",15,"No","No",NA,NA,NA,NA,NA,"A lot more",0,0,"None of the time","Easy","2",NA,"35-44",3,"   340.3",15824,19
868,581.1218,2021,43,"Female","European/Other","Degree","Not in labour force","Partnered","Not a parent",0,"Rented",77174,7,"NZ with NZ parents","Non-disabled",4,7,8,"Good","Basic","Strongly agree","Easy to be myself",7,9,6,9,"Yes",7,"Yes, often","No",NA,NA,NA,NA,NA,"About the same",1,0,"Some of the time","Easy","0",NA,"35-44",2,"   593.0",27232,32
869,2276.775,2021,80,"Female","European/Other","Less than secondary school","Not in labour force","Not partnered","Not a parent",0,"Owned with mortgage",44590,8,"Long-term migrant","Non-disabled",6,10,10,"Fair","None or almost none","Disagree","Easy to be myself",10,10,5,8,"Yes",20,"No","No",NA,NA,NA,NA,NA,"No crime here",0,0,"None of the time","Very easy","0",NA,"65+",1,"   250.4",11776,14
870,1120.679,2021,34,"Male","European/Other","Less than secondary school","Not in labour force","Not partnered","Parent",2,"Rented",39129,9,"NZ with unknown origin parents","Non-disabled",3,8,8,"Poor","Fluent","Strongly agree","Hard to be myself",3,3,4,2,"No",8,"Not applicable","No",NA,NA,NA,NA,NA,"Moved here recently",0,0,"None of the time","Very easy","2",NA,"25-34",1,"   714.2",33120,39
871,6353.755,2021,68,"Male","European/Other","Secondary school","Employed","Partnered","Not a parent",0,"Owned with mortgage",61471,3,"NZ with NZ parents","Non-disabled",9,9,9,"Excellent","None or almost none","Neither agree nor disagree","Easy to be myself",8,9,0,5,"Yes",20,"No","No",NA,NA,NA,NA,NA,"A little more",0,0,"None of the time","Very easy","0",NA,"65+",2,"   298.0",13248,10
872,147.9503,2021,35,"Male","European/Other","Less than secondary school","Unemployed","Partnered","Not a parent",0,"Rented",186604,2,"NZ with NZ parents","Disabled",4,8,7,"Good","Basic","Neither agree nor disagree","Very easy to be myself",4,5,2,4,"Yes",12,"Yes, sometimes","No",NA,NA,NA,NA,NA,"A little more",0,1,"None of the time","Sometimes easy, sometimes hard","0",NA,"35-44",3,"   469.5",21712,34
873,2641.535,2021,74,"Male","European/Other","Less than secondary school","Not in labour force","Not partnered","Not a parent",0,"Owned with mortgage",40504,4,"NZ with NZ parents","Disabled",8,6,6,"Fair","None or almost none","Disagree","Easy to be myself",8,8,5,5,"Yes",20,"No","No",NA,NA,NA,NA,NA,"About the same",0,0,"Some of the time","Hard","0",NA,"65+",1,"   964.6",44528,46
874,10343.61,2021,27,"Female","European/Other","Secondary school","Employed","Not partnered","Not a parent",0,"Rented",60975,9,"Medium-term migrant","Non-disabled",6,9,9,"Good","None or almost none","Strongly agree","Very easy to be myself",5,7,5,5,"No",15,"Yes, sometimes","No",NA,NA,NA,NA,NA,"A little more",0,0,"Some of the time","Very hard","0",NA,"25-34",2,"   479.5",22448,20
875,372.7151,2021,45,"Female","Asian","Post-secondary NCEA/diploma","Employed","Partnered","Not a parent",0,"Owned without mortgage",99920,5,"NZ with NZ parents","Non-disabled",10,1,7,"Good","None or almost none","Disagree","Easy to be myself",7,9,5,6,"Yes",16,"Yes, sometimes","Yes, sometimes",NA,NA,NA,NA,NA,"About the same",0,0,"None of the time","Very easy","0",NA,"45-54",2,"   287.8",13616,29
876,2690.54,2021,64,"Male","European/Other","Post-secondary NCEA/diploma","Employed","Partnered","Not a parent",0,"Rented",101105,5,"NZ with NZ parents","Non-disabled",5,10,10,"Very Good","Basic","Strongly agree","Sometimes easy, sometimes hard",5,7,5,5,"Yes",14,"Yes, sometimes","Yes, sometimes",NA,NA,NA,NA,NA,"A little less",1,0,"None of the time","Very easy","0",NA,"55-64",3,"   557.6",25760,47
877,1085.658,2021,35,"Female","European/Other","Degree","Not in labour force","Partnered","Parent",3,"Owned without mortgage",139429,1,"NZ with NZ parents","Non-disabled",5,9,8,"Good","None or almost none","Neither agree nor disagree","Sometimes easy, sometimes hard",5,9,3,5,"Yes",16,"No","No",NA,NA,NA,NA,NA,"About the same",0,0,"None of the time","Easy","3",NA,"35-44",3,"   148.0",6992,5
878,3747.614,2021,37,"Male","European/Other","Degree","Employed","Partnered","Parent",2,"Rented",158108,2,"Long-term migrant","Non-disabled",8,7,8,"Very Good","None or almost none","Neither agree nor disagree","Sometimes easy, sometimes hard",5,7,3,2,"Yes",14,"Yes, sometimes","No",NA,NA,NA,NA,NA,"A little more",0,1,"A little of the time","Sometimes easy, sometimes hard","2",NA,"35-44",3,"  1681.6",77280,32
879,1461.956,2021,42,"Female","European/Other","Degree","Employed","Partnered","Not a parent",0,"Rented",68808,6,"Long-term migrant","Non-disabled",4,9,9,"Very Good","Basic","Strongly agree","Very easy to be myself",8,10,5,5,"Yes",10,"Not applicable","Yes, sometimes",NA,NA,NA,NA,NA,"About the same",0,0,"A little of the time","Easy","0",NA,"35-44",2,"   903.5",41584,34
880,1841.93,2021,46,"Female","European/Other","Less than secondary school","Employed","Partnered","Not a parent",0,"Owned without mortgage",146420,8,"Long-term migrant","Non-disabled",8,8,9,"Fair","None or almost none","Neither agree nor disagree","Easy to be myself",5,9,5,7,"Yes",19,"Yes, often","Yes, sometimes",NA,NA,NA,NA,NA,"A lot more",0,0,"None of the time","Easy","0",NA,"45-54",3,"   210.0",9200,12
881,515.1942,2021,57,"Male","Māori","Degree","Employed","Not partnered","Not a parent",0,"Rented",46585,3,"Long-term migrant","Non-disabled",3,7,10,"Fair","Basic","Agree","Sometimes easy, sometimes hard",5,5,0,5,"Yes",10,"Yes, always","Yes, sometimes",NA,NA,NA,NA,NA,"No crime here",0,1,"Some of the time","Very easy","0",NA,"55-64",1,"   951.7",43792,42
882,1079.44,2021,36,"Female","European/Other","Less than secondary school","Not in labour force","Not partnered","Not a parent",0,"Rented",27134,8,"NZ with NZ parents","Non-disabled",6,7,7,"Good","Fluent","Neither agree nor disagree","Easy to be myself",5,5,3,4,"No",15,"No","No",NA,NA,NA,NA,NA,"No crime here",1,0,"A little of the time","Very hard","0",NA,"35-44",1,"   474.9",22080,32
883,7130.598,2021,60,"Male","European/Other","Degree","Employed","Not partnered","Not a parent",0,"Owned without mortgage",66790,1,"Long-term migrant","Non-disabled",5,8,8,"Good","None or almost none","Neither agree nor disagree","Very easy to be myself",8,8,7,5,"No",11,"Yes, sometimes","No",NA,NA,NA,NA,NA,"No crime here",0,0,"None of the time","Very easy","0",NA,"55-64",2,"   820.2",37536,31
884,7209.779,2021,65,"Male","European/Other","Less than secondary school","Employed","Not partnered","Not a parent",0,"Owned with mortgage",54004,2,"NZ with NZ parents","Non-disabled",5,7,9,"Excellent","Conversational","Agree","Very easy to be myself",5,10,4,8,"Yes",20,"No","No",NA,NA,NA,NA,NA,"About the same",0,0,"None of the time","Very easy","0",NA,"65+",2,"   657.4",30176,17
885,3918.223,2021,45,"Female","European/Other","Secondary school","Employed","Partnered","Not a parent",0,"Owned without mortgage",54700,7,"NZ with NZ parents","Disabled",10,6,7,"Fair","None or almost none","Agree","Very easy to be myself",7,8,5,4,"No",19,"Not applicable","Yes, sometimes",NA,NA,NA,NA,NA,"Moved here recently",0,0,"None of the time","Easy","0",NA,"45-54",2,"   126.0",5888,12
886,7257.204,2021,37,"Male","European/Other","Less than secondary school","Employed","Partnered","Parent",3,"Rented",39494,9,"NZ with unknown origin parents","Non-disabled",9,7,7,"Good","Fluent","Agree","Easy to be myself",5,9,5,9,"Yes",12,"No","No",NA,NA,NA,NA,NA,"A little less",0,0,"None of the time","Easy","3",NA,"35-44",1,"   641.4",29072,36
887,721.2856,2021,23,"Female","Asian","Less than secondary school","Employed","Partnered","Not a parent",0,"Owned without mortgage",131917,9,"NZ with NZ parents","Non-disabled",4,7,7,"Good","None or almost none","Neither agree nor disagree","Sometimes easy, sometimes hard",7,8,6,6,"No",15,"No","No",NA,NA,NA,NA,NA,"Moved here recently",0,0,"None of the time","Sometimes easy, sometimes hard","0",NA,"15-24",3,"   521.1",24288,34
888,9791.354,2021,66,"Female","European/Other","Post-secondary NCEA/diploma","Employed","Not partnered","Not a parent",0,"Owned without mortgage",30520,10,"NZ with NZ parents","Non-disabled",6,8,8,"Very Good","None or almost none","Neither agree nor disagree","Easy to be myself",9,9,7,7,"Yes",7,"Yes, often","No",NA,NA,NA,NA,NA,"About the same",1,1,"A little of the time","Hard","0",NA,"65+",1,"   349.2",15824,18
889,1937.914,2021,23,"Male","European/Other","Less than secondary school","Not in labour force","Not partnered","Parent",3,"Rented",69076,7,"NZ with overseas parent(s)","Non-disabled",3,8,8,"Good","Basic","Neither agree nor disagree","Sometimes easy, sometimes hard",0,3,0,2,"No",17,"No","No",NA,NA,NA,NA,NA,"Moved here recently",0,0,"Some of the time","Sometimes easy, sometimes hard","3",NA,"15-24",2,"   361.9",16928,32
890,1077.301,2021,83,"Female","Asian","Secondary school","Employed","Partnered","Not a parent",0,"Owned without mortgage",31056,8,"NZ with NZ parents","Disabled",5,10,10,"Good","None or almost none","Disagree","Easy to be myself",5,10,8,2,"Yes",13,"No","Yes, sometimes",NA,NA,NA,NA,NA,"No crime here",0,0,"Some of the time","Sometimes easy, sometimes hard","0",NA,"65+",1,"   132.7",5888,5
891,1241.118,2021,69,"Female","European/Other","Secondary school","Not in labour force","Partnered","Not a parent",0,"Owned with mortgage",121963,6,"NZ with NZ parents","Non-disabled",10,10,10,"Good","Basic","Disagree","Easy to be myself",8,7,6,6,"Yes",18,"Yes, sometimes","No",NA,NA,NA,NA,NA,"A little more",0,0,"None of the time","Easy","0",NA,"65+",3,"   544.9",25024,32
892,4046.331,2021,62,"Male","European/Other","Post-secondary NCEA/diploma","Employed","Partnered","Not a parent",0,"Owned with mortgage",65194,7,"NZ with NZ parents","Disabled",5,7,6,"Good","Basic","Neither agree nor disagree","Sometimes easy, sometimes hard",5,6,2,2,"Yes",10,"No","No",NA,NA,NA,NA,NA,"A little more",0,1,"A little of the time","Sometimes easy, sometimes hard","0",NA,"55-64",2,"   661.5",30176,32
893,4046.331,2021,41,"Male","European/Other","Less than secondary school","Employed","Not partnered","Parent",1,"Owned with mortgage",103089,2,"NZ with unknown origin parents","Non-disabled",5,7,7,"Good","Basic","Strongly agree","Very easy to be myself",5,9,5,5,"Yes",14,"Yes, sometimes","No",NA,NA,NA,NA,NA,"About the same",0,0,"None of the time","Sometimes easy, sometimes hard","1",NA,"35-44",3,"   455.8",20976,26
894,1565.862,2021,49,"Female","Māori","Less than secondary school","Employed","Partnered","Parent",2,"Rented",78846,7,"NZ with overseas parent(s)","Non-disabled",10,10,10,"Excellent","None or almost none","Agree","Sometimes easy, sometimes hard",6,10,4,4,"Yes",16,"No","No",NA,NA,NA,NA,NA,"A little more",0,0,"None of the time","Sometimes easy, sometimes hard","2",NA,"45-54",2,"   336.0",15088,30
895,2772.461,2021,69,"Male","European/Other","Less than secondary school","Employed","Not partnered","Not a parent",0,"Owned with mortgage",18304,8,"NZ with overseas parent(s)","Non-disabled",8,10,10,"Fair","None or almost none","Neither agree nor disagree","Easy to be myself",7,10,6,6,"Yes",15,"No","No",NA,NA,NA,NA,NA,"About the same",0,0,"None of the time","Sometimes easy, sometimes hard","0",NA,"65+",1,"  1238.1",57408,43
896,4158.691,2021,33,"Male","European/Other","Less than secondary school","Employed","Partnered","Parent",1,"Rented",167861,5,"NZ with NZ parents","Non-disabled",10,10,9,"Very Good","None or almost none","Strongly agree","Very easy to be myself",8,9,4,8,"Yes",19,"No","Yes, sometimes",NA,NA,NA,NA,NA,"Moved here recently",0,0,"None of the time","Very easy","1",NA,"25-34",3,"   411.8",18768,32
897,1025.26,2021,29,"Female","European/Other","Less than secondary school","Not in labour force","Not partnered","Not a parent",0,"Rented",34770,10,"NZ with NZ parents","Disabled",8,8,5,"Poor","Fluent","Strongly agree","Very easy to be myself",1,0,0,0,"No",8,"Yes, always","Yes, always",NA,NA,NA,NA,NA,"About the same",0,0,"None of the time",NA,"0",NA,"25-34",1,"   355.4",16192,14
898,3762.178,2021,77,"Female","European/Other","Secondary school","Employed","Partnered","Not a parent",0,"Owned with mortgage",73727,9,"Long-term migrant","Disabled",10,10,10,"Excellent","None or almost none","Strongly agree","Very easy to be myself",0,0,0,0,"Yes",14,"Yes, always","Yes, sometimes",NA,NA,NA,NA,NA,"A lot more",0,0,"None of the time","Very hard","0",NA,"65+",2,"   527.6",24656,30
899,212.2767,2021,57,"Female","Māori","Less than secondary school","Not in labour force","Partnered","Not a parent",0,"Owned without mortgage",128473,9,"NZ with NZ parents","Non-disabled",7,8,8,"Excellent","Basic","Agree","Very easy to be myself",7,9,7,6,"Yes",15,"Yes, sometimes","Yes, sometimes",NA,NA,NA,NA,NA,"About the same",0,0,"A little of the time","Easy","0",NA,"55-64",3,"   224.8",9936,21
900,2510.592,2021,74,"Female","European/Other","Less than secondary school","Employed","Partnered","Not a parent",0,"Owned without mortgage",42699,8,"NZ with NZ parents","Non-disabled",7,6,5,"Good","Basic","Agree","Very easy to be myself",5,7,0,3,"No",12,"Yes, sometimes","No",NA,NA,NA,NA,NA,"A little more",0,0,"A little of the time","Sometimes easy, sometimes hard","0",NA,"65+",1,"   307.8",14352,32
901,2794.331,2021,87,"Female","European/Other","Post-secondary NCEA/diploma","Employed","Partnered","Not a parent",0,"Owned with mortgage",40318,6,"Long-term migrant","Disabled",8,7,3,"Excellent","None or almost none","Disagree","Easy to be myself",6,4,0,4,"Yes",20,"Yes, often","No",NA,NA,NA,NA,NA,"No crime here",0,0,"None of the time","Easy","0",NA,"65+",1,"   230.7",10304,17
902,1606.864,2021,21,"Female","European/Other","Less than secondary school","Employed","Not partnered","Not a parent",0,"Owned with mortgage",99984,9,"NZ with NZ parents","Non-disabled",8,5,7,"Fair","None or almost none","Agree","Easy to be myself",3,0,0,0,"Not eligible",14,"Yes, sometimes","Yes, sometimes",NA,NA,NA,NA,NA,"A lot more",1,1,"A little of the time","Sometimes easy, sometimes hard","0",NA,"15-24",2,"   294.1",13616,56
903,1300.406,2021,88,"Female","Māori","Less than secondary school","Employed","Partnered","Not a parent",0,"Owned without mortgage",25777,9,"Long-term migrant","Non-disabled",5,9,9,"Good","None or almost none","Strongly agree","Easy to be myself",10,10,5,7,"Yes",17,"No","No",NA,NA,NA,NA,NA,"About the same",0,0,"None of the time","Easy","0",NA,"65+",1,"   344.9",15456,18
904,5231.33,2021,56,"Female","European/Other","Less than secondary school","Not in labour force","Partnered","Parent",3,"Owned without mortgage",113623,6,"NZ with overseas parent(s)","Non-disabled",5,5,7,"Good","None or almost none","Strongly agree","Very easy to be myself",8,8,6,9,"Yes",16,"No","No",NA,NA,NA,NA,NA,"A little more",0,0,"A little of the time","Sometimes easy, sometimes hard","3",NA,"55-64",3,"   186.2",8832,19
905,1075.812,2021,28,"Male","European/Other","Secondary school","Not in labour force","Partnered","Parent",1,"Owned without mortgage",101638,8,"Medium-term migrant","Non-disabled",7,9,10,"Excellent","None or almost none","Strongly agree","Very easy to be myself",8,8,4,8,"Yes",15,"Yes, sometimes","No",NA,NA,NA,NA,NA,"No crime here",0,1,"A little of the time","Easy","1",NA,"25-34",3,"   686.6",32016,32
906,795.5825,2021,83,"Male","Māori","Less than secondary school","Employed","Not partnered","Not a parent",0,"Rented",30948,5,"Long-term migrant","Non-disabled",0,10,10,"Excellent","None or almost none","Agree","Very easy to be myself",10,10,8,10,"Yes",15,"Yes, always","Yes, always",NA,NA,NA,NA,NA,"A lot more",0,1,"A little of the time","Easy","0",NA,"65+",1,"   747.1",34592,30
907,12889.61,2021,15,"Female","European/Other","Less than secondary school","Employed","Not partnered","Not a parent",0,"Owned without mortgage",170509,2,"Long-term migrant","Non-disabled",5,8,9,"Very Good","None or almost none","Neither agree nor disagree","Very easy to be myself",8,9,7,7,"Yes",14,"Yes, often","No",NA,NA,NA,NA,NA,"A little more",0,0,"None of the time","Very easy","0",NA,"15-24",3,"   168.0",8096,19
908,1183.783,2021,26,"Female","European/Other","Secondary school","Not in labour force","Partnered","Not a parent",0,"Rented",157144,10,"Recent migrant","Non-disabled",8,8,8,"Very Good","None or almost none","Neither agree nor disagree","Sometimes easy, sometimes hard",8,8,8,8,"No",7,"Yes, often","Yes, sometimes",NA,NA,NA,NA,NA,"A little less",0,0,"None of the time","Easy","0",NA,"25-34",3,"   571.1",26496,42
909,2982.677,2021,34,"Male","European/Other","Post-secondary NCEA/diploma","Employed","Not partnered","Parent",3,"Rented",34214,10,"NZ with unknown origin parents","Disabled",2,3,7,"Very Good","Conversational","Neither agree nor disagree","Sometimes easy, sometimes hard",2,3,0,3,"Yes",15,"Yes, often","Yes, sometimes",NA,NA,NA,NA,NA,"About the same",1,1,"Most of the time","Sometimes easy, sometimes hard","3",NA,"25-34",1,"   785.6",35696,41
910,1638.674,2021,27,"Male","European/Other","Less than secondary school","Not in labour force","Not partnered","Parent",1,"Rented",26596,7,"Long-term migrant","Non-disabled",5,7,7,"Good","Basic","Agree","Easy to be myself",8,8,5,7,"Yes",9,"No","No",NA,NA,NA,NA,NA,"No crime here",1,0,"Some of the time","Sometimes easy, sometimes hard","1",NA,"25-34",1,"   351.6",16560,29
911,585.4944,2021,41,"Male","European/Other","Secondary school","Not in labour force","Partnered","Not a parent",0,"Rented",74263,6,"Recent migrant","Non-disabled",5,10,10,"Excellent","Basic","Agree","Sometimes easy, sometimes hard",9,10,10,6,"No",19,"Yes, often","Yes, always",NA,NA,NA,NA,NA,"No crime here",1,1,"None of the time","Very easy","0",NA,"35-44",2,"   834.7",38640,36
912,462.5646,2021,78,"Male","European/Other","Less than secondary school","Not in labour force","Not partnered","Not a parent",0,"Owned with mortgage",43307,1,"Long-term migrant","Disabled",5,7,8,"Fair","None or almost none","Strongly disagree","Easy to be myself",4,3,6,1,"Yes",20,"Yes, sometimes","No",NA,NA,NA,NA,NA,"About the same",1,0,"Some of the time","Very easy","0",NA,"65+",1,"   336.3",15456,30
913,1340.287,2021,32,"Male","European/Other","Less than secondary school","Employed","Not partnered","Not a parent",0,"Owned without mortgage",43250,9,"NZ with NZ parents","Non-disabled",10,10,10,"Excellent","None or almost none","Disagree","Easy to be myself",4,4,6,0,"No",15,"Yes, always","Yes, always",NA,NA,NA,NA,NA,"A little more",0,0,"None of the time","Easy","0",NA,"25-34",1,"   550.5",25024,37
914,3436.66,2021,42,"Male","European/Other","Degree","Employed","Partnered","Parent",1,"Owned with mortgage",136659,2,"NZ with NZ parents","Non-disabled",9,7,7,"Good","Conversational","Strongly agree","Very easy to be myself",6,7,7,7,"Yes",17,"No","No",NA,NA,NA,NA,NA,"About the same",0,0,"A little of the time","Very easy","1",NA,"35-44",3,"   368.8",16928,28
915,1725.58,2021,49,"Male","Asian","Less than secondary school","Employed","Partnered","Not a parent",0,"Owned without mortgage",62684,5,"NZ with overseas parent(s)","Non-disabled",6,8,10,"Fair","None or almost none","Neither agree nor disagree","Easy to be myself",7,3,2,1,"Yes",6,"No","No",NA,NA,NA,NA,NA,"No crime here",0,0,"None of the time","Sometimes easy, sometimes hard","0",NA,"45-54",2,"   194.5",9200,15
916,5378.097,2021,52,"Female","European/Other","Secondary school","Employed","Not partnered","Not a parent",0,"Rented",85055,9,"NZ with overseas parent(s)","Non-disabled",6,6,8,"Good","None or almost none","Disagree","Very easy to be myself",3,9,1,2,"Yes",15,"Yes, sometimes","Yes, sometimes",NA,NA,NA,NA,NA,"A lot more",0,0,"A little of the time",NA,"0",NA,"45-54",2,"   501.9",23184,20
917,10045.39,2021,69,"Female","European/Other","Post-secondary NCEA/diploma","Employed","Partnered","Not a parent",0,"Owned with mortgage",43543,8,"NZ with overseas parent(s)","Non-disabled",5,9,10,"Excellent","Basic","Agree","Very easy to be myself",5,7,6,5,"Yes",16,"No","No",NA,NA,NA,NA,NA,"A little more",0,0,"None of the time","Easy","0",NA,"65+",1,"   610.9",28336,32
918,2321.173,2021,50,"Male","European/Other","Less than secondary school","Not in labour force","Partnered","Not a parent",0,"Owned with mortgage",108158,3,"NZ with NZ parents","Non-disabled",10,7,7,"Good","None or almost none","Agree","Sometimes easy, sometimes hard",5,5,7,6,"Yes",15,"No","No",NA,NA,NA,NA,NA,"About the same",0,1,"None of the time","Hard","0",NA,"45-54",3,"   626.8",28704,38
919,14568.28,2021,72,"Male","European/Other","Post-secondary NCEA/diploma","Employed","Not partnered","Not a parent",0,"Rented",19392,9,"Long-term migrant","Non-disabled",10,10,10,"Excellent","None or almost none","Disagree","Very easy to be myself",8,10,3,5,"Yes",17,"No","No",NA,NA,NA,NA,NA,"About the same",0,0,"None of the time","Very easy","0",NA,"65+",1,"   723.5",33488,34
920,387.0754,2021,26,"Female","Māori","Degree","Unemployed","Partnered","Not a parent",0,"Owned without mortgage",209283,7,"NZ with NZ parents","Non-disabled",8,9,9,"Very Good","None or almost none","Agree","Very easy to be myself",7,9,7,9,"Yes",20,"Yes, sometimes","Yes, sometimes",NA,NA,NA,NA,NA,"About the same",0,0,"None of the time","Easy","0",NA,"25-34",3,"   535.0",24288,48
921,12123.75,2021,68,"Female","European/Other","Degree","Employed","Partnered","Not a parent",0,"Owned without mortgage",139707,1,"NZ with NZ parents","Disabled",6,4,7,"Fair","None or almost none","Neither agree nor disagree","Easy to be myself",9,7,5,4,"Yes",18,"Yes, sometimes","Yes, sometimes",NA,NA,NA,NA,NA,"About the same",0,0,"A little of the time","Easy","0",NA,"65+",3,"   423.0",19504,14
922,4092.773,2021,25,"Male","European/Other","Less than secondary school","Not in labour force","Partnered","Parent",2,"Owned without mortgage",100313,9,"NZ with NZ parents","Non-disabled",3,8,7,"Good","Conversational","Strongly agree","Easy to be myself",4,9,4,6,"Yes",14,"No","No",NA,NA,NA,NA,NA,"A little more",0,1,"Some of the time","Very easy","2",NA,"25-34",3,"  1010.4",46736,122
923,18527.85,2021,32,"Female","European/Other","Less than secondary school","Employed","Not partnered","Not a parent",0,"Owned without mortgage",78328,10,"NZ with NZ parents","Non-disabled",6,8,10,"Good","Conversational","Neither agree nor disagree","Easy to be myself",5,4,1,1,"No",14,"Yes, sometimes","No",NA,NA,NA,NA,NA,"About the same",0,0,"Most of the time","Sometimes easy, sometimes hard","0",NA,"25-34",2,"   407.6",19136,32
924,10907.5,2021,54,"Female","European/Other","Degree","Employed","Partnered","Parent",1,"Owned with mortgage",126963,8,"Long-term migrant","Non-disabled",8,9,8,"Very Good","None or almost none","Agree","Easy to be myself",9,9,7,8,"Yes",16,"No","No",NA,NA,NA,NA,NA,"About the same",0,0,"None of the time","Very easy","1",NA,"45-54",3,"   177.1",7728,7
925,5608.757,2021,26,"Male","European/Other","Degree","Employed","Partnered","Not a parent",0,"Rented",69969,7,"Recent migrant","Non-disabled",6,6,8,"Excellent","Basic","Agree","Easy to be myself",7,6,5,3,"No",12,"Not applicable","Yes, sometimes",NA,NA,NA,NA,NA,"Moved here recently",0,0,"None of the time","Easy","0",NA,"25-34",2,"   584.2",27232,44
926,15965.14,2021,24,"Female","European/Other","Less than secondary school","Employed","Partnered","Parent",1,"Rented",98389,9,"NZ with NZ parents","Non-disabled",5,6,8,"Fair","Basic","Agree","Easy to be myself",6,4,4,5,"No",11,"Yes, always","Yes, sometimes",NA,NA,NA,NA,NA,"About the same",0,0,"None of the time","Very easy","1",NA,"15-24",2,"   301.6",13616,56
927,3218.64,2021,89,"Male","European/Other","Less than secondary school","Employed","Partnered","Not a parent",0,"Owned with mortgage",39586,8,"NZ with NZ parents","Non-disabled",7,8,8,"Good","None or almost none","Disagree","Easy to be myself",8,9,5,5,"Yes",17,"No","No",NA,NA,NA,NA,NA,"No crime here",0,0,"None of the time","Easy","0",NA,"65+",1,"   440.0",20608,58
928,1601.072,2021,51,"Female","European/Other","Less than secondary school","Not in labour force","Partnered","Not a parent",0,"Owned without mortgage",120671,10,"NZ with overseas parent(s)","Non-disabled",5,7,8,"Excellent","None or almost none","Neither agree nor disagree","Sometimes easy, sometimes hard",4,0,0,0,"Yes",19,"Yes, often","No",NA,NA,NA,NA,NA,"A little more",0,0,"None of the time","Very easy","0",NA,"45-54",3,"   505.1",23184,32
929,2953.702,2021,44,"Female","European/Other","Secondary school","Employed","Not partnered","Not a parent",0,"Owned without mortgage",58131,6,"NZ with overseas parent(s)","Non-disabled",7,8,10,"Very Good","None or almost none","Disagree","Very easy to be myself",9,10,2,2,"Yes",17,"No","No",NA,NA,NA,NA,NA,"A little more",0,0,"A little of the time","Sometimes easy, sometimes hard","0",NA,"35-44",2,"   952.9",44160,32
930,12620.56,2021,46,"Male","European/Other","Less than secondary school","Employed","Not partnered","Parent",1,"Rented",25066,3,"NZ with NZ parents","Non-disabled",3,8,7,"Good","None or almost none","Disagree","Very easy to be myself",3,8,2,3,"Yes",11,"Yes, often","No",NA,NA,NA,NA,NA,"Moved here recently",0,0,"Some of the time","Easy","1",NA,"45-54",1,"   845.1",39008,46
931,1639.545,2021,26,"Male","European/Other","Secondary school","Not in labour force","Partnered","Not a parent",0,"Owned without mortgage",123475,9,"NZ with NZ parents","Non-disabled",7,7,8,"Very Good","Basic","Neither agree nor disagree","Easy to be myself",6,8,4,3,"Yes",7,"Yes, sometimes","Yes, sometimes",NA,NA,NA,NA,NA,"A little more",0,0,"None of the time","Hard","0",NA,"25-34",3,"   168.3",7360,13
932,7096.324,2021,44,"Male","European/Other","Secondary school","Employed","Partnered","Parent",1,"Owned without mortgage",156713,7,"NZ with NZ parents","Non-disabled",7,8,10,"Good","None or almost none","Neither agree nor disagree","Easy to be myself",5,8,6,8,"Yes",15,"Not applicable","Yes, sometimes",NA,NA,NA,NA,NA,"About the same",0,0,"A little of the time","Sometimes easy, sometimes hard","1",NA,"35-44",3,"   989.2",45264,31
933,7044.812,2021,37,"Female","European/Other","Less than secondary school","Employed","Partnered","Parent",2,"Owned without mortgage",87501,8,"NZ with NZ parents","Non-disabled",5,7,7,"Very Good","None or almost none","Strongly agree","Easy to be myself",5,7,2,6,"Yes",12,"No","Yes, sometimes",NA,NA,NA,NA,NA,"About the same",0,0,"None of the time","Easy","2",NA,"35-44",2,"   264.8",12512,2
934,3961.619,2021,28,"Female","European/Other","Secondary school","Employed","Partnered","Parent",1,"Owned without mortgage",182353,8,"NZ with NZ parents","Non-disabled",5,8,8,"Very Good","None or almost none","Agree","Very easy to be myself",7,7,5,3,"Yes",9,"Yes, often","Yes, sometimes",NA,NA,NA,NA,NA,"A little less",0,0,"None of the time","Easy","1",NA,"25-34",3,"   577.6",26496,28
935,3313.334,2021,55,"Female","European/Other","Degree","Not in labour force","Partnered","Not a parent",0,"Owned with mortgage",143550,3,"NZ with NZ parents","Non-disabled",10,8,10,"Excellent","None or almost none","Agree","Easy to be myself",8,10,7,9,"Yes",19,"No","No",NA,NA,NA,NA,NA,"About the same",0,0,"None of the time","Easy","0",NA,"55-64",3,"   837.0",38272,51
936,3463.398,2021,38,"Male","European/Other","Secondary school","Not in labour force","Partnered","Parent",2,"Rented",122483,1,"NZ with overseas parent(s)","Non-disabled",5,8,7,"Good","None or almost none","Disagree","Easy to be myself",8,7,5,7,"No",12,"No","No",NA,NA,NA,NA,NA,"No crime here",0,0,"A little of the time","Easy","2",NA,"35-44",3,"   602.5",27968,50
937,2867.088,2021,34,"Male","Māori","Degree","Employed","Partnered","Not a parent",0,"Rented",60051,7,"Recent migrant","Non-disabled",6,6,8,"Excellent","Basic","Agree","Easy to be myself",7,6,5,3,"No",12,"Not applicable","Yes, sometimes",NA,NA,NA,NA,NA,"Moved here recently",0,0,"None of the time","Easy","0",NA,"25-34",2,"  1183.2",54096,32
938,2147.42,2021,45,"Female","European/Other","Secondary school","Not in labour force","Partnered","Parent",3,"Rented",86376,10,"Long-term migrant","Non-disabled",6,7,7,"Good","None or almost none","Strongly agree","Very easy to be myself",8,5,4,4,"Yes",11,"Yes, always","Yes, sometimes",NA,NA,NA,NA,NA,"A little more",1,0,"None of the time","Easy","3",NA,"45-54",2,"   151.0",6992,13
939,3710.511,2021,76,"Male","European/Other","Less than secondary school","Not in labour force","Partnered","Not a parent",0,"Owned with mortgage",41080,4,"NZ with NZ parents","Non-disabled",3,7,8,"Good","None or almost none","Neither agree nor disagree","Easy to be myself",8,9,6,7,"Yes",14,"Yes, sometimes","No",NA,NA,NA,NA,NA,"A little more",0,0,"Some of the time","Hard","0",NA,"65+",1,"   613.8",28336,43
940,2309.052,2021,68,"Male","European/Other","Secondary school","Not in labour force","Partnered","Not a parent",0,"Owned with mortgage",76990,4,"NZ with NZ parents","Disabled",8,7,10,"Good","None or almost none","Neither agree nor disagree","Easy to be myself",10,5,2,1,"Yes",15,"No","No",NA,NA,NA,NA,NA,"No crime here",0,0,"None of the time","Sometimes easy, sometimes hard","0",NA,"65+",2,"   332.8",15456,20
941,1610.565,2021,98,"Female","European/Other","Less than secondary school","Not in labour force","Partnered","Not a parent",0,"Owned with mortgage",88190,4,"NZ with overseas parent(s)","Non-disabled",8,9,9,"Excellent","None or almost none","Disagree","Sometimes easy, sometimes hard",7,9,3,5,"Yes",18,"No","Yes, sometimes",NA,NA,NA,NA,NA,"A little more",0,0,"None of the time","Very easy","0",NA,"65+",2,"   107.2",5152,14
942,765.7877,2021,73,"Male","Māori","Less than secondary school","Employed","Not partnered","Parent",1,"Rented",24765,8,"NZ with NZ parents","Non-disabled",0,5,6,"Good","None or almost none","Strongly disagree","Easy to be myself",8,4,2,4,"Yes",4,"Yes, sometimes","Yes, always",NA,NA,NA,NA,NA,"About the same",0,1,"A little of the time","Sometimes easy, sometimes hard","1",NA,"65+",1,"  1183.0",54832,30
943,872.8985,2021,67,"Male","European/Other","Less than secondary school","Not in labour force","Not partnered","Not a parent",0,"Rented",43649,10,"NZ with NZ parents","Non-disabled",6,8,8,"Good","None or almost none","Disagree","Very easy to be myself",8,8,5,6,"No",19,"No","No",NA,NA,NA,NA,NA,"No crime here",0,0,"None of the time","Very easy","0",NA,"65+",1,"   336.8",15456,30
944,1111.693,2021,37,"Female","European/Other","Secondary school","Not in labour force","Not partnered","Not a parent",0,"Rented",74410,6,"Medium-term migrant","Non-disabled",6,8,5,"Very Good","None or almost none","Neither agree nor disagree","Sometimes easy, sometimes hard",8,6,4,3,"No",9,"No","No",NA,NA,NA,NA,NA,"Moved here recently",1,1,"Most of the time","Easy","0",NA,"35-44",2,"   566.0",26128,24
945,1515.776,2021,78,"Male","Māori","Post-secondary NCEA/diploma","Employed","Not partnered","Not a parent",0,"Owned with mortgage",46632,7,"NZ with NZ parents","Non-disabled",5,9,8,"Very Good","None or almost none","Agree","Easy to be myself",8,9,7,8,"Yes",17,"No","No",NA,NA,NA,NA,NA,"About the same",0,0,"A little of the time","Very easy","0",NA,"65+",1,"  1271.4",58512,42
946,3461.224,2021,25,"Female","European/Other","Secondary school","Employed","Partnered","Not a parent",0,"Rented",94686,2,"NZ with NZ parents","Non-disabled",8,8,8,"Good","None or almost none","Neither agree nor disagree","Easy to be myself",5,5,3,3,"No",20,"Yes, sometimes","Yes, sometimes",NA,NA,NA,NA,NA,"About the same",0,0,"None of the time","Very easy","0",NA,"25-34",2,"   402.3",18768,31
947,3352.831,2021,84,"Female","European/Other","Secondary school","Employed","Partnered","Not a parent",0,"Owned with mortgage",18490,6,"Long-term migrant","Non-disabled",8,6,5,"Good","None or almost none","Neither agree nor disagree","Very easy to be myself",9,7,5,5,"Yes",20,"Yes, sometimes","No",NA,NA,NA,NA,NA,"No crime here",0,0,"Some of the time","Very easy","0",NA,"65+",1,"   296.9",13248,9
948,4175.416,2021,81,"Female","European/Other","Degree","Employed","Partnered","Not a parent",0,"Owned with mortgage",50326,10,"NZ with overseas parent(s)","Non-disabled",8,9,7,"Very Good","None or almost none","Agree","Very easy to be myself",8,8,6,7,"Yes",20,"No","No",NA,NA,NA,NA,NA,"About the same",0,0,"A little of the time","Easy","0",NA,"65+",2,"  1424.5",65872,12
949,4256.741,2021,53,"Female","European/Other","Less than secondary school","Employed","Partnered","Not a parent",0,"Owned without mortgage",169810,10,"NZ with NZ parents","Non-disabled",8,10,9,"Good","Basic","Neither agree nor disagree","Very easy to be myself",8,8,8,8,"Yes",19,"No","No",NA,NA,NA,NA,NA,"About the same",0,0,"None of the time","Sometimes easy, sometimes hard","0",NA,"45-54",3,"   469.1",21344,16
950,91.26713,2021,49,"Male","Pacific","Less than secondary school","Unemployed","Not partnered","Parent",2,"Rented",36250,8,"NZ with overseas parent(s)","Non-disabled",5,5,6,"Very Good","None or almost none","Neither agree nor disagree","Sometimes easy, sometimes hard",5,7,5,7,"Yes",6,"Yes, often","Yes, sometimes",NA,NA,NA,NA,NA,"A lot more",0,0,"Some of the time","Sometimes easy, sometimes hard","2",NA,"45-54",1,"   473.3",21712,50
951,1004.381,2021,34,"Male","Māori","Less than secondary school","Employed","Not partnered","Parent",2,"Rented",84197,3,"NZ with NZ parents","Non-disabled",6,8,9,"Very Good","Basic","Strongly agree","Sometimes easy, sometimes hard",5,8,1,3,"Yes",14,"No","No",NA,NA,NA,NA,NA,"A little more",0,0,"A little of the time","Very easy","2",NA,"25-34",2,"   529.9",24288,29
952,8667.083,2021,35,"Male","European/Other","Less than secondary school","Employed","Partnered","Parent",4,"Rented",83166,7,"Recent migrant","Non-disabled",6,9,10,"Excellent","None or almost none","Neither agree nor disagree","Easy to be myself",9,10,7,10,"No",14,"Yes, sometimes","No",NA,NA,NA,NA,NA,"A lot less",1,0,"None of the time","Easy","4+",NA,"35-44",2,"   411.9",18768,32
953,284.13,2021,45,"Male","European/Other","Less than secondary school","Unemployed","Not partnered","Not a parent",0,"Rented",42817,7,"NZ with unknown origin parents","Disabled",6,8,8,"Very Good","Basic","Strongly agree","Very easy to be myself",2,0,0,0,"Yes",8,"No","No",NA,NA,NA,NA,NA,"A little more",0,0,"Some of the time","Very easy","0",NA,"45-54",1,"   300.7",13984,32
954,929.561,2021,48,"Female","Māori","Degree","Employed","Partnered","Parent",1,"Rented",112548,4,"Medium-term migrant","Non-disabled",0,3,5,"Poor","None or almost none","Strongly agree","Easy to be myself",8,7,5,7,"Yes",11,"Yes, often","No",NA,NA,NA,NA,NA,"About the same",0,0,"A little of the time","Sometimes easy, sometimes hard","1",NA,"45-54",3,"   308.8",14352,18
955,2069.217,2021,25,"Male","European/Other","Secondary school","Not in labour force","Partnered","Parent",3,"Rented",54174,9,"NZ with NZ parents","Non-disabled",5,5,5,"Poor","None or almost none","Agree","Sometimes easy, sometimes hard",5,10,5,8,"Yes",8,"Yes, sometimes","Yes, sometimes",NA,NA,NA,NA,NA,"A little more",0,1,"Some of the time","Sometimes easy, sometimes hard","3",NA,"25-34",2,"   348.8",15824,29
956,325.0377,2021,56,"Male","Māori","Secondary school","Not in labour force","Not partnered","Not a parent",0,"Owned without mortgage",96829,7,"Long-term migrant","Non-disabled",3,8,6,"Fair","None or almost none","Agree","Sometimes easy, sometimes hard",6,8,7,7,"Yes",12,"No","No",NA,NA,NA,NA,NA,"About the same",0,1,"None of the time","Easy","0",NA,"55-64",2,"   494.9",23184,40
957,14956.91,2021,27,"Female","European/Other","Degree","Employed","Partnered","Parent",1,"Owned without mortgage",114165,3,"Long-term migrant","Non-disabled",7,9,9,"Very Good","Basic","Strongly agree","Very easy to be myself",8,7,4,4,"Yes",13,"No","No",NA,NA,NA,NA,NA,"Moved here recently",0,0,"None of the time","Very easy","1",NA,"25-34",3,"  1150.3",52992,30
958,873.1855,2021,30,"Male","European/Other","Less than secondary school","Not in labour force","Partnered","Parent",1,"Rented",103490,8,"NZ with NZ parents","Disabled",3,7,10,"Fair","Basic","Strongly agree","Sometimes easy, sometimes hard",4,8,5,6,"No",11,"No","Yes, sometimes",NA,NA,NA,NA,NA,"A lot less",0,1,"A little of the time","Hard","1",NA,"25-34",3,"   357.0",16560,34
959,3241.296,2021,89,"Female","European/Other","Less than secondary school","Employed","Partnered","Not a parent",0,"Owned with mortgage",48157,3,"NZ with NZ parents","Non-disabled",9,8,8,"Very Good","None or almost none","Disagree","Easy to be myself",9,9,6,8,"Yes",20,"No","No",NA,NA,NA,NA,NA,"A little more",0,0,"None of the time","Easy","0",NA,"65+",1,"   104.2",4784,10
960,2592.908,2021,59,"Male","European/Other","Degree","Not in labour force","Partnered","Not a parent",0,"Owned with mortgage",114306,3,"NZ with NZ parents","Non-disabled",7,9,9,"Excellent","None or almost none","Agree","Very easy to be myself",8,10,7,8,"Yes",16,"No","No",NA,NA,NA,NA,NA,"About the same",0,0,"None of the time","Sometimes easy, sometimes hard","0",NA,"55-64",3,"  1664.9",76544,72
961,847.4207,2021,80,"Male","Asian","Less than secondary school","Employed","Not partnered","Not a parent",0,"Owned with mortgage",40159,9,"NZ with NZ parents","Disabled",6,8,8,"Good","None or almost none","Strongly agree","Easy to be myself",7,9,6,7,"Yes",15,"No","No",NA,NA,NA,NA,NA,"A little more",1,0,"A little of the time","Easy","0",NA,"65+",1,"   622.6",29072,37
962,1677.53,2021,72,"Female","European/Other","Degree","Employed","Partnered","Not a parent",0,"Owned without mortgage",64678,1,"Long-term migrant","Non-disabled",8,7,6,"Good","None or almost none","Agree","Very easy to be myself",8,7,8,7,"Yes",16,"No","No",NA,NA,NA,NA,NA,"About the same",0,0,"None of the time","Easy","0",NA,"65+",2,"   562.9",26128,21
963,522.8404,2021,54,"Male","European/Other","Secondary school","Not in labour force","Not partnered","Not a parent",0,"Owned with mortgage",91299,6,"NZ with NZ parents","Non-disabled",5,4,7,"Good","None or almost none","Neither agree nor disagree","Sometimes easy, sometimes hard",4,4,1,0,"Yes",18,"No","No",NA,NA,NA,NA,NA,"About the same",0,0,"None of the time","Sometimes easy, sometimes hard","0",NA,"45-54",2,"   836.0",38640,33
964,331.4687,2021,64,"Female","Māori","Secondary school","Employed","Partnered","Not a parent",0,"Owned without mortgage",35833,6,"Long-term migrant","Non-disabled",5,3,8,"Poor","None or almost none","Strongly agree","Very easy to be myself",8,7,2,0,"No",11,"Yes, often","No",NA,NA,NA,NA,NA,"A little more",0,0,"Some of the time","Very easy","0",NA,"55-64",1,"   313.0",14720,17
965,6924.494,2021,19,"Male","European/Other","Less than secondary school","Employed","Not partnered","Not a parent",0,"Rented",70322,10,"NZ with unknown origin parents","Non-disabled",6,8,10,"Fair","Conversational","Strongly agree","Sometimes easy, sometimes hard",5,7,3,10,"Yes",4,"Yes, always","No",NA,NA,NA,NA,NA,"No crime here",0,0,"A little of the time","Hard","0",NA,"15-24",2,"   331.2",15088,32
966,928.6063,2021,24,"Female","European/Other","Less than secondary school","Employed","Not partnered","Not a parent",0,"Rented",119245,9,"NZ with NZ parents","Non-disabled",7,7,7,"Good","Basic","Strongly agree","Sometimes easy, sometimes hard",7,4,4,4,"Yes",14,"Yes, sometimes","No",NA,NA,NA,NA,NA,"A little less",0,1,"None of the time","Hard","0",NA,"15-24",3,"   183.4",8096,19
967,2087.28,2021,58,"Male","European/Other","Less than secondary school","Employed","Not partnered","Not a parent",0,"Owned with mortgage",96983,3,"NZ with NZ parents","Non-disabled",8,10,8,"Very Good","Conversational","Strongly agree","Very easy to be myself",6,0,0,8,"Yes",15,"No","No",NA,NA,NA,NA,NA,"No crime here",0,1,"None of the time","Easy","0",NA,"55-64",2,"   243.5",11040,22
968,748.8704,2021,65,"Male","European/Other","Less than secondary school","Not in labour force","Partnered","Not a parent",0,"Owned with mortgage",31177,10,"NZ with NZ parents","Non-disabled",5,7,5,"Fair","Basic","Neither agree nor disagree","Easy to be myself",6,6,6,8,"No",18,"Yes, sometimes","Yes, sometimes",NA,NA,NA,NA,NA,"About the same",0,0,"None of the time","Very easy","0",NA,"65+",1,"   513.1",23184,38
969,748.8704,2021,77,"Male","European/Other","Secondary school","Not in labour force","Not partnered","Not a parent",0,"Owned without mortgage",45504,6,"NZ with overseas parent(s)","Non-disabled",7,9,9,"Very Good","Basic","Strongly agree","Very easy to be myself",7,9,2,8,"Yes",20,"No","No",NA,NA,NA,NA,NA,"No crime here",0,0,"None of the time","Easy","0",NA,"65+",1,"  1373.8",63296,33
970,840.2134,2021,36,"Male","European/Other","Degree","Not in labour force","Not partnered","Not a parent",0,"Rented",60810,1,"NZ with NZ parents","Non-disabled",9,10,9,"Very Good","None or almost none","Agree","Very easy to be myself",9,10,7,8,"Yes",16,"No","No",NA,NA,NA,NA,NA,"Moved here recently",1,0,"A little of the time","Easy","0",NA,"35-44",2,"   871.3",39744,25
971,760.7571,2021,54,"Male","European/Other","Secondary school","Not in labour force","Not partnered","Parent",1,"Owned with mortgage",18964,7,"NZ with NZ parents","Non-disabled",8,8,9,"Good","Basic","Strongly agree","Easy to be myself",8,9,9,10,"Yes",16,"Yes, sometimes","Yes, sometimes",NA,NA,NA,NA,NA,"A little less",0,0,"None of the time","Easy","1",NA,"45-54",1,"   805.2",37168,32
972,2935.396,2021,38,"Male","European/Other","Post-secondary NCEA/diploma","Employed","Partnered","Parent",1,"Owned without mortgage",131399,7,"Medium-term migrant","Non-disabled",4,7,8,"Fair","None or almost none","Agree","Sometimes easy, sometimes hard",7,8,7,10,"Yes",11,"No","Yes, sometimes",NA,NA,NA,NA,NA,"No crime here",0,1,"Some of the time","Sometimes easy, sometimes hard","1",NA,"35-44",3,"   678.8",31648,22
973,1362.368,2021,80,"Male","European/Other","Degree","Employed","Not partnered","Not a parent",0,"Owned with mortgage",42481,7,"NZ with NZ parents","Non-disabled",5,6,8,"Good","None or almost none","Agree","Sometimes easy, sometimes hard",5,5,5,5,"Yes",15,"Yes, sometimes","No",NA,NA,NA,NA,NA,"About the same",0,1,"A little of the time","Hard","0",NA,"65+",1,"  1329.7",61456,12
974,11499.92,2021,51,"Female","European/Other","Less than secondary school","Employed","Partnered","Parent",4,"Owned without mortgage",143019,2,"NZ with NZ parents","Non-disabled",4,10,10,"Excellent","Conversational","Neither agree nor disagree","Very easy to be myself",3,10,0,4,"Yes",12,"Yes, sometimes","Yes, sometimes",NA,NA,NA,NA,NA,"A little less",0,0,"None of the time","Very easy","4+",NA,"45-54",3,"   150.3",6624,12
975,1382.768,2021,15,"Male","European/Other","Less than secondary school","Not in labour force","Not partnered","Not a parent",0,"Owned with mortgage",154328,1,"NZ with NZ parents","Non-disabled",7,9,9,"Very Good","None or almost none","Agree","Very easy to be myself",7,9,7,8,"Yes",15,"No","No",NA,NA,NA,NA,NA,"No crime here",0,0,"None of the time","Very easy","0",NA,"15-24",3,"   312.9",14720,32
976,14584.93,2021,46,"Male","European/Other","Degree","Employed","Not partnered","Parent",1,"Owned without mortgage",51763,7,"NZ with overseas parent(s)","Non-disabled",5,8,10,"Very Good","Basic","Agree","Very easy to be myself",8,9,6,7,"Yes",14,"Yes, sometimes","Yes, sometimes",NA,NA,NA,NA,NA,"About the same",1,0,"None of the time","Very easy","1",NA,"45-54",2,"   624.6",28704,20
977,18969.79,2021,87,"Female","European/Other","Post-secondary NCEA/diploma","Employed","Partnered","Not a parent",0,"Rented",32031,6,"NZ with NZ parents","Disabled",10,9,10,"Good","None or almost none","Disagree","Very easy to be myself",8,8,2,7,"Yes",13,"Yes, often","Yes, sometimes",NA,NA,NA,NA,NA,"A lot less",0,0,"A little of the time","Easy","0",NA,"65+",1,"   173.9",7728,14
978,10265.9,2021,30,"Female","European/Other","Secondary school","Employed","Partnered","Not a parent",0,"Owned without mortgage",214372,5,"NZ with NZ parents","Non-disabled",4,7,10,"Good","None or almost none","Strongly disagree","Very easy to be myself",8,7,4,5,"Yes",12,"Yes, sometimes","No",NA,NA,NA,NA,NA,"No crime here",0,0,"Most of the time","Easy","0",NA,"25-34",3,"   914.0",41584,19
979,3904.132,2021,18,"Male","European/Other","Less than secondary school","Not in labour force","Not partnered","Not a parent",0,"Owned without mortgage",206282,6,"Long-term migrant","Disabled",5,8,6,"Fair","None or almost none","Agree","Easy to be myself",7,5,4,6,"No",14,"Yes, often","Yes, sometimes",NA,NA,NA,NA,NA,"About the same",1,1,"A little of the time","Hard","0",NA,"15-24",3,"   576.4",26496,78
980,1122.416,2021,66,"Female","European/Other","Degree","Not in labour force","Partnered","Not a parent",0,"Owned with mortgage",29128,5,"NZ with overseas parent(s)","Disabled",8,10,8,"Fair","None or almost none","Neither agree nor disagree","Sometimes easy, sometimes hard",5,8,5,8,"Yes",17,"No","No",NA,NA,NA,NA,NA,"About the same",0,0,"None of the time","Very easy","0",NA,"65+",1,"   214.6",9936,16
981,856.8743,2021,72,"Male","European/Other","Post-secondary NCEA/diploma","Not in labour force","Not partnered","Not a parent",0,"Rented",42279,9,"NZ with NZ parents","Non-disabled",10,10,10,"Very Good","None or almost none","Neither agree nor disagree","Very easy to be myself",8,9,2,3,"No",19,"No","No",NA,NA,NA,NA,NA,"A lot more",0,0,"None of the time","Easy","0",NA,"65+",1,"   566.0",25760,47
982,907.4578,2021,71,"Male","European/Other","Secondary school","Not in labour force","Partnered","Not a parent",0,"Owned without mortgage",63151,4,"Long-term migrant","Non-disabled",7,10,10,"Very Good","None or almost none","Neither agree nor disagree","Very easy to be myself",10,9,5,8,"Yes",17,"Yes, always","No",NA,NA,NA,NA,NA,"About the same",0,0,"A little of the time","Easy","0",NA,"65+",2,"   569.5",26128,40
983,760.7065,2021,47,"Female","European/Other","Degree","Not in labour force","Partnered","Parent",2,"Owned without mortgage",189389,1,"NZ with NZ parents","Non-disabled",7,9,9,"Very Good","None or almost none","Strongly agree","Very easy to be myself",9,9,3,5,"Yes",20,"No","No",NA,NA,NA,NA,NA,"About the same",0,0,"None of the time","Very easy","2",NA,"45-54",3,"  1130.7",51888,8
984,0.9529958,2021,31,"Male","European/Other","Post-secondary NCEA/diploma","Unemployed","Partnered","Not a parent",0,"Rented",55407,7,"Medium-term migrant","Non-disabled",7,10,6,"Very Good","None or almost none","Agree","Sometimes easy, sometimes hard",9,9,9,9,"No",16,"No","No",NA,NA,NA,NA,NA,"No crime here",0,0,"A little of the time","Easy","0",NA,"25-34",2,"   560.0",25760,28
985,620.2684,2021,38,"Female","European/Other","Secondary school","Not in labour force","Not partnered","Not a parent",0,"Rented",63023,9,"Long-term migrant","Non-disabled",5,10,8,"Excellent","Basic","Strongly agree","Very easy to be myself",8,10,4,10,"No",18,"Yes, sometimes","Yes, sometimes",NA,NA,NA,NA,NA,"No crime here",0,0,"None of the time","Very easy","0",NA,"35-44",2,"   224.8",10672,27
986,1200.846,2021,41,"Male","European/Other","Degree","Not in labour force","Partnered","Parent",2,"Owned without mortgage",98879,2,"NZ with NZ parents","Non-disabled",5,8,8,"Very Good","None or almost none","Agree","Very easy to be myself",7,9,5,5,"Yes",17,"Yes, sometimes","No",NA,NA,NA,NA,NA,"About the same",0,0,"None of the time","Very easy","2",NA,"35-44",2,"  1721.9",78752,23
987,1026.027,2021,66,"Female","European/Other","Secondary school","Employed","Partnered","Not a parent",0,"Owned with mortgage",46698,2,"Long-term migrant","Disabled",8,8,8,"Fair","None or almost none","Agree","Very easy to be myself",5,8,5,5,"Yes",19,"Yes, often","Yes, sometimes",NA,NA,NA,NA,NA,"A little more",0,0,"None of the time","Easy","0",NA,"65+",1,"   660.0",30544,8
988,5738.099,2021,70,"Male","European/Other","Less than secondary school","Employed","Partnered","Not a parent",0,"Owned with mortgage",54174,1,"NZ with NZ parents","Non-disabled",8,6,10,"Good","None or almost none","Neither agree nor disagree","Very easy to be myself",9,10,3,5,"Yes",20,"No","No",NA,NA,NA,NA,NA,"About the same",0,0,"None of the time","Sometimes easy, sometimes hard","0",NA,"65+",2,"   519.5",23552,58
989,145.666,2021,55,"Female","European/Other","Degree","Unemployed","Partnered","Not a parent",0,"Owned without mortgage",123239,3,"NZ with NZ parents","Non-disabled",10,8,9,"Good","None or almost none","Agree","Very easy to be myself",9,9,6,8,"Yes",20,"No","No",NA,NA,NA,NA,NA,"Moved here recently",0,0,"None of the time","Very easy","0",NA,"55-64",3,"  1762.0",80592,127
990,2021.627,2021,61,"Female","European/Other","Degree","Employed","Partnered","Not a parent",0,"Owned with mortgage",61994,2,"NZ with NZ parents","Non-disabled",8,8,10,"Excellent","None or almost none","Agree","Very easy to be myself",8,9,6,7,"Yes",18,"No","Yes, sometimes",NA,NA,NA,NA,NA,"About the same",1,0,"None of the time","Easy","0",NA,"55-64",2,"   569.7",26496,16
991,2345.109,2021,32,"Male","European/Other","Degree","Not in labour force","Partnered","Parent",2,"Owned without mortgage",125248,9,"Long-term migrant","Non-disabled",4,9,8,"Good","Basic","Strongly agree","Very easy to be myself",8,10,5,10,"Yes",13,"No","No",NA,NA,NA,NA,NA,"About the same",0,0,"None of the time","Very easy","2",NA,"25-34",3,"   452.0",20976,46
992,1687.37,2021,45,"Female","European/Other","Secondary school","Employed","Partnered","Parent",1,"Rented",111760,9,"Medium-term migrant","Non-disabled",9,7,8,"Good","None or almost none","Neither agree nor disagree","Very easy to be myself",6,10,8,8,"Yes",17,"No","No",NA,NA,NA,NA,NA,"No crime here",0,0,"Some of the time","Easy","1",NA,"45-54",3,"   543.8",25392,32
993,3283.196,2021,77,"Male","European/Other","Less than secondary school","Employed","Not partnered","Not a parent",0,"Owned with mortgage",47210,1,"NZ with NZ parents","Non-disabled",9,10,10,"Very Good","None or almost none","Agree","Very easy to be myself",7,9,8,7,"Yes",16,"No","No",NA,NA,NA,NA,NA,"About the same",0,0,"Some of the time","Very easy","0",NA,"65+",1,"   434.0",19872,36
994,4257.713,2021,29,"Male","European/Other","Degree","Employed","Partnered","Parent",1,"Owned without mortgage",75528,9,"Long-term migrant","Non-disabled",8,7,7,"Good","None or almost none","Agree","Easy to be myself",7,7,5,8,"Yes",20,"Yes, sometimes","Yes, always",NA,NA,NA,NA,NA,"About the same",0,0,"A little of the time","Easy","1",NA,"25-34",2,"   526.8",23920,32
995,4257.713,2021,16,"Female","European/Other","Less than secondary school","Employed","Not partnered","Not a parent",0,"Rented",90817,7,"Recent migrant","Non-disabled",5,8,10,"Excellent","None or almost none","Agree","Easy to be myself",3,10,5,0,"No",15,"Yes, sometimes","No",NA,NA,NA,NA,NA,"Moved here recently",0,0,"A little of the time","Sometimes easy, sometimes hard","0",NA,"15-24",2,"   360.4",16560,2
996,2293.151,2021,66,"Female","Māori","Less than secondary school","Employed","Not partnered","Not a parent",0,"Rented",38028,8,"NZ with NZ parents","Non-disabled",10,10,10,"Fair","None or almost none","Disagree","Very easy to be myself",7,5,5,8,"No",20,"Yes, sometimes","No",NA,NA,NA,NA,NA,"No crime here",0,0,"None of the time",NA,"0",NA,"65+",1,"   334.0",15456,18
997,2293.151,2021,63,"Male","Māori","Less than secondary school","Employed","Partnered","Not a parent",0,"Owned with mortgage",76783,2,"NZ with NZ parents","Non-disabled",10,10,10,"Very Good","None or almost none","Agree","Easy to be myself",7,9,1,7,"Yes",20,"No","No",NA,NA,NA,NA,NA,"About the same",0,1,"None of the time","Sometimes easy, sometimes hard","0",NA,"55-64",2,"   810.0",37168,45
998,67.29946,2021,53,"Male","European/Other","Less than secondary school","Unemployed","Not partnered","Not a parent",0,"Rented",193078,9,"Long-term migrant","Non-disabled",3,5,6,"Fair","Conversational","Agree","Sometimes easy, sometimes hard",3,1,0,3,"Yes",6,"Yes, sometimes","No",NA,NA,NA,NA,NA,"Moved here recently",0,1,"A little of the time","Very easy","0",NA,"45-54",3,"   664.1",30912,50
999,2260.439,2021,37,"Male","European/Other","Degree","Employed","Partnered","Parent",1,"Rented",235046,3,"Long-term migrant","Non-disabled",5,8,9,"Very Good","Basic","Strongly agree","Very easy to be myself",9,10,7,7,"Yes",10,"Yes, sometimes","No",NA,NA,NA,NA,NA,"No crime here",0,0,"A little of the time","Very easy","1",NA,"35-44",3,"  1215.0",55568,32
1000,1345.954,2021,32,"Male","European/Other","Less than secondary school","Not in labour force","Not partnered","Parent",1,"Rented",36513,7,"NZ with NZ parents","Non-disabled",5,4,6,"Good","Basic","Agree","Sometimes easy, sometimes hard",5,5,4,3,"Yes",6,"Yes, sometimes","No",NA,NA,NA,NA,NA,"Moved here recently",0,0,"All of the time","Hard","1",NA,"25-34",1,"   551.8",25024,37
1,762.6796,2018,87,"Male","Māori","Less than secondary school","Employed","Partnered","Not a parent",0,"Owned without mortgage",135535,4,"NZ with NZ parents","Non-disabled",4,4,8,"Fair","None or almost none","Strongly disagree","Very hard to be myself",5,0,0,1,"Yes",10,"Yes, always","Yes, sometimes",0,"Very easy","Very easy","Very easy",5,"No crime here",0,0,"None of the time","Hard","0","0","65+",3,"  1189.4",54832,30
2,3718.332,2018,35,"Male","Māori","Less than secondary school","Employed","Partnered","Parent",2,"Owned without mortgage",123222,7,"NZ with NZ parents","Non-disabled",10,10,10,"Good","None or almost none","Neither agree nor disagree","Easy to be myself",5,8,5,5,"Yes",18,"Yes, sometimes","No",1,"Easy","Easy","Easy",5,"About the same",0,0,"None of the time","Very easy","2","1","35-44",3,"   281.5",13248,16
3,724.3904,2018,57,"Female","Māori","Post-secondary NCEA/diploma","Employed","Partnered","Not a parent",0,"Owned without mortgage",128141,1,"Long-term migrant","Non-disabled",4,6,7,"Excellent","None or almost none","Disagree","Easy to be myself",7,8,4,6,"Yes",6,"Yes, sometimes","No",1,"Easy","Very easy","Very easy",6,"No crime here",0,0,"None of the time","Easy","0","1","55-64",3,"   289.6",13248,10
4,708.3069,2018,31,"Male","Māori","Degree","Employed","Partnered","Parent",1,"Rented",61634,10,"Recent migrant","Non-disabled",6,8,5,"Good","None or almost none","Disagree","Easy to be myself",8,9,7,6,"No",8,"Yes, often","Yes, sometimes",3,"Easy","Easy","Easy",7,"No crime here",0,0,"Some of the time","Easy","1","3","25-34",2,"   905.4",41584,35
5,1413.523,2018,27,"Male","Māori","Less than secondary school","Employed","Partnered","Parent",1,"Rented",69892,10,"NZ with NZ parents","Non-disabled",3,10,10,"Very Good","None or almost none","Agree","Very easy to be myself",7,9,6,7,"Yes",3,"Yes, always","Yes, always",0,"Easy","Easy","Easy",7,"A little more",0,0,"None of the time","Easy","1","0","25-34",2,"   492.5",22448,41
6,1848.343,2018,67,"Male","Māori","Secondary school","Employed","Partnered","Parent",1,"Owned without mortgage",157004,9,"Long-term migrant","Non-disabled",7,9,7,"Very Good","None or almost none","Neither agree nor disagree","Very easy to be myself",5,6,5,9,"Yes",14,"Yes, sometimes","No",0,"Easy","Easy","Easy",10,"A little less",0,0,"None of the time","Very easy","1","0","65+",3,"   383.8",18032,32
7,3506.792,2018,34,"Female","Māori","Degree","Employed","Partnered","Not a parent",0,"Rented",182681,9,"NZ with overseas parent(s)","Non-disabled",7,6,6,"Very Good","None or almost none","Agree","Very easy to be myself",8,8,6,6,"Yes",18,"No","No",2,"Very easy","Easy","Very easy",0,"About the same",0,0,"None of the time","Easy","0","2","25-34",3,"   430.2",19872,28
8,1472.841,2018,48,"Female","Māori","Less than secondary school","Employed","Partnered","Parent",4,"Rented",62675,9,"Long-term migrant","Non-disabled",5,8,9,"Good","None or almost none","Agree","Easy to be myself",7,7,3,6,"Yes",6,"Yes, often","Yes, sometimes",1,"Easy","Easy","Easy",8,"A little less",0,0,"None of the time","Easy","4+","1","45-54",2,"   295.3",13248,14
9,3039.392,2018,26,"Female","Māori","Degree","Employed","Not partnered","Not a parent",0,"Rented",81697,8,"Recent migrant","Non-disabled",5,7,7,"Very Good","None or almost none","Agree","Sometimes easy, sometimes hard",0,0,0,0,"No",16,"Yes, sometimes","No",3,"Neither easy nor difficult","Neither easy nor difficult","Easy",7,"No crime here",0,1,"Some of the time","Sometimes easy, sometimes hard","0","3","25-34",2,"   575.9",26496,56
10,1144.127,2018,82,"Male","Māori","Less than secondary school","Employed","Partnered","Not a parent",0,"Owned with mortgage",123608,2,"NZ with NZ parents","Non-disabled",8,9,9,"Very Good","None or almost none","Disagree","Easy to be myself",8,9,5,9,"Yes",19,"No","No",1,"Easy","Easy","Very difficult",6,"Moved here recently",0,0,"None of the time","Very easy","0","1","65+",3,"   758.0",34592,30
11,1437.003,2018,47,"Male","Māori","Less than secondary school","Employed","Not partnered","Not a parent",0,"Rented",64101,10,"Long-term migrant","Non-disabled",5,7,8,"Good","None or almost none","Agree","Sometimes easy, sometimes hard",5,9,5,7,"Yes",11,"Yes, always","Yes, sometimes",0,"Easy","Easy","Easy",4,"A little less",0,0,"A little of the time","Easy","0","0","45-54",2,"   518.5",23920,24
12,1425.061,2018,52,"Male","Māori","Less than secondary school","Employed","Partnered","Not a parent",0,"Owned without mortgage",91987,4,"NZ with overseas parent(s)","Non-disabled",3,7,8,"Very Good","None or almost none","Disagree","Easy to be myself",7,10,5,7,"Yes",12,"Yes, sometimes","No",0,"Easy","Very easy","Very difficult",3,"No crime here",0,0,"A little of the time","Sometimes easy, sometimes hard","0","0","45-54",2,"   609.9",27968,48
13,787.035,2018,75,"Female","Māori","Post-secondary NCEA/diploma","Employed","Partnered","Not a parent",0,"Owned with mortgage",175107,5,"NZ with overseas parent(s)","Non-disabled",10,8,8,"Very Good","None or almost none","Disagree","Very easy to be myself",9,9,5,3,"Yes",19,"No","No",0,"Easy","Easy","Easy",7,"About the same",0,1,"None of the time","Sometimes easy, sometimes hard","0","0","65+",3,"   176.1",8096,32
14,706.3826,2018,50,"Female","Māori","Less than secondary school","Employed","Not partnered","Not a parent",0,"Rented",25872,1,"NZ with NZ parents","Non-disabled",7,8,8,"Fair","None or almost none","Strongly disagree","Very easy to be myself",7,9,1,1,"No",14,"Yes, sometimes","No",4,"Neither easy nor difficult","Neither easy nor difficult","Very difficult",5,"No crime here",0,0,"None of the time","Easy","0","4+","45-54",1,"   270.6",12880,17
15,495.7052,2018,30,"Male","Māori","Degree","Employed","Partnered","Parent",2,"Rented",108231,9,"NZ with overseas parent(s)","Non-disabled",8,8,8,"Excellent","None or almost none","Strongly agree","Very easy to be myself",8,8,7,8,"Yes",20,"Yes, sometimes","Yes, sometimes",2,"Easy","Neither easy nor difficult","Difficult",3,"About the same",0,0,"A little of the time","Hard","2","2","25-34",3,"  1080.5",49312,33
16,1192.328,2018,60,"Male","Māori","Degree","Employed","Partnered","Not a parent",0,"Owned without mortgage",30921,2,"Long-term migrant","Non-disabled",7,8,8,"Very Good","None or almost none","Agree","Easy to be myself",4,10,0,0,"Yes",7,"Yes, sometimes","No",0,"Easy","Easy","Easy",6,"A lot more",1,0,"None of the time","Sometimes easy, sometimes hard","0","0","55-64",1,"  2073.2",95680,37
17,900.6177,2018,50,"Male","Māori","Secondary school","Employed","Not partnered","Not a parent",0,"Owned with mortgage",114409,9,"NZ with NZ parents","Non-disabled",7,8,8,"Very Good","None or almost none","Neither agree nor disagree","Very easy to be myself",8,10,3,7,"Yes",15,"No","No",3,"Very easy","Very easy","Very easy",8,"No crime here",0,0,"A little of the time","Very easy","0","3","45-54",3,"   441.4",20240,34
18,2790.632,2018,58,"Male","Māori","Less than secondary school","Employed","Partnered","Not a parent",0,"Owned without mortgage",72512,8,"NZ with NZ parents","Non-disabled",10,8,8,"Fair","None or almost none","Strongly disagree","Very easy to be myself",5,10,3,2,"Yes",18,"No","Yes, sometimes",0,"Very easy","Very easy","Easy",6,"A little more",1,0,"None of the time","Very easy","0","0","55-64",2,"   806.2",37168,45
19,1183.611,2018,27,"Male","Māori","Secondary school","Employed","Partnered","Not a parent",0,"Rented",134438,3,"NZ with overseas parent(s)","Non-disabled",4,7,6,"Good","None or almost none","Agree","Easy to be myself",7,6,3,6,"Yes",4,"Yes, often","No",3,"Difficult","Easy","Very easy",0,"Moved here recently",0,0,"Some of the time","Hard","0","3","25-34",3,"   259.6",11776,19
20,1132.795,2018,46,"Female","Māori","Less than secondary school","Employed","Partnered","Not a parent",0,"Owned without mortgage",183099,2,"NZ with overseas parent(s)","Non-disabled",5,8,8,"Good","None or almost none","Disagree","Easy to be myself",7,8,4,0,"No",16,"No","No",0,"Easy","Very easy","Very easy",5,"About the same",0,0,"None of the time","Easy","0","0","45-54",3,"  1204.9",55568,115
21,1215.671,2018,17,"Female","Māori","Secondary school","Employed","Not partnered","Not a parent",0,"Owned without mortgage",107259,4,"NZ with NZ parents","Non-disabled",6,8,8,"Good","None or almost none","Neither agree nor disagree","Very easy to be myself",6,9,7,8,"Yes",16,"Not applicable","No",1,"Very easy","Very easy","Easy",8,"No crime here",1,0,"None of the time","Very easy","0","1","15-24",3,"   102.3",4416,22
22,2022.954,2018,27,"Male","Māori","Less than secondary school","Employed","Partnered","Parent",2,"Rented",61274,8,"NZ with NZ parents","Non-disabled",4,7,10,"Good","Basic","Strongly agree","Very easy to be myself",7,8,4,7,"Yes",13,"Yes, sometimes","Yes, sometimes",4,"Difficult","Very easy","Easy",2,"About the same",0,0,"A little of the time","Easy","2","4+","25-34",2,"   774.6",36064,43
23,1543.413,2018,42,"Female","Māori","Degree","Employed","Partnered","Parent",3,"Owned without mortgage",167685,3,"NZ with overseas parent(s)","Non-disabled",8,9,10,"Very Good","None or almost none","Strongly agree","Very easy to be myself",8,9,8,5,"Yes",20,"No","No",0,"Very easy","Very easy","Very easy",9,"About the same",0,0,"None of the time","Very easy","3","0","35-44",3,"   587.1",26864,29
24,1827.765,2018,50,"Male","Māori","Secondary school","Employed","Not partnered","Not a parent",0,"Owned with mortgage",46233,1,"NZ with NZ parents","Non-disabled",3,5,8,"Very Good","None or almost none","Agree","Very easy to be myself",5,7,4,6,"Yes",8,"Yes, always","Yes, sometimes",1,"Neither easy nor difficult","Very easy","Very easy",6,"About the same",0,0,"A little of the time","Easy","0","1","45-54",1,"   550.0",25392,40
25,373.4625,2018,55,"Male","Māori","Secondary school","Employed","Partnered","Not a parent",0,"Owned without mortgage",54391,1,"Long-term migrant","Non-disabled",10,9,9,"Excellent","None or almost none","Agree","Easy to be myself",8,8,7,4,"Yes",20,"No","No",1,"Very easy","Very easy","Easy",7,"A lot more",0,0,"None of the time","Very easy","0","1","55-64",2,"   166.3",7360,17
26,923.7613,2018,22,"Male","Māori","Less than secondary school","Employed","Not partnered","Not a parent",0,"Owned without mortgage",139368,7,"NZ with NZ parents","Non-disabled",5,10,9,"Good","Fluent","Strongly agree","Sometimes easy, sometimes hard",8,6,7,7,"Not eligible",12,"No","No",0,"Very easy","Very easy","Easy",5,"No crime here",0,0,"None of the time","Easy","0","0","15-24",3,"   248.1",11408,25
27,759.3502,2018,19,"Male","Māori","Less than secondary school","Employed","Not partnered","Not a parent",0,"Owned without mortgage",131093,1,"NZ with overseas parent(s)","Non-disabled",5,8,9,"Excellent","Basic","Strongly agree","Very easy to be myself",9,9,8,9,"Not eligible",16,"No","No",0,"Easy","Very easy","Easy",9,"About the same",0,0,"None of the time","Easy","0","0","15-24",3,"   297.5",13984,26
28,1465.066,2018,71,"Male","Māori","Degree","Employed","Not partnered","Not a parent",0,"Owned without mortgage",116050,1,"Long-term migrant","Non-disabled",6,9,10,"Very Good","Conversational","Agree","Easy to be myself",7,4,1,7,"Yes",11,"Yes, often","No",0,"Very easy","Very easy","Neither easy nor difficult",5,"About the same",0,0,"A little of the time","Easy","0","0","65+",3,"  1212.9",55936,13
29,1760.477,2018,61,"Male","Māori","Secondary school","Employed","Not partnered","Not a parent",0,"Owned with mortgage",97622,1,"Long-term migrant","Non-disabled",5,8,8,"Very Good","None or almost none","Strongly agree","Very easy to be myself",8,8,0,3,"Yes",17,"No","No",0,"Difficult","Difficult","Very difficult",8,"About the same",0,0,"None of the time","Very easy","0","0","55-64",2,"   632.5",29072,48
30,2491.524,2018,28,"Female","Māori","Degree","Employed","Not partnered","Not a parent",0,"Rented",55740,9,"Medium-term migrant","Non-disabled",6,6,8,"Very Good","None or almost none","Neither agree nor disagree","Sometimes easy, sometimes hard",8,5,8,4,"No",12,"No","Yes, sometimes",3,"Easy","Easy","Easy",1,"No crime here",0,1,"A little of the time","Easy","0","3","25-34",2,"   331.2",15088,20
31,653.3595,2018,69,"Male","Māori","Post-secondary NCEA/diploma","Employed","Not partnered","Not a parent",0,"Owned without mortgage",28701,2,"NZ with overseas parent(s)","Disabled",10,10,10,"Excellent","None or almost none","Strongly agree","Very easy to be myself",10,10,0,0,"Yes",20,"No","No",0,"Very difficult","Very easy","Very difficult",10,"No crime here",0,0,"None of the time","Very easy","0","0","65+",1,"   995.2",46000,38
32,717.4766,2018,26,"Male","Māori","Post-secondary NCEA/diploma","Employed","Partnered","Not a parent",0,"Rented",101395,7,"NZ with NZ parents","Non-disabled",8,8,8,"Very Good","None or almost none","Neither agree nor disagree","Easy to be myself",4,6,3,4,"No",12,"No","No",4,"Very easy","Very easy","Very easy",10,"About the same",1,0,"None of the time","Very easy","0","4+","25-34",3,"   414.7",19504,41
33,3710.203,2018,49,"Female","Māori","Less than secondary school","Employed","Partnered","Parent",2,"Rented",119202,2,"NZ with NZ parents","Non-disabled",10,8,10,"Excellent","None or almost none","Neither agree nor disagree","Very easy to be myself",8,10,6,1,"Yes",18,"No","No",1,"Very easy","Very easy","Very difficult",5,"About the same",0,0,"A little of the time","Easy","2","1","45-54",3,"  1216.6",55568,115
34,1147.555,2018,69,"Male","Māori","Less than secondary school","Employed","Partnered","Not a parent",0,"Owned with mortgage",46151,8,"NZ with overseas parent(s)","Non-disabled",6,3,8,"Poor","None or almost none","Agree","Very easy to be myself",8,9,6,1,"No",12,"Yes, sometimes","Yes, always",1,"Very easy","Very easy","Very difficult",4,"About the same",0,0,"A little of the time","Sometimes easy, sometimes hard","0","1","65+",1,"  1186.2",54832,30
35,792.687,2018,50,"Male","Māori","Less than secondary school","Employed","Not partnered","Not a parent",0,"Owned with mortgage",88423,4,"Long-term migrant","Non-disabled",6,10,10,"Good","None or almost none","Neither agree nor disagree","Sometimes easy, sometimes hard",10,10,8,8,"Yes",14,"Yes, sometimes","Yes, sometimes",0,"Very easy","Very easy","Very easy",4,"About the same",0,0,"None of the time","Very easy","0","0","45-54",2,"   279.9",12880,10
36,3595.442,2018,50,"Female","Māori","Secondary school","Employed","Not partnered","Not a parent",0,"Owned without mortgage",118806,7,"Long-term migrant","Non-disabled",5,7,5,"Good","None or almost none","Agree","Easy to be myself",5,7,6,7,"Yes",9,"No","Yes, sometimes",0,"Easy","Easy","Easy",6,"No crime here",0,0,"Some of the time","Sometimes easy, sometimes hard","0","0","45-54",3,"  1375.6",63296,23
37,1751.767,2018,68,"Female","Māori","Secondary school","Employed","Not partnered","Not a parent",0,"Owned with mortgage",24863,9,"Long-term migrant","Non-disabled",6,8,7,"Good","None or almost none","Neither agree nor disagree","Very easy to be myself",7,8,6,4,"Yes",15,"Yes, often","No",3,"Very easy","Very easy","Difficult",8,"A little less",0,1,"A little of the time","Sometimes easy, sometimes hard","0","3","65+",1,"   376.7",17296,17
38,357.7189,2018,52,"Male","Māori","Degree","Employed","Not partnered","Not a parent",0,"Rented",104772,9,"NZ with overseas parent(s)","Non-disabled",10,6,8,"Very Good","None or almost none","Neither agree nor disagree","Very easy to be myself",8,6,5,4,"Yes",18,"No","No",3,"Very easy","Very easy","Very easy",3,"A lot more",0,0,"A little of the time","Easy","0","3","45-54",3,"   979.7",44896,44
39,534.3448,2018,34,"Male","Māori","Secondary school","Employed","Partnered","Parent",4,"Owned without mortgage",55281,8,"NZ with NZ parents","Non-disabled",10,8,10,"Good","Conversational","Strongly agree","Very easy to be myself",8,10,2,8,"Yes",17,"No","Yes, sometimes",1,"Very easy","Very easy","Very easy",3,"A lot more",0,0,"A little of the time","Easy","4+","1","25-34",2,"   246.3",11408,11
40,515.8981,2018,61,"Male","Māori","Post-secondary NCEA/diploma","Employed","Partnered","Not a parent",0,"Owned without mortgage",77499,7,"NZ with NZ parents","Non-disabled",8,9,8,"Very Good","Basic","Neither agree nor disagree","Easy to be myself",9,10,6,7,"Yes",14,"No","No",0,"Very easy","Very easy","Very difficult",8,"No crime here",0,0,"None of the time","Easy","0","0","55-64",2,"   873.2",40112,29
41,1567.371,2018,29,"Female","Māori","Degree","Employed","Not partnered","Not a parent",0,"Owned without mortgage",110666,6,"Recent migrant","Non-disabled",8,10,8,"Excellent","Basic","Agree","Sometimes easy, sometimes hard",10,10,8,10,"No",18,"No","No",1,"Very easy","Very easy","Very easy",8,"No crime here",0,0,"None of the time","Very easy","0","1","25-34",3,"   446.1",20976,23
42,1362.583,2018,37,"Male","Māori","Degree","Employed","Not partnered","Not a parent",0,"Owned without mortgage",48119,2,"NZ with NZ parents","Non-disabled",4,9,7,"Excellent","None or almost none","Neither agree nor disagree","Very easy to be myself",8,9,5,7,"Yes",15,"No","Yes, sometimes",1,"Very easy","Very easy","Neither easy nor difficult",7,"A little more",0,0,"None of the time","Very easy","0","1","35-44",1,"   199.5",9200,48
43,341.7111,2018,88,"Male","Māori","Less than secondary school","Employed","Not partnered","Not a parent",0,"Owned with mortgage",40221,1,"NZ with NZ parents","Non-disabled",5,5,6,"Good","None or almost none","Neither agree nor disagree","Easy to be myself",5,8,5,3,"Yes",17,"No","No",0,"Very easy","Easy","Easy",7,"A lot less",0,0,"Some of the time","Easy","0","0","65+",1,"   640.5",29072,21
44,2090.007,2018,37,"Male","Māori","Secondary school","Employed","Partnered","Not a parent",0,"Owned without mortgage",57679,7,"Long-term migrant","Non-disabled",3,7,7,"Fair","None or almost none","Strongly agree","Sometimes easy, sometimes hard",6,2,3,7,"Yes",14,"No","No",1,"Very easy","Very easy","Very easy",0,"About the same",0,0,"None of the time","Very easy","0","1","35-44",2,"   877.5",40480,38
45,1162.148,2018,39,"Female","Māori","Less than secondary school","Employed","Not partnered","Not a parent",0,"Owned without mortgage",67970,9,"Long-term migrant","Non-disabled",10,8,8,"Very Good","None or almost none","Neither agree nor disagree","Very easy to be myself",9,10,8,7,"No",20,"No","No",3,"Very easy","Very easy","Very easy",5,"About the same",0,0,"A little of the time","Very easy","0","3","35-44",2,"   376.6",16928,40
46,1091.861,2018,31,"Male","Māori","Less than secondary school","Employed","Not partnered","Parent",2,"Owned without mortgage",95405,2,"NZ with NZ parents","Non-disabled",7,7,8,"Very Good","None or almost none","Strongly agree","Very easy to be myself",8,8,3,5,"Yes",16,"No","No",1,"Easy","Very easy","Easy",10,"About the same",0,0,"None of the time","Easy","2","1","25-34",2,"   450.6",20976,47
47,426.6728,2018,36,"Male","Māori","Less than secondary school","Employed","Partnered","Parent",3,"Owned without mortgage",124640,6,"NZ with NZ parents","Non-disabled",6,8,9,"Very Good","Basic","Neither agree nor disagree","Hard to be myself",2,5,1,5,"Yes",19,"No","Yes, always",2,"Easy","Neither easy nor difficult","Very difficult",10,"About the same",1,1,"Some of the time","Sometimes easy, sometimes hard","3","2","35-44",3,"   469.4",21344,32
48,426.6728,2018,57,"Male","Māori","Less than secondary school","Employed","Partnered","Not a parent",0,"Owned with mortgage",87591,8,"NZ with NZ parents","Non-disabled",9,9,9,"Good","None or almost none","Agree","Easy to be myself",5,8,2,2,"Yes",18,"No","No",1,"Easy","Easy","Easy",8,"About the same",1,0,"None of the time","Easy","0","1","55-64",2,"  1173.1",53728,22
49,877.3997,2018,65,"Male","Māori","Post-secondary NCEA/diploma","Employed","Partnered","Not a parent",0,"Owned with mortgage",38106,4,"Long-term migrant","Non-disabled",8,9,10,"Good","None or almost none","Agree","Very easy to be myself",9,9,7,9,"Yes",18,"No","No",0,"Very easy","Very easy","Easy",10,"About the same",0,1,"None of the time","Very easy","0","0","65+",1,"   903.8",41952,28
50,918.7377,2018,60,"Female","Māori","Degree","Employed","Partnered","Not a parent",0,"Owned with mortgage",57393,1,"Long-term migrant","Non-disabled",10,10,10,"Very Good","None or almost none","Strongly agree","Easy to be myself",10,10,5,7,"Yes",13,"Yes, sometimes","Yes, sometimes",0,"Easy","Very easy","Easy",8,"No crime here",0,0,"A little of the time","Easy","0","0","55-64",2,"   416.2",19504,14
51,2277.74,2018,70,"Female","Māori","Post-secondary NCEA/diploma","Employed","Not partnered","Not a parent",0,"Owned with mortgage",45820,5,"NZ with NZ parents","Non-disabled",10,7,7,"Good","None or almost none","Agree","Very easy to be myself",8,7,7,5,"Yes",17,"No","No",0,"Very easy","Very easy","Very difficult",7,"No crime here",0,0,"None of the time","Easy","0","0","65+",1,"   377.9",16928,25
52,1020.344,2018,37,"Male","Māori","Less than secondary school","Employed","Not partnered","Not a parent",0,"Rented",44547,10,"NZ with NZ parents","Non-disabled",5,3,6,"Fair","None or almost none","Strongly agree","Very easy to be myself",9,9,7,8,"Yes",7,"No","Yes, sometimes",2,"Very easy","Very easy","Very easy",1,"No crime here",0,0,"A little of the time","Very easy","0","2","35-44",1,"   264.5",12144,22
53,820.3624,2018,31,"Female","Māori","Post-secondary NCEA/diploma","Employed","Not partnered","Not a parent",0,"Rented",42927,8,"NZ with NZ parents","Non-disabled",7,8,10,"Very Good","None or almost none","Neither agree nor disagree","Very easy to be myself",5,7,4,5,"Yes",15,"No","No",3,"Very easy","Very easy","Easy",4,"A little less",0,0,"A little of the time","Easy","0","3","25-34",1,"   167.2",7728,17
54,623.184,2018,68,"Male","Māori","Less than secondary school","Employed","Not partnered","Not a parent",0,"Owned without mortgage",105563,9,"Medium-term migrant","Non-disabled",8,10,10,"Poor","None or almost none","Agree","Sometimes easy, sometimes hard",10,10,9,10,"Yes",11,"Yes, sometimes","Yes, sometimes",3,"Easy","Easy","Very difficult",3,"No crime here",0,0,"Most of the time","Hard","0","3","65+",3,"   474.9",22080,33
55,999.4304,2018,45,"Male","Māori","Post-secondary NCEA/diploma","Employed","Not partnered","Parent",2,"Owned without mortgage",170668,1,"NZ with NZ parents","Non-disabled",7,9,8,"Excellent","None or almost none","Neither agree nor disagree","Very easy to be myself",7,8,6,5,"Yes",17,"Yes, sometimes","No",1,"Very easy","Very easy","Very easy",6,"No crime here",0,0,"A little of the time","Very easy","2","1","45-54",3,"  1253.5",57408,43
56,295.1949,2018,39,"Female","Māori","Post-secondary NCEA/diploma","Employed","Not partnered","Parent",2,"Rented",45518,10,"NZ with NZ parents","Non-disabled",5,8,8,"Good","None or almost none","Strongly agree","Easy to be myself",5,7,0,5,"No",14,"Yes, always","Yes, sometimes",0,"Very easy","Very easy","Very easy",1,"About the same",0,0,"None of the time","Very easy","2","0","35-44",1,"   257.3",11408,8
57,1365.222,2018,63,"Male","Māori","Post-secondary NCEA/diploma","Employed","Not partnered","Not a parent",0,"Owned with mortgage",25745,3,"NZ with overseas parent(s)","Non-disabled",5,10,10,"Excellent","None or almost none","Agree","Very easy to be myself",7,8,7,4,"Yes",13,"No","Yes, sometimes",0,"Easy","Very easy","Very easy",10,"No crime here",1,0,"None of the time","Very easy","0","0","55-64",1,"   827.0",37904,34
58,547.5134,2018,16,"Male","Māori","Less than secondary school","Employed","Not partnered","Not a parent",0,"Rented",78845,9,"NZ with NZ parents","Non-disabled",8,5,8,"Very Good","Basic","Strongly agree","Easy to be myself",5,8,6,5,"Not eligible",11,"Yes, sometimes","Yes, sometimes",0,"Very easy","Very easy","Very easy",0,"A lot less",0,0,"A little of the time","Sometimes easy, sometimes hard","0","0","15-24",2,"   460.4",20976,47
59,628.1412,2018,60,"Female","Māori","Secondary school","Employed","Partnered","Parent",1,"Rented",87060,8,"NZ with NZ parents","Non-disabled",5,4,8,"Very Good","None or almost none","Neither agree nor disagree","Easy to be myself",5,7,3,5,"Yes",11,"No","No",0,"Easy","Easy","Easy",8,"A little more",0,0,"None of the time","Very easy","1","0","55-64",2,"   276.5",12512,24
60,1069.786,2018,24,"Female","Māori","Less than secondary school","Employed","Not partnered","Not a parent",0,"Owned without mortgage",119584,6,"NZ with NZ parents","Non-disabled",7,7,7,"Very Good","None or almost none","Disagree","Easy to be myself",4,8,2,9,"Not eligible",16,"No","No",2,"Very easy","Very easy","Very easy",1,"About the same",1,1,"None of the time","Easy","0","2","15-24",3,"   311.4",14352,22
61,839.5416,2018,69,"Female","Māori","Less than secondary school","Employed","Partnered","Not a parent",0,"Owned with mortgage",61626,7,"NZ with NZ parents","Non-disabled",5,8,8,"Very Good","Basic","Neither agree nor disagree","Easy to be myself",6,7,7,5,"Yes",18,"No","No",0,"Very easy","Very easy","Very easy",8,"No crime here",1,0,"None of the time","Easy","0","0","65+",2,"   525.9",24288,54
62,688.6813,2018,38,"Male","Māori","Post-secondary NCEA/diploma","Employed","Partnered","Parent",1,"Rented",35632,8,"Recent migrant","Non-disabled",5,9,10,"Good","None or almost none","Agree","Sometimes easy, sometimes hard",5,7,4,6,"No",12,"No","No",1,"Easy","Easy","Difficult",5,"Moved here recently",0,0,"None of the time","Easy","1","1","35-44",1,"   484.4",22080,33
63,733.0182,2018,50,"Female","Māori","Secondary school","Employed","Partnered","Not a parent",0,"Rented",131358,2,"Long-term migrant","Non-disabled",8,8,9,"Very Good","None or almost none","Neither agree nor disagree","Very easy to be myself",9,7,5,7,"Yes",20,"No","Yes, sometimes",0,"Very easy","Very easy","Easy",8,"No crime here",0,0,"None of the time","Very easy","0","0","45-54",3,"   536.7",24656,43
64,2482.434,2018,49,"Male","Māori","Less than secondary school","Employed","Not partnered","Not a parent",0,"Rented",11980,9,"NZ with NZ parents","Non-disabled",10,7,5,"Fair","None or almost none","Agree","Very easy to be myself",5,8,5,6,"Yes",5,"Yes, often","No",2,"Easy","Easy","Very easy",5,"About the same",0,0,"A little of the time","Very easy","0","2","45-54",1,"   391.9",18032,24
65,911.5582,2018,37,"Male","Māori","Secondary school","Employed","Not partnered","Not a parent",0,"Owned without mortgage",92553,4,"NZ with NZ parents","Non-disabled",8,8,8,"Good","None or almost none","Disagree","Easy to be myself",6,4,3,5,"Yes",10,"No","No",2,"Very easy","Very easy","Easy",7,"About the same",0,0,"None of the time","Very easy","0","2","35-44",2,"   636.4",29072,34
66,1665.789,2018,69,"Male","Māori","Degree","Employed","Not partnered","Not a parent",0,"Owned without mortgage",34726,8,"NZ with NZ parents","Non-disabled",2,7,6,"Fair","None or almost none","Neither agree nor disagree","Sometimes easy, sometimes hard",8,5,2,7,"Yes",7,"Yes, sometimes","Yes, sometimes",1,"Very easy","Difficult","Difficult",5,"No crime here",0,1,"Most of the time","Hard","0","1","65+",1,"  1127.5",51520,60
67,3965.31,2018,37,"Male","Māori","Degree","Employed","Not partnered","Not a parent",0,"Rented",72412,8,"NZ with NZ parents","Non-disabled",4,5,7,"Good","None or almost none","Neither agree nor disagree","Easy to be myself",6,8,4,3,"Yes",8,"No","Yes, sometimes",3,"Neither easy nor difficult","Easy","Neither easy nor difficult",5,"About the same",0,1,"Most of the time","Sometimes easy, sometimes hard","0","3","35-44",2,"   937.6",43424,20
68,1846.384,2018,42,"Male","Māori","Post-secondary NCEA/diploma","Employed","Partnered","Not a parent",0,"Rented",174366,4,"Long-term migrant","Non-disabled",3,9,9,"Very Good","None or almost none","Disagree","Sometimes easy, sometimes hard",4,8,8,5,"No",15,"Yes, often","Yes, sometimes",0,"Neither easy nor difficult","Difficult","Very easy",2,"About the same",0,0,"None of the time","Easy","0","0","35-44",3,"  1280.1",58512,42
69,621.7106,2018,25,"Male","Māori","Post-secondary NCEA/diploma","Employed","Not partnered","Not a parent",0,"Owned without mortgage",189263,6,"Recent migrant","Non-disabled",6,6,8,"Poor","None or almost none","Neither agree nor disagree","Sometimes easy, sometimes hard",7,9,4,8,"No",11,"No","No",4,"Very easy","Easy","Easy",7,"A little less",0,1,"A little of the time","Hard","0","4+","25-34",3,"   106.6",5152,28
70,380.5857,2018,73,"Female","Māori","Less than secondary school","Employed","Not partnered","Not a parent",0,"Owned with mortgage",21525,10,"NZ with NZ parents","Disabled",5,10,10,"Very Good","None or almost none","Neither agree nor disagree","Very easy to be myself",10,10,10,10,"No",12,"No","Yes, sometimes",0,"Easy","Very easy","Easy",10,"About the same",1,0,"None of the time","Hard","0","0","65+",1,"   215.9",9936,21
71,1284.194,2018,39,"Male","Māori","Secondary school","Employed","Not partnered","Not a parent",0,"Rented",170766,7,"NZ with NZ parents","Non-disabled",8,8,7,"Very Good","Basic","Agree","Very easy to be myself",5,9,7,7,"Yes",14,"Yes, always","Yes, sometimes",0,"Very easy","Very easy","Very easy",7,"No crime here",0,0,"None of the time","Very easy","0","0","35-44",3,"   794.4",36432,32
72,604.763,2018,41,"Male","Māori","Less than secondary school","Employed","Partnered","Not a parent",0,"Owned without mortgage",158876,6,"Long-term migrant","Non-disabled",7,8,6,"Good","None or almost none","Agree","Very easy to be myself",8,9,6,5,"Yes",20,"No","No",0,"Easy","Easy","Neither easy nor difficult",8,"A little more",0,0,"None of the time","Very easy","0","0","35-44",3,"   565.6",26128,40
73,3485.304,2018,44,"Male","Māori","Degree","Employed","Partnered","Parent",2,"Rented",69653,4,"Long-term migrant","Non-disabled",5,7,10,"Good","None or almost none","Neither agree nor disagree","Sometimes easy, sometimes hard",6,10,5,8,"Yes",16,"Yes, sometimes","No",2,"Very easy","Easy","Very easy",6,"About the same",0,0,"A little of the time","Easy","2","2","35-44",2,"  1038.8",48208,42
74,1933.542,2018,59,"Female","Māori","Secondary school","Employed","Not partnered","Not a parent",0,"Owned with mortgage",168105,5,"NZ with NZ parents","Non-disabled",8,8,7,"Good","None or almost none","Strongly agree","Very easy to be myself",8,10,4,5,"Yes",19,"Yes, sometimes","No",0,"Easy","Easy","Very easy",10,"About the same",0,0,"None of the time","Very easy","0","0","55-64",3,"   401.2",18032,18
75,1820.833,2018,32,"Female","Māori","Less than secondary school","Employed","Partnered","Parent",3,"Rented",67270,10,"NZ with NZ parents","Non-disabled",10,10,10,"Very Good","Conversational","Agree","Very easy to be myself",10,10,5,5,"Yes",8,"Yes, sometimes","Yes, sometimes",0,"Difficult","Neither easy nor difficult","Very difficult",6,"About the same",0,0,"None of the time","Easy","3","0","25-34",2,"   212.1",9936,16
76,669.7158,2018,39,"Male","Māori","Less than secondary school","Employed","Partnered","Parent",4,"Owned without mortgage",155687,1,"NZ with NZ parents","Non-disabled",5,8,10,"Very Good","None or almost none","Agree","Very easy to be myself",7,7,5,6,"Yes",7,"Yes, sometimes","No",1,"Very easy","Very easy","Very easy",6,"A little less",0,0,"None of the time","Very easy","4+","1","35-44",3,"   752.5",34960,44
77,637.5283,2018,45,"Male","Māori","Degree","Employed","Partnered","Not a parent",0,"Owned without mortgage",63266,5,"NZ with overseas parent(s)","Non-disabled",6,7,8,"Excellent","Basic","Agree","Very easy to be myself",8,8,6,6,"Yes",12,"No","Yes, sometimes",0,"Very easy","Very easy","Very easy",0,"About the same",0,1,"None of the time","Easy","0","0","45-54",2,"  7760.3",357328,94
78,1785.144,2018,48,"Male","Māori","Less than secondary school","Employed","Not partnered","Not a parent",0,"Rented",52697,10,"Long-term migrant","Disabled",5,5,5,"Fair","None or almost none","Strongly agree","Sometimes easy, sometimes hard",5,5,0,0,"No",15,"Yes, always","Yes, always",0,"Easy","Easy","Very easy",5,"A little less",1,1,"Some of the time","Very easy","0","0","45-54",2,"   431.6",19872,38
79,1464.518,2018,27,"Female","Māori","Degree","Employed","Not partnered","Not a parent",0,"Owned without mortgage",76841,8,"Long-term migrant","Non-disabled",4,10,8,"Very Good","None or almost none","Agree","Easy to be myself",7,7,4,7,"Yes",15,"Yes, sometimes","No",3,"Neither easy nor difficult","Easy","Easy",0,"About the same",0,0,"None of the time","Sometimes easy, sometimes hard","0","3","25-34",2,"  1396.2",64400,40
80,995.8282,2018,52,"Male","Māori","Degree","Employed","Partnered","Not a parent",0,"Owned without mortgage",147589,7,"NZ with NZ parents","Non-disabled",5,8,8,"Very Good","Conversational","Strongly agree","Easy to be myself",8,8,5,5,"Yes",14,"Not applicable","Yes, sometimes",3,"Neither easy nor difficult","Easy","Easy",4,"A little less",0,1,"Some of the time","Sometimes easy, sometimes hard","0","3","45-54",3,"   609.8",28336,20
81,539.2105,2018,25,"Male","Māori","Degree","Employed","Not partnered","Not a parent",0,"Owned without mortgage",178678,9,"Long-term migrant","Non-disabled",7,8,9,"Excellent","None or almost none","Neither agree nor disagree","Very easy to be myself",8,9,7,8,"Yes",16,"Not applicable","No",2,"Very easy","Very easy","Easy",5,"Moved here recently",0,0,"None of the time","Easy","0","2","25-34",3,"   843.6",39008,14
82,450.3167,2018,94,"Female","Māori","Less than secondary school","Employed","Not partnered","Not a parent",0,"Owned with mortgage",48356,5,"NZ with NZ parents","Non-disabled",10,10,10,"Very Good","None or almost none","Agree","Very easy to be myself",7,8,6,6,"Yes",20,"No","No",4,"Easy","Very easy","Very easy",5,"About the same",0,0,"None of the time","Very easy","0","4+","65+",1,"   329.7",14720,11
83,2602.95,2018,69,"Male","Pacific","Less than secondary school","Employed","Not partnered","Not a parent",0,"Rented",70101,2,"NZ with overseas parent(s)","Non-disabled",10,10,10,"Poor","None or almost none","Neither agree nor disagree","Very easy to be myself",7,6,7,4,"Yes",19,"No","No",3,"Easy","Very easy","Difficult",4,"No crime here",0,0,"A little of the time","Very easy","0","3","65+",2,"   303.6",14352,26
84,664.1317,2018,56,"Male","Pacific","Degree","Employed","Partnered","Not a parent",0,"Owned with mortgage",73493,2,"NZ with overseas parent(s)","Disabled",5,10,4,"Excellent","None or almost none","Disagree","Sometimes easy, sometimes hard",5,7,4,7,"Yes",15,"Yes, always","No",1,"Easy","Very easy","Neither easy nor difficult",7,"About the same",0,0,"None of the time","Very easy","0","1","55-64",2,"   421.1",19136,30
85,369.101,2018,56,"Male","Pacific","Degree","Employed","Partnered","Parent",1,"Owned with mortgage",135288,1,"Long-term migrant","Non-disabled",10,8,8,"Good","None or almost none","Agree","Sometimes easy, sometimes hard",8,9,8,9,"Yes",18,"Yes, sometimes","Yes, sometimes",1,"Easy","Easy","Easy",5,"About the same",0,0,"A little of the time","Sometimes easy, sometimes hard","1","1","55-64",3,"   839.1",39008,6
86,1013.842,2018,50,"Male","Pacific","Less than secondary school","Employed","Not partnered","Not a parent",0,"Rented",46776,10,"NZ with NZ parents","Non-disabled",10,10,10,"Poor","Basic","Strongly agree","Very easy to be myself",5,9,3,5,"Yes",8,"Yes, always","Yes, always",0,"Neither easy nor difficult","Very easy","Neither easy nor difficult",9,"About the same",0,0,"None of the time","Easy","0","0","45-54",1,"   598.5",27232,38
87,1178.319,2018,44,"Male","Pacific","Less than secondary school","Employed","Not partnered","Not a parent",0,"Rented",48135,8,"NZ with NZ parents","Non-disabled",8,6,7,"Very Good","None or almost none","Agree","Very easy to be myself",8,7,7,7,"Yes",18,"Not applicable","No",3,"Easy","Very easy","Very easy",2,"Moved here recently",0,0,"A little of the time","Very easy","0","3","35-44",1,"   363.7",16928,24
88,1520.497,2018,59,"Male","Pacific","Degree","Employed","Not partnered","Not a parent",0,"Owned with mortgage",16440,2,"NZ with NZ parents","Non-disabled",6,8,8,"Excellent","None or almost none","Disagree","Easy to be myself",7,9,7,7,"Yes",12,"Yes, sometimes","Yes, sometimes",0,"Easy","Easy","Easy",7,"No crime here",0,0,"None of the time","Very easy","0","0","55-64",1,"   290.7",13248,30
89,1902.68,2018,26,"Female","Pacific","Secondary school","Employed","Partnered","Not a parent",0,"Rented",29213,10,"NZ with overseas parent(s)","Non-disabled",8,7,7,"Very Good","None or almost none","Neither agree nor disagree","Very easy to be myself",7,7,5,6,"Yes",10,"Yes, sometimes","Yes, sometimes",1,"Easy","Easy","Easy",4,"About the same",0,0,"None of the time","Easy","0","1","25-34",1,"   296.5",13248,22
90,1457.011,2018,60,"Female","Pacific","Post-secondary NCEA/diploma","Employed","Partnered","Not a parent",0,"Owned with mortgage",176176,3,"NZ with NZ parents","Disabled",9,5,7,"Very Good","None or almost none","Disagree","Very easy to be myself",4,7,3,5,"Yes",19,"No","No",0,"Neither easy nor difficult","Neither easy nor difficult","Neither easy nor difficult",5,"About the same",0,0,"None of the time","Very easy","0","0","55-64",3,"   207.7",9568,8
91,3162.823,2018,93,"Female","Pacific","Degree","Employed","Partnered","Not a parent",0,"Owned with mortgage",61231,2,"NZ with overseas parent(s)","Disabled",8,7,6,"Fair","Basic","Agree","Very easy to be myself",8,6,6,6,"Yes",18,"No","No",0,"Easy","Easy","Easy",6,"About the same",0,0,"A little of the time","Easy","0","0","65+",2,"   162.6",7360,13
92,1438.751,2018,75,"Female","Pacific","Less than secondary school","Employed","Not partnered","Not a parent",0,"Owned with mortgage",97172,10,"NZ with NZ parents","Non-disabled",4,7,7,"Good","None or almost none","Neither agree nor disagree","Easy to be myself",8,9,7,6,"Yes",15,"Yes, often","No",0,"Very easy","Very easy","Very easy",4,"A lot less",1,0,"Some of the time","Sometimes easy, sometimes hard","0","0","65+",2,"   531.8",24288,46
93,199.7565,2018,47,"Male","Pacific","Post-secondary NCEA/diploma","Employed","Partnered","Not a parent",0,"Owned with mortgage",167948,3,"Long-term migrant","Non-disabled",5,8,8,"Good","None or almost none","Neither agree nor disagree","Easy to be myself",5,6,5,5,"No",11,"Yes, often","Yes, sometimes",0,"Easy","Very easy","Neither easy nor difficult",5,"About the same",0,1,"None of the time","Sometimes easy, sometimes hard","0","0","45-54",3,"   620.5",28336,32
94,206.7774,2018,31,"Male","Pacific","Less than secondary school","Employed","Not partnered","Not a parent",0,"Rented",132014,10,"NZ with NZ parents","Non-disabled",8,10,9,"Poor","Fluent","Disagree","Easy to be myself",0,0,0,0,"Yes",12,"Yes, always","No",1,"Very easy","Very easy","Very easy",0,"About the same",1,0,"None of the time","Very easy","0","1","25-34",3,"   486.0",22448,32
95,338.4783,2018,76,"Male","Pacific","Less than secondary school","Employed","Partnered","Not a parent",0,"Owned with mortgage",56709,9,"NZ with NZ parents","Non-disabled",9,9,6,"Fair","None or almost none","Disagree","Sometimes easy, sometimes hard",6,8,5,6,"Yes",14,"No","No",0,"Easy","Easy","Easy",5,"A little less",0,0,"None of the time","Sometimes easy, sometimes hard","0","0","65+",2,"   502.2",22816,20
96,577.68,2018,83,"Male","Pacific","Less than secondary school","Employed","Partnered","Not a parent",0,"Owned with mortgage",24742,10,"NZ with overseas parent(s)","Non-disabled",7,8,10,"Very Good","None or almost none","Strongly disagree","Very easy to be myself",8,4,5,1,"Yes",17,"No","No",0,"Very easy","Very easy","Very difficult",9,"About the same",0,0,"None of the time","Easy","0","0","65+",1,"   453.2",20608,38
97,1057.283,2018,97,"Male","Pacific","Less than secondary school","Employed","Not partnered","Not a parent",0,"Owned without mortgage",37622,7,"NZ with NZ parents","Non-disabled",2,7,5,"Fair","None or almost none","Disagree","Easy to be myself",3,0,3,1,"Yes",2,"Yes, always","Yes, sometimes",0,"Easy","Very easy","Neither easy nor difficult",0,"No crime here",0,1,"A little of the time","Very hard","0","0","65+",1,"   452.8",20608,38
98,242.4214,2018,54,"Female","Pacific","Degree","Employed","Not partnered","Not a parent",0,"Rented",103154,4,"Recent migrant","Non-disabled",9,9,7,"Good","None or almost none","Agree","Easy to be myself",7,9,6,7,"No",9,"Yes, sometimes","No",1,"Easy","Easy","Easy",3,"A lot less",0,0,"A little of the time","Easy","0","1","45-54",3,"   905.5",41216,26
99,996.6422,2018,31,"Male","Pacific","Less than secondary school","Employed","Not partnered","Parent",1,"Rented",47976,7,"NZ with NZ parents","Non-disabled",10,6,10,"Excellent","Basic","Agree","Very easy to be myself",7,8,7,6,"No",9,"Yes, sometimes","No",3,"Easy","Very easy","Very easy",7,"No crime here",0,1,"A little of the time","Very easy","1","3","25-34",1,"   807.2",37536,59
100,1474.839,2018,47,"Male","Pacific","Degree","Employed","Not partnered","Not a parent",0,"Rented",37244,10,"NZ with overseas parent(s)","Non-disabled",10,4,3,"Fair","None or almost none","Agree","Easy to be myself",8,9,5,7,"Yes",3,"Yes, often","Yes, sometimes",1,"Difficult","Very easy","Very difficult",3,"About the same",0,0,"A little of the time","Sometimes easy, sometimes hard","0","1","45-54",1,"  2981.4",136896,36
101,302.4235,2018,48,"Female","Pacific","Less than secondary school","Employed","Not partnered","Not a parent",0,"Rented",25977,9,"Long-term migrant","Non-disabled",5,6,7,"Good","None or almost none","Agree","Sometimes easy, sometimes hard",4,1,0,1,"Yes",7,"Yes, always","Yes, sometimes",1,"Easy","Easy","Very easy",0,"A lot more",1,1,"Most of the time","Hard","0","1","45-54",1,"   598.2",27600,26
102,368.1739,2018,52,"Male","Pacific","Degree","Employed","Partnered","Parent",1,"Owned without mortgage",104573,7,"Long-term migrant","Non-disabled",3,5,8,"Fair","None or almost none","Disagree","Sometimes easy, sometimes hard",5,2,5,6,"Yes",8,"Yes, sometimes","Yes, sometimes",0,"Very easy","Easy","Easy",8,"No crime here",0,0,"Some of the time","Sometimes easy, sometimes hard","1","0","45-54",3,"  1129.6",52256,36
103,623.6258,2018,70,"Male","Pacific","Less than secondary school","Employed","Not partnered","Not a parent",0,"Owned with mortgage",23981,4,"NZ with NZ parents","Non-disabled",5,7,7,"Good","None or almost none","Disagree","Sometimes easy, sometimes hard",8,10,3,2,"Yes",5,"No","No",0,"Easy","Easy","Neither easy nor difficult",9,"No crime here",0,0,"None of the time","Easy","0","0","65+",1,"   498.4",22816,20
104,582.8461,2018,74,"Female","Pacific","Secondary school","Employed","Partnered","Not a parent",0,"Owned with mortgage",41856,7,"Long-term migrant","Non-disabled",5,4,7,"Excellent","None or almost none","Disagree","Sometimes easy, sometimes hard",8,10,3,5,"Yes",16,"Yes, sometimes","No",0,"Very easy","Very easy","Very easy",10,"About the same",0,0,"None of the time","Sometimes easy, sometimes hard","0","0","65+",1,"   691.9",31648,24
105,279.367,2018,71,"Female","Pacific","Secondary school","Employed","Not partnered","Not a parent",0,"Owned without mortgage",170918,7,"Long-term migrant","Non-disabled",5,9,9,"Good","None or almost none","Agree","Sometimes easy, sometimes hard",9,9,9,9,"Yes",18,"No","No",1,"Easy","Easy","Easy",2,"About the same",0,0,"Some of the time","Sometimes easy, sometimes hard","0","1","65+",3,"   696.9",31648,24
106,373.3559,2018,63,"Male","Pacific","Post-secondary NCEA/diploma","Employed","Not partnered","Not a parent",0,"Owned without mortgage",30376,10,"NZ with NZ parents","Non-disabled",10,10,10,"Excellent","Basic","Strongly agree","Very easy to be myself",5,5,2,6,"Yes",9,"No","No",0,"Very easy","Very easy","Easy",10,"About the same",0,0,"None of the time","Very easy","0","0","55-64",1,"   656.1",30176,31
107,2384.53,2018,62,"Female","Pacific","Degree","Employed","Partnered","Not a parent",0,"Owned with mortgage",173882,1,"NZ with NZ parents","Non-disabled",7,7,10,"Very Good","Basic","Strongly agree","Very easy to be myself",9,8,6,9,"Yes",7,"Yes, always","Yes, sometimes",0,"Very easy","Very easy","Very easy",9,"No crime here",0,0,"A little of the time","Very easy","0","0","55-64",3,"   867.5",39744,36
108,1250.999,2018,63,"Male","Pacific","Less than secondary school","Employed","Partnered","Not a parent",0,"Owned without mortgage",151525,4,"NZ with NZ parents","Non-disabled",8,10,9,"Good","Basic","Strongly agree","Very easy to be myself",8,8,7,8,"Yes",15,"Yes, sometimes","No",0,"Easy","Easy","Easy",8,"About the same",0,0,"None of the time","Easy","0","0","55-64",3,"   308.4",14352,26
109,742.1155,2018,30,"Female","Pacific","Degree","Employed","Partnered","Not a parent",0,"Rented",87255,6,"Recent migrant","Non-disabled",4,7,6,"Good","None or almost none","Neither agree nor disagree","Easy to be myself",9,10,7,5,"No",14,"No","No",3,"Easy","Easy","Neither easy nor difficult",4,"Moved here recently",0,0,"A little of the time","Very hard","0","3","25-34",2,"   561.6",25392,33
110,1084.776,2018,31,"Female","Pacific","Post-secondary NCEA/diploma","Employed","Partnered","Not a parent",0,"Owned without mortgage",77939,7,"NZ with NZ parents","Non-disabled",7,8,8,"Good","None or almost none","Strongly agree","Very easy to be myself",8,7,6,7,"Yes",15,"No","No",2,"Easy","Easy","Neither easy nor difficult",2,"No crime here",0,0,"None of the time","Very easy","0","2","25-34",2,"   409.3",18768,20
111,718.8154,2018,46,"Female","Pacific","Post-secondary NCEA/diploma","Employed","Not partnered","Not a parent",0,"Owned without mortgage",36985,8,"NZ with NZ parents","Disabled",4,3,3,"Good","None or almost none","Neither agree nor disagree","Sometimes easy, sometimes hard",8,7,0,0,"Yes",2,"Yes, always","Yes, sometimes",3,"Very easy","Very easy","Very easy",2,"A little more",0,1,"All of the time","Very hard","0","3","45-54",1,"   397.6",18400,32
112,1155.21,2018,83,"Female","Pacific","Degree","Employed","Not partnered","Not a parent",0,"Owned without mortgage",79348,5,"Long-term migrant","Non-disabled",10,10,10,"Excellent","None or almost none","Strongly agree","Very easy to be myself",0,8,6,7,"Yes",20,"No","No",0,"Very easy","Very easy","Difficult",10,"About the same",0,0,"None of the time","Very easy","0","0","65+",2,"  1054.5",48576,38
113,1116.277,2018,48,"Male","Pacific","Less than secondary school","Employed","Not partnered","Not a parent",0,"Owned without mortgage",125033,6,"NZ with NZ parents","Non-disabled",5,8,7,"Fair","Basic","Strongly agree","Very easy to be myself",7,9,4,6,"Yes",17,"No","No",0,"Very easy","Very easy","Very easy",10,"No crime here",0,0,"None of the time","Very easy","0","0","45-54",3,"   391.0",18400,32
114,589.7631,2018,52,"Male","Pacific","Degree","Employed","Partnered","Parent",1,"Owned without mortgage",115590,4,"NZ with NZ parents","Non-disabled",5,7,9,"Very Good","None or almost none","Neither agree nor disagree","Very easy to be myself",7,9,3,6,"Yes",13,"Yes, often","Yes, sometimes",0,"Very easy","Very easy","Very easy",6,"About the same",0,0,"Some of the time","Easy","1","0","45-54",3,"   336.1",15088,28
115,819.2986,2018,35,"Female","Asian","Secondary school","Employed","Not partnered","Not a parent",0,"Rented",133991,4,"Long-term migrant","Non-disabled",10,7,10,"Very Good","None or almost none","Agree","Very easy to be myself",8,3,0,0,"No",19,"No","No",1,"Very easy","Very easy","Very easy",6,"A little less",0,1,"A little of the time","Sometimes easy, sometimes hard","0","1","35-44",3,"   457.2",21344,32
116,5636.096,2018,48,"Male","Asian","Less than secondary school","Employed","Partnered","Not a parent",0,"Owned without mortgage",124422,7,"NZ with NZ parents","Non-disabled",5,10,10,"Very Good","None or almost none","Neither agree nor disagree","Easy to be myself",6,10,5,4,"Yes",13,"Yes, always","Yes, always",0,"Easy","Neither easy nor difficult","Easy",2,"A lot more",0,0,"None of the time","Very easy","0","0","45-54",3,"   206.9",9568,26
117,652.4736,2018,98,"Male","Asian","Less than secondary school","Employed","Partnered","Not a parent",0,"Owned with mortgage",111947,6,"NZ with NZ parents","Non-disabled",10,8,9,"Good","None or almost none","Disagree","Very easy to be myself",7,8,4,6,"Yes",20,"Yes, sometimes","No",0,"Very easy","Very easy","Very difficult",8,"About the same",0,0,"None of the time","Very hard","0","0","65+",3,"   973.2",44528,46
118,4084.964,2018,67,"Female","Asian","Secondary school","Employed","Not partnered","Not a parent",0,"Owned with mortgage",21158,2,"NZ with NZ parents","Non-disabled",7,8,8,"Poor","None or almost none","Neither agree nor disagree","Very easy to be myself",8,9,5,6,"Yes",14,"Yes, always","Yes, sometimes",0,"Very difficult","Neither easy nor difficult","Very difficult",8,"About the same",0,0,"None of the time","Easy","0","0","65+",1,"   539.5",24656,16
119,529.9088,2018,63,"Male","Asian","Less than secondary school","Employed","Partnered","Not a parent",0,"Owned with mortgage",48166,10,"NZ with NZ parents","Non-disabled",8,8,10,"Fair","None or almost none","Disagree","Easy to be myself",6,5,4,5,"No",15,"Yes, sometimes","No",0,"Very easy","Very easy","Very easy",1,"No crime here",0,0,"None of the time","Easy","0","0","55-64",1,"   319.6",14720,34
120,2118.235,2018,35,"Male","Asian","Secondary school","Employed","Partnered","Parent",2,"Rented",46374,7,"Medium-term migrant","Non-disabled",4,7,7,"Fair","None or almost none","Neither agree nor disagree","Sometimes easy, sometimes hard",9,10,1,8,"Yes",10,"Yes, always","Yes, sometimes",0,"Very difficult","Very easy","Very easy",10,"No crime here",0,0,"None of the time","Easy","2","0","35-44",1,"   630.9",29072,62
121,2607.83,2018,81,"Male","Asian","Less than secondary school","Employed","Not partnered","Not a parent",0,"Owned with mortgage",19823,4,"Long-term migrant","Disabled",5,5,5,"Good","None or almost none","Neither agree nor disagree","Sometimes easy, sometimes hard",0,5,5,0,"Yes",18,"Yes, often","No",0,"Very easy","Easy","Very easy",5,"No crime here",0,0,"Some of the time","Very hard","0","0","65+",1,"   629.3",28704,43
122,4538.584,2018,67,"Male","Asian","Less than secondary school","Employed","Partnered","Not a parent",0,"Owned with mortgage",84330,4,"NZ with NZ parents","Non-disabled",5,2,8,"Excellent","None or almost none","Neither agree nor disagree","Very easy to be myself",7,4,7,8,"Yes",19,"No","No",0,"Easy","Easy","Very difficult",10,"No crime here",0,0,"None of the time","Very easy","0","0","65+",2,"   634.7",29440,27
123,2041.944,2018,35,"Male","Asian","Less than secondary school","Employed","Partnered","Parent",2,"Rented",122447,2,"NZ with overseas parent(s)","Non-disabled",3,7,9,"Fair","Basic","Neither agree nor disagree","Easy to be myself",5,7,2,2,"Yes",6,"Yes, often","No",1,"Difficult","Very easy","Difficult",1,"A lot more",1,0,"Some of the time","Sometimes easy, sometimes hard","2","1","35-44",3,"   473.4",21712,12
124,2172.594,2018,77,"Female","Asian","Secondary school","Employed","Not partnered","Not a parent",0,"Owned with mortgage",48193,7,"NZ with NZ parents","Disabled",8,8,8,"Fair","None or almost none","Strongly disagree","Very easy to be myself",7,9,6,1,"Yes",18,"Yes, sometimes","No",0,"Very easy","Very easy","Very easy",7,"A little more",0,0,"Some of the time","Easy","0","0","65+",1,"   273.9",12144,18
125,2210.388,2018,51,"Female","Asian","Degree","Employed","Partnered","Parent",2,"Owned without mortgage",66882,1,"Long-term migrant","Non-disabled",2,6,6,"Good","None or almost none","Disagree","Easy to be myself",8,9,6,6,"Yes",14,"Yes, sometimes","No",1,"Easy","Easy","Easy",6,"About the same",0,0,"A little of the time","Very hard","2","1","45-54",2,"   697.3",32016,43
126,1176.661,2018,54,"Male","Asian","Degree","Employed","Partnered","Not a parent",0,"Owned without mortgage",157928,6,"Medium-term migrant","Non-disabled",5,10,8,"Very Good","None or almost none","Agree","Easy to be myself",8,9,3,5,"Yes",17,"No","No",3,"Easy","Very easy","Very difficult",7,"No crime here",0,0,"None of the time","Very easy","0","3","45-54",3,"   228.0",10672,7
127,2660.46,2018,48,"Male","Asian","Degree","Employed","Not partnered","Parent",1,"Owned without mortgage",13315,2,"Long-term migrant","Non-disabled",4,7,5,"Good","None or almost none","Agree","Easy to be myself",5,7,7,6,"Yes",7,"Yes, always","Yes, always",1,"Easy","Very easy","Neither easy nor difficult",3,"About the same",0,0,"A little of the time","Sometimes easy, sometimes hard","1","1","45-54",1,"   485.8",22080,14
128,1510.47,2018,27,"Female","Asian","Degree","Employed","Partnered","Parent",1,"Owned without mortgage",146656,8,"NZ with unknown origin parents","Non-disabled",7,10,10,"Very Good","None or almost none","Strongly agree","Sometimes easy, sometimes hard",9,10,7,7,"Yes",17,"Yes, sometimes","Yes, sometimes",4,"Neither easy nor difficult","Very easy","Easy",7,"Moved here recently",0,1,"None of the time","Very easy","1","4+","25-34",3,"   381.3",17296,16
129,3449.342,2018,96,"Female","Asian","Less than secondary school","Employed","Partnered","Not a parent",0,"Owned with mortgage",67207,3,"NZ with NZ parents","Non-disabled",8,8,8,"Very Good","None or almost none","Disagree","Easy to be myself",5,9,2,3,"Yes",20,"No","No",0,"Easy","Easy","Very difficult",8,"About the same",0,0,"None of the time","Easy","0","0","65+",2,"   131.9",6256,1
130,1956.429,2018,65,"Male","Asian","Less than secondary school","Employed","Not partnered","Not a parent",0,"Owned with mortgage",45357,1,"NZ with overseas parent(s)","Disabled",6,7,7,"Good","None or almost none","Neither agree nor disagree","Very easy to be myself",8,10,7,8,"Yes",15,"Yes, sometimes","Yes, always",0,"Easy","Easy","Difficult",7,"A little less",0,0,"None of the time","Easy","0","0","65+",1,"   487.2",22080,33
131,3183.154,2018,74,"Male","Asian","Less than secondary school","Employed","Not partnered","Not a parent",0,"Owned with mortgage",34882,8,"NZ with NZ parents","Disabled",8,7,9,"Good","Basic","Strongly agree","Very easy to be myself",3,7,2,7,"Yes",14,"Not applicable","No",1,"Very easy","Very easy","Very difficult",10,"About the same",0,0,"Some of the time","Easy","0","1","65+",1,"   288.9",13248,42
132,1960.188,2018,40,"Male","Asian","Degree","Employed","Partnered","Not a parent",0,"Owned without mortgage",86463,7,"Long-term migrant","Non-disabled",5,9,9,"Fair","Basic","Strongly agree","Hard to be myself",5,10,5,5,"Yes",15,"No","No",0,"Very easy","Very easy","Very easy",4,"A little more",0,1,"None of the time","Very easy","0","0","35-44",2,"   628.7",29072,32
133,3145.701,2018,31,"Female","Asian","Post-secondary NCEA/diploma","Employed","Partnered","Not a parent",0,"Owned without mortgage",250101,5,"NZ with NZ parents","Non-disabled",6,9,9,"Excellent","Basic","Strongly agree","Very easy to be myself",5,8,5,5,"Yes",8,"Yes, always","Yes, sometimes",3,"Very easy","Very easy","Very difficult",6,"About the same",0,0,"None of the time","Very easy","0","3","25-34",3,"   197.1",8832,18
134,1294.616,2018,77,"Male","Asian","Less than secondary school","Employed","Not partnered","Not a parent",0,"Owned with mortgage",28083,5,"NZ with NZ parents","Non-disabled",5,8,7,"Very Good","None or almost none","Neither agree nor disagree","Very easy to be myself",8,8,5,5,"Yes",12,"No","No",0,"Very easy","Very easy","Very easy",5,"About the same",0,0,"None of the time","Sometimes easy, sometimes hard","0","0","65+",1,"   394.5",18400,30
135,1512.885,2018,71,"Female","Asian","Secondary school","Employed","Not partnered","Not a parent",0,"Rented",47251,7,"Long-term migrant","Disabled",3,5,7,"Good","Basic","Agree","Easy to be myself",10,10,4,9,"Yes",7,"No","Yes, sometimes",0,"Neither easy nor difficult","Easy","Very easy",5,"A lot less",0,0,"Some of the time","Easy","0","0","65+",1,"   173.6",7728,9
136,2308.772,2018,38,"Male","Asian","Degree","Employed","Partnered","Parent",3,"Rented",178000,6,"Recent migrant","Non-disabled",4,7,6,"Very Good","None or almost none","Agree","Easy to be myself",9,10,10,6,"No",12,"Yes, always","No",1,"Very easy","Very easy","Very easy",9,"No crime here",0,0,"Some of the time","Very hard","3","1","35-44",3,"   394.6",18032,18
137,511.0815,2018,58,"Male","Asian","Less than secondary school","Employed","Not partnered","Not a parent",0,"Owned without mortgage",243635,7,"NZ with NZ parents","Non-disabled",9,9,7,"Very Good","None or almost none","Agree","Easy to be myself",7,8,6,7,"Yes",18,"No","Yes, sometimes",0,"Very easy","Very easy","Very easy",4,"About the same",0,0,"None of the time","Easy","0","0","55-64",3,"   567.0",26496,56
138,1334.521,2018,69,"Male","Asian","Secondary school","Employed","Not partnered","Not a parent",0,"Owned without mortgage",35277,10,"NZ with NZ parents","Non-disabled",5,10,10,"Poor","None or almost none","Strongly agree","Very easy to be myself",8,8,2,8,"Yes",18,"No","No",0,"Very easy","Very easy","Easy",10,"About the same",0,1,"None of the time","Easy","0","0","65+",1,"   454.8",20608,23
139,9483.932,2018,32,"Female","Asian","Degree","Employed","Partnered","Not a parent",0,"Rented",39160,4,"Recent migrant","Non-disabled",8,9,10,"Excellent","None or almost none","Neither agree nor disagree","Very easy to be myself",9,9,0,6,"No",20,"Yes, sometimes","Yes, sometimes",3,"Very easy","Very easy","Very easy",4,"Moved here recently",0,1,"A little of the time","Very easy","0","3","25-34",1,"  6807.0",313168,40
140,480.6111,2018,60,"Female","Asian","Secondary school","Employed","Partnered","Not a parent",0,"Owned without mortgage",28731,6,"Medium-term migrant","Non-disabled",5,6,6,"Fair","None or almost none","Neither agree nor disagree","Sometimes easy, sometimes hard",6,7,7,5,"Yes",11,"Yes, often","Yes, sometimes",2,"Easy","Easy","Easy",7,"No crime here",0,0,"None of the time","Easy","0","2","55-64",1,"   278.1",13248,27
141,739.1891,2018,27,"Male","Asian","Post-secondary NCEA/diploma","Employed","Partnered","Parent",2,"Rented",22071,1,"NZ with NZ parents","Non-disabled",5,8,8,"Excellent","Conversational","Agree","Easy to be myself",4,9,5,6,"Yes",3,"Yes, sometimes","No",3,"Very difficult","Neither easy nor difficult","Easy",5,"No crime here",0,0,"None of the time","Easy","2","3","25-34",1,"   334.4",15456,41
142,2203.955,2018,34,"Male","Asian","Secondary school","Employed","Not partnered","Parent",3,"Rented",32987,10,"NZ with NZ parents","Non-disabled",3,8,8,"Excellent","Basic","Agree","Easy to be myself",7,5,3,1,"Yes",4,"No","Yes, sometimes",2,"Easy","Easy","Very easy",5,"About the same",0,0,"A little of the time","Hard","3","2","25-34",1,"   518.8",23920,42
143,1096.036,2018,40,"Female","Asian","Less than secondary school","Employed","Not partnered","Parent",2,"Rented",43934,10,"NZ with NZ parents","Non-disabled",3,10,10,"Fair","Basic","Strongly disagree","Very easy to be myself",5,4,4,0,"No",3,"Yes, always","Yes, always",2,"Very easy","Very easy","Very easy",3,"No crime here",0,0,"All of the time","Very hard","2","2","35-44",1,"   554.8",25760,75
144,1032.229,2018,67,"Female","Asian","Secondary school","Employed","Not partnered","Not a parent",0,"Owned with mortgage",39432,6,"Long-term migrant","Non-disabled",5,5,7,"Fair","None or almost none","Disagree","Very easy to be myself",5,10,8,10,"No",14,"No","Yes, sometimes",0,"Easy","Very easy","Easy",10,"About the same",0,0,"A little of the time","Easy","0","0","65+",1,"   409.0",18400,8
145,2461.019,2018,67,"Male","Asian","Less than secondary school","Employed","Not partnered","Not a parent",0,"Owned with mortgage",46260,5,"NZ with NZ parents","Disabled",6,10,10,"Very Good","None or almost none","Agree","Very easy to be myself",10,10,6,5,"Yes",20,"No","No",0,"Very easy","Very easy","Very easy",6,"No crime here",0,0,"None of the time","Easy","0","0","65+",1,"   389.6",18032,30
146,903.163,2018,21,"Male","Asian","Secondary school","Employed","Not partnered","Not a parent",0,"Rented",39206,7,"NZ with NZ parents","Non-disabled",8,8,7,"Excellent","None or almost none","Strongly agree","Very easy to be myself",8,9,3,5,"No",15,"No","Yes, sometimes",2,"Very easy","Very easy","Very easy",7,"A little less",1,0,"A little of the time","Sometimes easy, sometimes hard","0","2","15-24",1,"   323.9",14720,46
147,1518.419,2018,37,"Female","Asian","Less than secondary school","Employed","Partnered","Parent",3,"Owned without mortgage",112685,7,"NZ with NZ parents","Non-disabled",2,6,6,"Very Good","Basic","Agree","Sometimes easy, sometimes hard",5,5,2,2,"Yes",10,"Yes, often","Yes, sometimes",3,"Easy","Easy","Very easy",5,"A lot more",0,1,"Some of the time","Sometimes easy, sometimes hard","3","3","35-44",3,"   563.0",25760,75
148,589.1386,2018,40,"Female","Asian","Secondary school","Employed","Partnered","Parent",2,"Owned without mortgage",190633,1,"Long-term migrant","Non-disabled",8,8,8,"Very Good","None or almost none","Agree","Very easy to be myself",7,7,6,6,"Yes",18,"No","No",1,"Easy","Easy","Easy",6,"A lot less",0,0,"A little of the time","Easy","2","1","35-44",3,"   453.1",20608,30
149,2222.694,2018,59,"Male","Asian","Degree","Employed","Not partnered","Not a parent",0,"Owned with mortgage",148019,3,"NZ with NZ parents","Non-disabled",10,8,8,"Very Good","Basic","Neither agree nor disagree","Very easy to be myself",8,8,6,8,"Yes",19,"Yes, sometimes","No",0,"Neither easy nor difficult","Easy","Very easy",5,"About the same",0,1,"None of the time","Very easy","0","0","55-64",3,"   599.1",27232,37
150,1432.664,2018,27,"Male","Asian","Secondary school","Employed","Partnered","Parent",2,"Rented",52318,9,"NZ with NZ parents","Non-disabled",10,8,8,"Good","Fluent","Disagree","Sometimes easy, sometimes hard",4,7,3,5,"Yes",9,"No","No",3,"Very easy","Very easy","Very easy",8,"Moved here recently",0,0,"None of the time","Very easy","2","3","25-34",2,"   355.8",16192,21
151,789.9224,2018,58,"Male","Asian","Less than secondary school","Employed","Partnered","Not a parent",0,"Owned without mortgage",116809,4,"NZ with NZ parents","Non-disabled",5,7,8,"Good","None or almost none","Strongly agree","Very easy to be myself",10,10,5,7,"Yes",14,"No","No",0,"Very easy","Very easy","Very easy",0,"A little more",0,0,"Some of the time","Sometimes easy, sometimes hard","0","0","55-64",3,"   577.6",26496,56
152,1549.818,2018,56,"Female","Asian","Secondary school","Employed","Partnered","Not a parent",0,"Rented",171058,6,"Long-term migrant","Non-disabled",8,6,7,"Good","None or almost none","Disagree","Very easy to be myself",8,10,5,8,"Yes",16,"Yes, sometimes","Yes, sometimes",0,"Easy","Easy","Easy",0,"A lot less",0,0,"Some of the time","Very hard","0","0","55-64",3,"   542.7",25392,64
153,5006.528,2018,60,"Male","Asian","Degree","Employed","Not partnered","Not a parent",0,"Owned without mortgage",36481,5,"Long-term migrant","Disabled",5,6,8,"Good","Basic","Strongly agree","Very easy to be myself",6,5,2,0,"Yes",14,"No","No",0,"Very easy","Very easy","Very easy",2,"No crime here",0,1,"A little of the time","Sometimes easy, sometimes hard","0","0","55-64",1,"  1261.4",57776,33
154,1604.264,2018,27,"Female","Asian","Degree","Employed","Partnered","Not a parent",0,"Rented",70758,6,"Recent migrant","Non-disabled",10,10,10,"Very Good","None or almost none","Agree","Sometimes easy, sometimes hard",10,9,4,9,"No",18,"No","No",4,"Easy","Very easy","Very easy",10,"Moved here recently",1,0,"None of the time","Easy","0","4+","25-34",2,"   311.0",14352,22
155,1680.41,2018,73,"Male","Asian","Degree","Employed","Not partnered","Not a parent",0,"Owned without mortgage",37080,3,"NZ with NZ parents","Non-disabled",7,9,9,"Excellent","Conversational","Agree","Easy to be myself",7,8,6,7,"Yes",12,"Yes, often","Yes, sometimes",0,"Easy","Very easy","Very difficult",5,"About the same",0,0,"None of the time","Easy","0","0","65+",1,"   297.9",13616,27
156,2123.739,2018,80,"Male","Asian","Less than secondary school","Employed","Not partnered","Not a parent",0,"Rented",46594,9,"NZ with overseas parent(s)","Disabled",4,7,8,"Fair","None or almost none","Neither agree nor disagree","Easy to be myself",5,10,2,5,"Yes",9,"Yes, sometimes","Yes, sometimes",3,"Easy","Easy","Very easy",1,"About the same",0,0,"None of the time","Easy","0","3","65+",1,"   359.2",16928,20
157,1754.126,2018,73,"Female","Asian","Less than secondary school","Employed","Not partnered","Not a parent",0,"Owned with mortgage",34780,8,"NZ with overseas parent(s)","Non-disabled",7,3,8,"Poor","None or almost none","Agree","Very easy to be myself",10,7,0,5,"Yes",20,"Yes, sometimes","No",0,"Very easy","Very easy","Very difficult",10,"About the same",0,1,"None of the time","Very easy","0","0","65+",1,"   240.5",11408,8
158,2325.511,2018,23,"Female","Asian","Less than secondary school","Employed","Not partnered","Not a parent",0,"Rented",67610,5,"NZ with overseas parent(s)","Non-disabled",5,7,9,"Very Good","None or almost none","Agree","Very easy to be myself",9,9,5,6,"Not eligible",17,"No","Yes, sometimes",4,"Very easy","Very easy","Very easy",5,"No crime here",0,0,"A little of the time","Easy","0","4+","15-24",2,"   340.1",15824,32
159,1496.693,2018,21,"Male","Asian","Degree","Employed","Not partnered","Not a parent",0,"Owned without mortgage",33217,10,"NZ with NZ parents","Non-disabled",0,8,6,"Very Good","None or almost none","Neither agree nor disagree","Easy to be myself",7,9,4,3,"Yes",9,"Yes, sometimes","Yes, sometimes",0,"Easy","Very easy","Easy",2,"A little more",0,0,"A little of the time","Sometimes easy, sometimes hard","0","0","15-24",1,"   695.7",32384,45
160,842.0727,2018,25,"Male","Asian","Less than secondary school","Employed","Partnered","Parent",2,"Owned without mortgage",165617,6,"NZ with NZ parents","Non-disabled",6,10,8,"Very Good","None or almost none","Strongly agree","Very easy to be myself",6,8,6,6,"Yes",18,"No","No",1,"Easy","Very easy","Very difficult",10,"Moved here recently",0,0,"None of the time","Easy","2","1","25-34",3,"   502.9",23184,36
161,1836.053,2018,59,"Male","Asian","Less than secondary school","Employed","Not partnered","Not a parent",0,"Rented",19157,7,"NZ with NZ parents","Non-disabled",8,5,5,"Good","None or almost none","Agree","Easy to be myself",8,9,7,7,"No",12,"Yes, sometimes","No",3,"Easy","Very easy","Very easy",8,"No crime here",0,0,"Most of the time","Sometimes easy, sometimes hard","0","3","55-64",1,"   324.4",14720,34
162,887.7571,2018,70,"Female","Asian","Post-secondary NCEA/diploma","Employed","Partnered","Not a parent",0,"Rented",48416,6,"Long-term migrant","Non-disabled",7,7,6,"Fair","None or almost none","Agree","Very easy to be myself",2,5,5,4,"Yes",13,"Yes, often","Yes, sometimes",1,"Easy","Very easy","Very difficult",2,"No crime here",0,0,"A little of the time","Easy","0","1","65+",1,"   620.6",28336,32
163,1365.587,2018,51,"Male","Asian","Post-secondary NCEA/diploma","Employed","Not partnered","Not a parent",0,"Rented",170745,3,"NZ with overseas parent(s)","Non-disabled",8,9,9,"Very Good","Basic","Strongly agree","Easy to be myself",8,8,4,7,"Yes",13,"Yes, sometimes","Yes, always",0,"Very easy","Very easy","Easy",10,"About the same",0,0,"A little of the time","Easy","0","0","45-54",3,"   953.0",43792,42
164,419.4825,2018,51,"Female","Asian","Secondary school","Employed","Partnered","Parent",2,"Rented",75271,7,"Recent migrant","Non-disabled",6,9,9,"Excellent","None or almost none","Neither agree nor disagree","Easy to be myself",8,9,4,3,"Yes",10,"Yes, sometimes","No",2,"Very easy","Easy","Very easy",4,"About the same",0,0,"A little of the time","Easy","2","2","45-54",2,"   322.8",15088,19
165,692.3255,2018,66,"Male","Asian","Less than secondary school","Employed","Not partnered","Not a parent",0,"Rented",41573,10,"NZ with NZ parents","Non-disabled",8,7,9,"Very Good","Conversational","Agree","Easy to be myself",7,7,5,7,"Yes",17,"No","No",1,"Easy","Very easy","Very easy",10,"No crime here",0,0,"A little of the time","Sometimes easy, sometimes hard","0","1","65+",1,"   501.1",22816,20
166,1381.451,2018,20,"Female","Asian","Less than secondary school","Employed","Not partnered","Not a parent",0,"Owned without mortgage",107929,6,"Long-term migrant","Non-disabled",7,9,7,"Excellent","Basic","Agree","Easy to be myself",8,9,5,7,"Not eligible",15,"No","No",0,"Easy","Easy","Very difficult",4,"No crime here",0,0,"Some of the time","Very easy","0","0","15-24",3,"   916.7",42320,30
167,1247.236,2018,67,"Female","Asian","Less than secondary school","Employed","Not partnered","Not a parent",0,"Owned with mortgage",36055,8,"NZ with NZ parents","Disabled",10,7,5,"Fair","None or almost none","Strongly disagree","Very easy to be myself",2,8,4,5,"Yes",19,"Yes, sometimes","No",0,"Easy","Very easy","Very easy",3,"About the same",1,0,"None of the time","Hard","0","0","65+",1,"   296.1",13616,32
168,1197.498,2018,57,"Female","Asian","Secondary school","Employed","Not partnered","Not a parent",0,"Rented",20892,3,"NZ with NZ parents","Non-disabled",10,5,7,"Good","None or almost none","Strongly disagree","Sometimes easy, sometimes hard",8,7,2,8,"Yes",17,"Yes, sometimes","Yes, sometimes",0,"Very easy","Very easy","Very easy",2,"About the same",0,0,"A little of the time","Hard","0","0","55-64",1,"   324.6",15088,34
169,2131.385,2018,49,"Male","Asian","Less than secondary school","Employed","Not partnered","Not a parent",0,"Owned with mortgage",77062,10,"NZ with NZ parents","Non-disabled",10,7,10,"Excellent","None or almost none","Agree","Very easy to be myself",4,4,0,5,"Yes",12,"No","Yes, sometimes",3,"Very easy","Very easy","Very difficult",4,"Moved here recently",0,1,"Most of the time","Very easy","0","3","45-54",2,"   368.1",16928,20
170,1963.606,2018,39,"Male","Asian","Less than secondary school","Employed","Not partnered","Parent",2,"Rented",47148,7,"NZ with NZ parents","Non-disabled",8,8,8,"Good","None or almost none","Disagree","Hard to be myself",4,8,10,5,"Yes",9,"Yes, always","Yes, sometimes",3,"Easy","Very easy","Very easy",0,"A little less",0,0,"Some of the time","Very easy","2","3","35-44",1,"   415.2",18768,38
171,1083.699,2018,68,"Female","Asian","Secondary school","Employed","Partnered","Not a parent",0,"Owned with mortgage",39116,4,"NZ with NZ parents","Disabled",5,5,5,"Good","None or almost none","Neither agree nor disagree","Easy to be myself",3,4,0,5,"Yes",7,"Yes, often","Yes, sometimes",0,"Easy","Easy","Easy",4,"A little more",0,0,"A little of the time","Hard","0","0","65+",1,"   435.0",19872,30
172,1818.115,2018,41,"Male","Asian","Less than secondary school","Employed","Partnered","Parent",2,"Owned without mortgage",51514,9,"Long-term migrant","Non-disabled",3,8,8,"Very Good","None or almost none","Neither agree nor disagree","Sometimes easy, sometimes hard",8,10,5,7,"Yes",2,"Yes, often","Yes, sometimes",0,"Very easy","Very easy","Very easy",8,"No crime here",0,0,"A little of the time","Easy","2","0","35-44",2,"  1895.0",87584,61
173,1967.572,2018,69,"Female","Asian","Secondary school","Employed","Not partnered","Not a parent",0,"Owned with mortgage",62594,6,"Long-term migrant","Non-disabled",7,10,10,"Excellent","Basic","Agree","Easy to be myself",7,9,7,7,"Yes",18,"No","No",0,"Very easy","Very easy","Easy",3,"A little more",0,0,"None of the time","Very easy","0","0","65+",2,"   311.2",13984,5
174,1075.66,2018,53,"Male","Asian","Degree","Employed","Not partnered","Not a parent",0,"Owned without mortgage",65236,7,"NZ with unknown origin parents","Non-disabled",5,8,10,"Very Good","Conversational","Agree","Very easy to be myself",3,5,0,1,"Yes",13,"Yes, always","Yes, sometimes",0,"Very easy","Very easy","Very difficult",10,"A little more",0,0,"None of the time","Very easy","0","0","45-54",2,"  2542.8",116656,52
175,1824.183,2018,74,"Male","Asian","Secondary school","Employed","Partnered","Not a parent",0,"Owned with mortgage",33186,6,"NZ with NZ parents","Non-disabled",6,8,8,"Very Good","None or almost none","Neither agree nor disagree","Very easy to be myself",8,9,5,5,"Yes",10,"No","No",3,"Difficult","Very easy","Very easy",7,"About the same",0,0,"None of the time","Very easy","0","3","65+",1,"   446.0",20608,23
176,1995.288,2018,42,"Female","Asian","Less than secondary school","Employed","Partnered","Parent",3,"Owned without mortgage",27656,5,"NZ with NZ parents","Non-disabled",6,5,8,"Good","Basic","Neither agree nor disagree","Sometimes easy, sometimes hard",5,7,5,4,"Yes",9,"No","No",0,"Neither easy nor difficult","Neither easy nor difficult","Very difficult",7,"No crime here",0,0,"None of the time","Easy","3","0","35-44",1,"   229.0",10304,22
177,1226.659,2018,70,"Female","Asian","Post-secondary NCEA/diploma","Employed","Not partnered","Not a parent",0,"Owned with mortgage",57741,6,"NZ with NZ parents","Disabled",5,8,8,"Good","Basic","Neither agree nor disagree","Very easy to be myself",2,3,2,4,"No",14,"Yes, sometimes","No",0,"Neither easy nor difficult","Neither easy nor difficult","Difficult",3,"About the same",1,0,"A little of the time","Very easy","0","0","65+",2,"   373.7",17296,32
178,804.238,2018,56,"Female","Asian","Post-secondary NCEA/diploma","Employed","Not partnered","Not a parent",0,"Owned with mortgage",19944,7,"NZ with NZ parents","Non-disabled",6,8,9,"Very Good","None or almost none","Neither agree nor disagree","Easy to be myself",7,6,5,5,"Yes",16,"Yes, sometimes","No",0,"Easy","Easy","Neither easy nor difficult",4,"About the same",0,0,"Some of the time","Sometimes easy, sometimes hard","0","0","55-64",1,"   310.4",14720,25
179,1282.4,2018,61,"Female","Asian","Degree","Employed","Partnered","Parent",2,"Rented",145984,2,"NZ with NZ parents","Non-disabled",5,8,8,"Good","None or almost none","Agree","Very easy to be myself",9,10,7,8,"No",19,"Not applicable","No",2,"Easy","Very easy","Very easy",5,"Moved here recently",0,0,"Some of the time","Sometimes easy, sometimes hard","2","2","55-64",3,"   945.2",43424,19
180,1145.164,2018,84,"Female","Asian","Less than secondary school","Employed","Not partnered","Not a parent",0,"Owned with mortgage",42000,6,"NZ with NZ parents","Non-disabled",9,9,9,"Very Good","None or almost none","Disagree","Easy to be myself",8,9,7,7,"Yes",17,"Yes, often","Yes, sometimes",0,"Very easy","Very easy","Very easy",5,"A little more",1,0,"None of the time","Very easy","0","0","65+",1,"   528.2",24288,34
181,1553.138,2018,27,"Female","Asian","Post-secondary NCEA/diploma","Employed","Not partnered","Not a parent",0,"Rented",143628,1,"Medium-term migrant","Non-disabled",5,9,9,"Very Good","None or almost none","Agree","Very easy to be myself",9,9,8,7,"No",13,"No","No",3,"Easy","Very easy","Easy",6,"A little more",0,0,"None of the time","Easy","0","3","25-34",3,"   719.5",33488,55
182,5212.942,2018,35,"Female","Asian","Less than secondary school","Employed","Partnered","Parent",1,"Owned without mortgage",48647,10,"Long-term migrant","Non-disabled",2,7,7,"Very Good","None or almost none","Agree","Easy to be myself",8,10,5,6,"Yes",8,"Yes, often","No",0,"Easy","Easy","Easy",6,"A lot less",0,0,"None of the time","Easy","1","0","35-44",1,"   270.5",12880,33
183,1168.04,2018,38,"Female","Asian","Degree","Employed","Not partnered","Not a parent",0,"Rented",44968,6,"NZ with NZ parents","Non-disabled",2,5,7,"Good","None or almost none","Agree","Sometimes easy, sometimes hard",8,7,4,5,"Yes",11,"Yes, often","Yes, sometimes",3,"Difficult","Very easy","Very difficult",8,"About the same",0,0,"None of the time","Sometimes easy, sometimes hard","0","3","35-44",1,"   356.8",16192,33
184,748.0453,2018,55,"Male","Asian","Secondary school","Employed","Not partnered","Parent",1,"Owned without mortgage",19891,10,"Long-term migrant","Non-disabled",8,9,9,"Good","None or almost none","Neither agree nor disagree","Sometimes easy, sometimes hard",6,9,9,6,"No",17,"Not applicable","No",2,"Easy","Easy","Easy",9,"Moved here recently",0,0,"None of the time","Easy","1","2","55-64",1,"   632.4",29072,37
185,2198.188,2018,57,"Female","Asian","Secondary school","Employed","Not partnered","Not a parent",0,"Owned with mortgage",43936,9,"NZ with overseas parent(s)","Disabled",0,3,3,"Poor","Basic","Neither agree nor disagree","Easy to be myself",4,4,4,4,"Yes",4,"Yes, often","Yes, sometimes",0,"Difficult","Neither easy nor difficult","Easy",0,"No crime here",0,0,"All of the time","Hard","0","0","55-64",1,"   349.9",16192,16
186,856.4442,2018,67,"Male","Asian","Post-secondary NCEA/diploma","Employed","Partnered","Not a parent",0,"Owned with mortgage",218610,7,"NZ with NZ parents","Non-disabled",10,9,9,"Excellent","None or almost none","Agree","Very easy to be myself",8,9,5,5,"Yes",17,"No","No",1,"Very easy","Very easy","Difficult",9,"About the same",0,0,"None of the time","Very easy","0","1","65+",3,"  1796.6",82800,38
187,887.7644,2018,26,"Female","Asian","Less than secondary school","Employed","Partnered","Not a parent",0,"Rented",136499,5,"NZ with NZ parents","Non-disabled",10,7,7,"Very Good","Basic","Neither agree nor disagree","Easy to be myself",6,7,5,6,"Yes",17,"Yes, sometimes","Yes, sometimes",3,"Easy","Easy","Neither easy nor difficult",7,"About the same",0,0,"None of the time","Sometimes easy, sometimes hard","0","3","25-34",3,"   537.9",25024,36
188,1521.481,2018,65,"Male","Asian","Secondary school","Employed","Partnered","Not a parent",0,"Owned with mortgage",176018,3,"Long-term migrant","Disabled",10,10,10,"Good","None or almost none","Disagree","Easy to be myself",10,10,5,5,"Yes",19,"No","No",0,"Very easy","Easy","Easy",7,"No crime here",0,0,"None of the time","Very easy","0","0","65+",3,"  1809.9",82800,38
189,2789.396,2018,57,"Male","Asian","Secondary school","Employed","Not partnered","Not a parent",0,"Owned without mortgage",10123,8,"NZ with NZ parents","Non-disabled",2,8,10,"Very Good","None or almost none","Neither agree nor disagree","Very easy to be myself",0,5,0,1,"Yes",3,"Yes, always","Yes, always",0,"Easy","Easy","Very difficult",4,"A lot more",0,0,"None of the time","Very hard","0","0","55-64",1,"   535.5",25024,29
190,647.8976,2018,39,"Female","Asian","Degree","Employed","Partnered","Parent",2,"Owned without mortgage",118927,3,"Recent migrant","Non-disabled",4,8,8,"Good","None or almost none","Neither agree nor disagree","Easy to be myself",9,9,9,9,"Yes",16,"Yes, sometimes","No",2,"Easy","Very easy","Easy",8,"No crime here",0,0,"A little of the time","Sometimes easy, sometimes hard","2","2","35-44",3,"   470.3",21712,36
191,856.3581,2018,22,"Female","Asian","Less than secondary school","Employed","Not partnered","Not a parent",0,"Rented",284001,10,"NZ with NZ parents","Non-disabled",9,10,10,"Very Good","Basic","Strongly agree","Very easy to be myself",10,10,5,5,"Yes",18,"No","Yes, sometimes",1,"Very easy","Very easy","Very easy",1,"A lot less",0,0,"None of the time","Very easy","0","1","15-24",3,"   357.7",16560,6
192,10195.84,2018,70,"Female","European/Other","Less than secondary school","Employed","Not partnered","Not a parent",0,"Rented",30587,9,"NZ with NZ parents","Non-disabled",7,6,6,"Good","None or almost none","Disagree","Easy to be myself",7,8,7,5,"Yes",17,"No","No",0,"Easy","Easy","Easy",6,"A lot less",0,0,"A little of the time","Sometimes easy, sometimes hard","0","0","65+",1,"   592.1",27600,34
193,10439.71,2018,34,"Male","European/Other","Degree","Employed","Not partnered","Not a parent",0,"Rented",40557,9,"Recent migrant","Non-disabled",6,9,10,"Very Good","None or almost none","Neither agree nor disagree","Very easy to be myself",9,10,5,8,"No",16,"Yes, sometimes","Yes, sometimes",2,"Very easy","Very easy","Very easy",7,"No crime here",0,0,"A little of the time","Very easy","0","2","25-34",1,"   488.8",22080,32
194,7896.777,2018,50,"Male","European/Other","Degree","Employed","Partnered","Parent",3,"Owned without mortgage",174195,3,"Long-term migrant","Non-disabled",10,9,9,"Very Good","Basic","Disagree","Very easy to be myself",7,9,5,5,"Yes",17,"No","No",0,"Easy","Very easy","Difficult",8,"A little more",0,0,"None of the time","Very easy","3","0","45-54",3,"   404.1",18768,32
195,6606.537,2018,53,"Female","European/Other","Degree","Employed","Not partnered","Parent",2,"Owned without mortgage",82678,2,"NZ with NZ parents","Non-disabled",4,8,10,"Very Good","Conversational","Agree","Very easy to be myself",8,10,5,7,"Yes",7,"Yes, sometimes","No",0,"Neither easy nor difficult","Very easy","Very difficult",8,"No crime here",0,0,"None of the time","Easy","2","0","45-54",2,"   572.7",26128,13
196,18787.79,2018,55,"Male","European/Other","Post-secondary NCEA/diploma","Employed","Not partnered","Not a parent",0,"Owned without mortgage",93097,5,"Long-term migrant","Non-disabled",7,5,10,"Poor","Basic","Agree","Sometimes easy, sometimes hard",7,10,5,4,"Yes",6,"No","No",3,"Very easy","Easy","Easy",4,"A little more",0,1,"A little of the time","Very easy","0","3","55-64",2,"  1144.6",52992,14
197,14244.96,2018,19,"Female","European/Other","Secondary school","Employed","Partnered","Not a parent",0,"Owned without mortgage",160592,9,"NZ with NZ parents","Non-disabled",8,7,8,"Very Good","None or almost none","Agree","Easy to be myself",6,7,4,2,"Yes",12,"No","No",1,"Easy","Very easy","Difficult",3,"About the same",0,0,"None of the time","Sometimes easy, sometimes hard","0","1","15-24",3,"   101.4",4784,11
198,3761.509,2018,39,"Male","European/Other","Secondary school","Employed","Not partnered","Parent",1,"Rented",41677,10,"NZ with NZ parents","Non-disabled",4,6,5,"Good","Conversational","Agree","Very easy to be myself",5,9,5,9,"Yes",12,"No","No",0,"Very easy","Very easy","Very easy",8,"No crime here",0,0,"A little of the time","Very easy","1","0","35-44",1,"  1452.2",66976,33
199,9403.819,2018,29,"Male","European/Other","Degree","Employed","Not partnered","Not a parent",0,"Owned with mortgage",110256,2,"NZ with overseas parent(s)","Non-disabled",7,8,8,"Very Good","None or almost none","Agree","Easy to be myself",5,6,5,5,"Yes",18,"No","No",0,"Easy","Very easy","Easy",9,"About the same",0,1,"None of the time","Very easy","0","0","25-34",3,"  1001.1",46368,34
200,5275.312,2018,53,"Male","European/Other","Degree","Employed","Not partnered","Not a parent",0,"Owned without mortgage",32033,5,"NZ with overseas parent(s)","Non-disabled",8,7,8,"Excellent","None or almost none","Disagree","Very easy to be myself",9,10,7,8,"Yes",19,"Yes, sometimes","No",0,"Very easy","Very easy","Very easy",10,"About the same",0,0,"None of the time","Very easy","0","0","45-54",1,"  1471.2",67344,26
201,2103.943,2018,22,"Female","European/Other","Less than secondary school","Employed","Not partnered","Not a parent",0,"Owned without mortgage",83411,1,"Long-term migrant","Non-disabled",4,8,7,"Very Good","None or almost none","Neither agree nor disagree","Very easy to be myself",7,8,7,7,"Not eligible",17,"No","No",0,"Very easy","Very easy","Easy",8,"No crime here",0,0,"None of the time","Very easy","0","0","15-24",2,"   109.4",4784,21
202,6807.287,2018,22,"Male","European/Other","Degree","Employed","Not partnered","Not a parent",0,"Owned without mortgage",13393,10,"Long-term migrant","Non-disabled",6,10,10,"Good","None or almost none","Strongly agree","Very easy to be myself",6,4,2,7,"Yes",6,"Yes, sometimes","No",0,"Very easy","Very easy","Very easy",5,"A little more",0,0,"None of the time","Sometimes easy, sometimes hard","0","0","15-24",1,"   433.1",20240,38
203,2553.963,2018,55,"Male","European/Other","Degree","Employed","Not partnered","Not a parent",0,"Owned with mortgage",97577,7,"NZ with overseas parent(s)","Disabled",6,8,8,"Poor","None or almost none","Neither agree nor disagree","Very easy to be myself",6,7,5,7,"Yes",17,"Yes, often","Yes, sometimes",0,"Very easy","Very easy","Very difficult",4,"About the same",0,1,"None of the time","Very hard","0","0","55-64",2,"   855.1",39744,31
204,3087.116,2018,56,"Female","European/Other","Secondary school","Employed","Partnered","Not a parent",0,"Owned without mortgage",215573,5,"NZ with overseas parent(s)","Disabled",8,8,8,"Good","None or almost none","Neither agree nor disagree","Sometimes easy, sometimes hard",7,5,3,4,"Yes",16,"Yes, often","No",1,"Easy","Very easy","Very easy",7,"About the same",0,0,"None of the time","Sometimes easy, sometimes hard","0","1","55-64",3,"   237.4",10672,11
205,2399.434,2018,43,"Female","European/Other","Degree","Employed","Partnered","Parent",2,"Rented",105919,4,"NZ with NZ parents","Non-disabled",10,10,10,"Good","Conversational","Neither agree nor disagree","Easy to be myself",5,5,5,5,"Yes",20,"No","No",2,"Very easy","Very easy","Very easy",5,"About the same",0,0,"None of the time","Very easy","2","2","35-44",3,"  1322.1",60720,96
206,10279.37,2018,25,"Male","European/Other","Degree","Employed","Partnered","Not a parent",0,"Owned without mortgage",104488,1,"Long-term migrant","Non-disabled",5,8,8,"Excellent","None or almost none","Agree","Sometimes easy, sometimes hard",6,8,2,5,"Yes",17,"No","No",1,"Very easy","Very easy","Very easy",2,"No crime here",1,1,"None of the time","Very easy","0","1","25-34",3,"  1103.5",51152,32
207,10006.01,2018,55,"Male","European/Other","Post-secondary NCEA/diploma","Employed","Not partnered","Not a parent",0,"Owned without mortgage",47293,8,"NZ with NZ parents","Non-disabled",5,0,7,"Fair","None or almost none","Disagree","Sometimes easy, sometimes hard",6,7,5,4,"Yes",9,"Yes, sometimes","No",0,"Very easy","Very easy","Neither easy nor difficult",7,"A little more",0,1,"A little of the time","Very easy","0","0","55-64",1,"   712.8",33120,30
208,34970.11,2018,39,"Female","European/Other","Degree","Employed","Partnered","Parent",2,"Owned without mortgage",69674,2,"Long-term migrant","Non-disabled",9,9,9,"Excellent","Basic","Neither agree nor disagree","Sometimes easy, sometimes hard",8,9,8,7,"Yes",17,"No","No",1,"Easy","Neither easy nor difficult","Easy",5,"Moved here recently",0,0,"None of the time","Easy","2","1","35-44",2,"  1130.0",52256,32
209,40054.27,2018,57,"Male","European/Other","Degree","Employed","Not partnered","Not a parent",0,"Owned with mortgage",92903,4,"Long-term migrant","Non-disabled",8,5,8,"Fair","Basic","Neither agree nor disagree","Sometimes easy, sometimes hard",9,10,1,6,"Yes",13,"Not applicable","No",2,"Very easy","Very easy","Very easy",10,"About the same",0,0,"A little of the time","Very easy","0","2","55-64",2,"   539.8",25024,36
210,17799.59,2018,73,"Male","European/Other","Post-secondary NCEA/diploma","Employed","Partnered","Not a parent",0,"Owned with mortgage",68246,5,"NZ with NZ parents","Disabled",8,4,4,"Fair","None or almost none","Neither agree nor disagree","Easy to be myself",8,10,2,7,"Yes",14,"Yes, often","No",0,"Very easy","Easy","Very easy",3,"No crime here",0,0,"A little of the time","Sometimes easy, sometimes hard","0","0","65+",2,"   341.1",15824,14
211,6459.327,2018,55,"Male","European/Other","Less than secondary school","Employed","Partnered","Parent",1,"Owned without mortgage",35971,5,"NZ with NZ parents","Non-disabled",0,4,4,"Good","Basic","Neither agree nor disagree","Easy to be myself",6,8,7,6,"Yes",1,"Yes, often","Yes, sometimes",0,"Easy","Easy","Easy",5,"No crime here",1,0,"Some of the time","Very hard","1","0","55-64",1,"   960.0",44160,36
212,8582.258,2018,49,"Male","European/Other","Degree","Employed","Not partnered","Not a parent",0,"Owned without mortgage",210242,8,"NZ with NZ parents","Non-disabled",5,8,10,"Excellent","Basic","Agree","Very easy to be myself",4,9,3,5,"Yes",7,"No","Yes, sometimes",0,"Very easy","Very easy","Easy",10,"A lot more",0,1,"None of the time","Sometimes easy, sometimes hard","0","0","45-54",3,"  1731.1",79856,44
213,4850.232,2018,62,"Male","European/Other","Degree","Employed","Not partnered","Not a parent",0,"Owned with mortgage",390159,5,"NZ with NZ parents","Non-disabled",10,9,8,"Excellent","Basic","Strongly agree","Very easy to be myself",8,9,6,8,"Yes",20,"Yes, sometimes","No",0,"Very easy","Very easy","Very easy",6,"About the same",0,0,"None of the time","Very easy","0","0","55-64",3,"   972.2",44896,32
214,3521.626,2018,64,"Male","European/Other","Degree","Employed","Not partnered","Not a parent",0,"Owned with mortgage",170383,4,"NZ with NZ parents","Non-disabled",8,7,8,"Good","Conversational","Strongly agree","Sometimes easy, sometimes hard",7,8,4,5,"Yes",16,"No","No",0,"Very easy","Very easy","Very easy",10,"About the same",1,1,"A little of the time","Sometimes easy, sometimes hard","0","0","55-64",3,"   406.3",19136,30
215,5716.5,2018,16,"Male","European/Other","Less than secondary school","Employed","Not partnered","Not a parent",0,"Rented",29244,10,"NZ with NZ parents","Non-disabled",5,10,10,"Fair","Basic","Strongly agree","Sometimes easy, sometimes hard",5,10,5,8,"Yes",12,"Yes, often","No",1,"Very easy","Very easy","Very difficult",5,"Moved here recently",0,0,"None of the time","Easy","0","1","15-24",1,"  1014.8",46736,122
216,8396.432,2018,29,"Male","European/Other","Less than secondary school","Employed","Not partnered","Parent",3,"Rented",41823,10,"NZ with NZ parents","Non-disabled",5,7,7,"Good","None or almost none","Strongly agree","Very easy to be myself",7,7,5,5,"Yes",3,"No","Yes, sometimes",3,"Easy","Easy","Easy",7,"About the same",0,0,"A little of the time","Easy","3","3","25-34",1,"   531.8",24656,32
217,7220.856,2018,58,"Male","European/Other","Post-secondary NCEA/diploma","Employed","Not partnered","Not a parent",0,"Owned without mortgage",52225,5,"NZ with overseas parent(s)","Non-disabled",5,8,8,"Good","None or almost none","Agree","Easy to be myself",5,6,2,4,"Yes",10,"No","No",0,"Easy","Easy","Easy",5,"A lot more",0,1,"None of the time","Easy","0","0","55-64",2,"   300.5",13616,23
218,11953.35,2018,22,"Male","European/Other","Less than secondary school","Employed","Not partnered","Not a parent",0,"Owned without mortgage",13739,1,"NZ with overseas parent(s)","Non-disabled",2,8,8,"Good","Basic","Agree","Easy to be myself",7,8,5,7,"Not eligible",15,"No","No",0,"Neither easy nor difficult","Very easy","Neither easy nor difficult",7,"No crime here",0,1,"None of the time","Sometimes easy, sometimes hard","0","0","15-24",1,"   652.5",29808,37
219,5406.918,2018,81,"Female","European/Other","Less than secondary school","Employed","Partnered","Not a parent",0,"Owned with mortgage",34031,9,"Long-term migrant","Non-disabled",3,9,9,"Fair","None or almost none","Agree","Easy to be myself",5,10,1,1,"Yes",16,"Yes, sometimes","No",0,"Easy","Easy","Very difficult",3,"About the same",0,0,"None of the time","Very easy","0","0","65+",1,"   554.7",25392,32
220,10860.61,2018,42,"Female","European/Other","Degree","Employed","Partnered","Parent",1,"Owned without mortgage",40344,2,"Long-term migrant","Non-disabled",6,8,8,"Good","None or almost none","Agree","Very easy to be myself",9,10,5,4,"Yes",8,"Yes, sometimes","Yes, sometimes",0,"Easy","Easy","Difficult",7,"About the same",0,0,"Some of the time","Easy","1","0","35-44",1,"   587.8",27232,28
221,20046.92,2018,71,"Female","European/Other","Secondary school","Employed","Partnered","Not a parent",0,"Owned with mortgage",31229,3,"NZ with NZ parents","Disabled",7,8,10,"Very Good","None or almost none","Agree","Very easy to be myself",7,9,6,7,"Yes",15,"Yes, sometimes","No",1,"Easy","Very easy","Easy",7,"A lot less",0,0,"None of the time","Easy","0","1","65+",1,"   386.1",17664,10
222,7389.127,2018,70,"Male","European/Other","Less than secondary school","Employed","Not partnered","Not a parent",0,"Owned with mortgage",59550,8,"NZ with NZ parents","Non-disabled",8,8,8,"Good","None or almost none","Agree","Very easy to be myself",8,9,5,9,"Yes",17,"No","No",0,"Easy","Very easy","Very difficult",9,"About the same",0,0,"A little of the time","Very easy","0","0","65+",2,"   399.5",18032,30
223,3129.558,2018,45,"Male","European/Other","Post-secondary NCEA/diploma","Employed","Not partnered","Not a parent",0,"Owned without mortgage",90228,3,"NZ with overseas parent(s)","Non-disabled",6,9,8,"Very Good","None or almost none","Disagree","Very easy to be myself",7,9,7,7,"Yes",12,"No","No",0,"Very easy","Very easy","Very easy",8,"No crime here",0,0,"None of the time","Very easy","0","0","45-54",2,"  1063.9",48576,28
224,6270.064,2018,20,"Female","European/Other","Less than secondary school","Employed","Partnered","Not a parent",0,"Rented",168241,9,"NZ with NZ parents","Non-disabled",4,5,8,"Very Good","None or almost none","Neither agree nor disagree","Hard to be myself",1,3,3,1,"Yes",8,"Yes, often","Yes, sometimes",2,"Very easy","Very easy","Very difficult",5,"A lot more",0,1,"None of the time","Easy","0","2","15-24",3,"    84.2",4048,6
225,22448.87,2018,25,"Male","European/Other","Degree","Employed","Partnered","Parent",1,"Owned without mortgage",141899,2,"NZ with NZ parents","Non-disabled",6,8,7,"Very Good","Basic","Strongly agree","Very easy to be myself",7,8,8,8,"Yes",18,"Yes, often","Yes, sometimes",3,"Neither easy nor difficult","Neither easy nor difficult","Neither easy nor difficult",3,"Moved here recently",1,0,"None of the time","Sometimes easy, sometimes hard","1","3","25-34",3,"   591.9",27600,40
226,19052.32,2018,60,"Male","European/Other","Secondary school","Employed","Partnered","Not a parent",0,"Owned with mortgage",57680,2,"NZ with overseas parent(s)","Non-disabled",5,9,8,"Excellent","Basic","Strongly agree","Very easy to be myself",8,8,5,7,"Yes",10,"Not applicable","No",1,"Very easy","Very easy","Easy",8,"Moved here recently",0,0,"Some of the time","Very easy","0","1","55-64",2,"   312.2",13984,42
227,4802.648,2018,48,"Male","European/Other","Less than secondary school","Employed","Partnered","Not a parent",0,"Owned with mortgage",198465,4,"Long-term migrant","Non-disabled",0,8,8,"Very Good","None or almost none","Agree","Very easy to be myself",8,9,3,6,"Yes",17,"Yes, often","No",0,"Very easy","Very easy","Easy",3,"No crime here",0,0,"None of the time","Sometimes easy, sometimes hard","0","0","45-54",3,"   408.5",19136,35
228,4443.856,2018,38,"Female","European/Other","Degree","Employed","Partnered","Parent",1,"Rented",115085,9,"Recent migrant","Non-disabled",6,10,10,"Excellent","None or almost none","Agree","Very easy to be myself",7,8,5,6,"No",15,"Not applicable","Yes, sometimes",3,"Very easy","Very easy","Very easy",10,"About the same",0,0,"None of the time","Very easy","1","3","35-44",3,"   215.7",10304,13
229,3799.422,2018,50,"Male","European/Other","Post-secondary NCEA/diploma","Employed","Partnered","Parent",3,"Owned without mortgage",109746,1,"NZ with NZ parents","Non-disabled",2,8,8,"Good","None or almost none","Strongly agree","Very easy to be myself",10,10,3,3,"Yes",5,"No","No",0,"Very easy","Very easy","Very easy",10,"About the same",0,0,"None of the time","Very easy","3","0","45-54",3,"   429.9",19504,22
230,8306.794,2018,49,"Female","European/Other","Degree","Employed","Not partnered","Not a parent",0,"Owned with mortgage",32275,5,"NZ with overseas parent(s)","Non-disabled",10,7,9,"Excellent","None or almost none","Neither agree nor disagree","Easy to be myself",7,9,6,7,"Yes",13,"Yes, sometimes","Yes, sometimes",0,"Very easy","Very easy","Very easy",6,"About the same",0,0,"None of the time","Easy","0","0","45-54",1,"  1884.9",86480,38
231,23625.06,2018,32,"Male","European/Other","Degree","Employed","Partnered","Not a parent",0,"Rented",76389,10,"Recent migrant","Non-disabled",8,7,6,"Very Good","None or almost none","Disagree","Easy to be myself",5,7,5,8,"No",13,"Yes, often","Yes, sometimes",3,"Very easy","Very easy","Difficult",4,"No crime here",0,0,"A little of the time","Easy","0","3","25-34",2,"   801.2",36432,34
232,6286.598,2018,50,"Female","European/Other","Degree","Employed","Partnered","Not a parent",0,"Owned without mortgage",221977,5,"Long-term migrant","Non-disabled",10,8,7,"Very Good","None or almost none","Neither agree nor disagree","Very easy to be myself",8,5,5,5,"Yes",20,"Yes, sometimes","No",0,"Easy","Very easy","Very difficult",5,"About the same",1,0,"None of the time","Easy","0","0","45-54",3,"   831.1",38640,40
233,2804.929,2018,15,"Female","European/Other","Less than secondary school","Employed","Not partnered","Not a parent",0,"Owned without mortgage",175010,1,"NZ with overseas parent(s)","Non-disabled",4,8,7,"Good","Basic","Neither agree nor disagree","Very easy to be myself",7,9,5,8,"Not eligible",15,"Yes, sometimes","No",2,"Easy","Very easy","Neither easy nor difficult",6,"About the same",0,0,"A little of the time","Easy","0","2","15-24",3,"   177.8",8096,19
234,7767.998,2018,64,"Female","European/Other","Degree","Employed","Not partnered","Not a parent",0,"Owned without mortgage",165962,7,"Long-term migrant","Non-disabled",9,4,7,"Very Good","None or almost none","Agree","Easy to be myself",5,9,4,7,"Yes",11,"Yes, sometimes","No",2,"Easy","Very easy","Very easy",8,"About the same",0,0,"None of the time","Easy","0","2","55-64",3,"  1754.9",80592,127
235,6873.633,2018,20,"Female","European/Other","Less than secondary school","Employed","Not partnered","Not a parent",0,"Rented",89424,9,"NZ with NZ parents","Non-disabled",6,8,9,"Excellent","Basic","Neither agree nor disagree","Very easy to be myself",6,5,3,3,"No",13,"No","No",1,"Easy","Very easy","Very easy",0,"No crime here",0,0,"None of the time","Very easy","0","1","15-24",2,"   305.6",14352,42
236,6572.529,2018,23,"Female","European/Other","Less than secondary school","Employed","Partnered","Not a parent",0,"Owned with mortgage",99912,8,"NZ with NZ parents","Non-disabled",10,10,10,"Very Good","None or almost none","Neither agree nor disagree","Easy to be myself",7,8,7,8,"Not eligible",14,"No","No",1,"Very easy","Very easy","Easy",0,"Moved here recently",0,0,"None of the time","Easy","0","1","15-24",2,"   103.0",5152,19
237,10569.93,2018,15,"Female","European/Other","Less than secondary school","Employed","Not partnered","Not a parent",0,"Rented",75959,1,"NZ with NZ parents","Non-disabled",7,9,9,"Very Good","Basic","Agree","Very easy to be myself",9,9,5,0,"No",3,"No","No",2,"Neither easy nor difficult","Very easy","Very easy",10,"No crime here",0,0,"A little of the time","Very easy","0","2","15-24",2,"   366.7",16560,2
238,5474.505,2018,96,"Male","European/Other","Less than secondary school","Employed","Not partnered","Not a parent",0,"Rented",45269,5,"NZ with overseas parent(s)","Disabled",8,9,9,"Fair","None or almost none","Disagree","Easy to be myself",9,9,6,6,"Yes",12,"No","No",0,"Very easy","Very easy","Very difficult",9,"A little more",0,0,"Some of the time","Very hard","0","0","65+",1,"   164.5",7728,40
239,4344.989,2018,35,"Female","European/Other","Less than secondary school","Employed","Partnered","Parent",2,"Owned without mortgage",121383,9,"NZ with NZ parents","Non-disabled",6,5,9,"Good","Fluent","Agree","Very easy to be myself",5,3,1,1,"Yes",7,"No","No",3,"Very easy","Very easy","Difficult",7,"No crime here",0,0,"A little of the time","Easy","2","3","35-44",3,"   406.9",19136,29
240,5182.866,2018,41,"Female","European/Other","Degree","Employed","Partnered","Parent",3,"Owned without mortgage",138680,1,"Long-term migrant","Non-disabled",8,7,8,"Very Good","None or almost none","Strongly agree","Sometimes easy, sometimes hard",7,8,5,7,"Yes",18,"No","No",0,"Very easy","Very easy","Very easy",5,"No crime here",0,1,"None of the time","Sometimes easy, sometimes hard","3","0","35-44",3,"  1952.4",89792,102
241,23230.91,2018,37,"Female","European/Other","Secondary school","Employed","Partnered","Parent",2,"Rented",71440,9,"Recent migrant","Non-disabled",5,8,7,"Good","None or almost none","Agree","Easy to be myself",6,5,8,10,"No",11,"Yes, sometimes","Yes, sometimes",3,"Neither easy nor difficult","Easy","Easy",6,"A little less",0,0,"None of the time","Easy","2","3","35-44",2,"   449.9",20240,17
242,9007.887,2018,35,"Female","European/Other","Degree","Employed","Not partnered","Not a parent",0,"Owned without mortgage",25425,2,"NZ with overseas parent(s)","Non-disabled",7,3,4,"Poor","None or almost none","Disagree","Easy to be myself",8,9,6,5,"Yes",18,"No","No",1,"Easy","Very easy","Very easy",8,"A little less",0,0,"Most of the time","Easy","0","1","35-44",1,"  1316.0",60352,6
243,21048.87,2018,25,"Female","European/Other","Secondary school","Employed","Partnered","Parent",2,"Rented",89511,6,"NZ with NZ parents","Non-disabled",5,7,8,"Good","None or almost none","Neither agree nor disagree","Very easy to be myself",3,2,1,2,"No",3,"Yes, always","Yes, always",3,"Easy","Very easy","Very easy",2,"A little more",0,1,"None of the time","Easy","2","3","25-34",2,"   765.8",35328,30
244,10714.74,2018,58,"Female","European/Other","Less than secondary school","Employed","Not partnered","Not a parent",0,"Rented",34521,6,"NZ with NZ parents","Non-disabled",10,7,7,"Good","Conversational","Strongly agree","Very easy to be myself",9,9,6,6,"Yes",14,"No","No",2,"Very easy","Very easy","Very easy",8,"A lot less",0,0,"None of the time","Very easy","0","2","55-64",1,"   591.3",27232,32
245,2669.281,2018,36,"Male","European/Other","Secondary school","Employed","Not partnered","Parent",2,"Rented",43743,7,"NZ with NZ parents","Non-disabled",7,8,8,"Good","Basic","Strongly agree","Very easy to be myself",3,5,5,5,"Yes",3,"Yes, always","Yes, sometimes",0,"Easy","Easy","Easy",3,"About the same",0,0,"None of the time","Sometimes easy, sometimes hard","2","0","35-44",1,"   624.8",28704,45
246,5155.634,2018,29,"Male","European/Other","Less than secondary school","Employed","Partnered","Parent",3,"Rented",78494,8,"NZ with overseas parent(s)","Non-disabled",8,7,9,"Very Good","None or almost none","Agree","Easy to be myself",8,8,8,8,"Yes",8,"Yes, sometimes","Yes, sometimes",1,"Easy","Easy","Easy",3,"About the same",0,0,"None of the time","Easy","3","1","25-34",2,"   609.6",27600,32
247,5155.392,2018,73,"Male","European/Other","Less than secondary school","Employed","Not partnered","Not a parent",0,"Owned with mortgage",34878,4,"NZ with NZ parents","Non-disabled",10,10,10,"Very Good","None or almost none","Neither agree nor disagree","Easy to be myself",8,10,8,6,"Yes",18,"No","No",0,"Easy","Very easy","Easy",10,"A lot more",0,0,"None of the time","Very easy","0","0","65+",1,"  1235.5",56672,50
248,5021.289,2018,40,"Male","European/Other","Post-secondary NCEA/diploma","Employed","Partnered","Parent",2,"Owned without mortgage",117457,5,"NZ with NZ parents","Non-disabled",8,10,10,"Very Good","None or almost none","Neither agree nor disagree","Very easy to be myself",7,10,7,7,"Yes",17,"No","Yes, sometimes",0,"Easy","Very easy","Neither easy nor difficult",10,"About the same",0,0,"None of the time","Very easy","2","0","35-44",3,"   459.1",20976,37
249,4013.568,2018,38,"Male","European/Other","Post-secondary NCEA/diploma","Employed","Partnered","Parent",2,"Owned without mortgage",81382,8,"NZ with overseas parent(s)","Non-disabled",5,8,10,"Good","None or almost none","Strongly agree","Very easy to be myself",8,9,7,7,"Yes",14,"No","No",3,"Easy","Very easy","Very difficult",8,"About the same",0,0,"None of the time","Very easy","2","3","35-44",2,"   861.9",39744,50
250,2613.883,2018,34,"Female","European/Other","Less than secondary school","Employed","Not partnered","Not a parent",0,"Rented",74786,10,"NZ with NZ parents","Non-disabled",8,10,10,"Very Good","Conversational","Agree","Very easy to be myself",8,5,3,5,"Yes",16,"Yes, sometimes","Yes, sometimes",2,"Very easy","Very easy","Easy",10,"A lot less",0,0,"None of the time","Very easy","0","2","25-34",2,"   192.1",8464,31
251,23885.52,2018,27,"Female","European/Other","Less than secondary school","Employed","Partnered","Parent",4,"Rented",48775,10,"Long-term migrant","Non-disabled",5,7,7,"Good","None or almost none","Agree","Easy to be myself",8,10,10,8,"Yes",7,"Yes, sometimes","No",1,"Easy","Easy","Difficult",5,"About the same",0,0,"None of the time","Very easy","4+","1","25-34",1,"   486.1",22816,31
252,16788,2018,76,"Female","European/Other","Degree","Employed","Not partnered","Not a parent",0,"Owned with mortgage",24461,7,"Long-term migrant","Non-disabled",3,8,7,"Good","None or almost none","Disagree","Very easy to be myself",8,9,5,6,"Yes",19,"No","No",1,"Very difficult","Very easy","Very difficult",9,"No crime here",0,0,"A little of the time","Very easy","0","1","65+",1,"   584.5",26496,26
253,5124.535,2018,67,"Female","European/Other","Less than secondary school","Employed","Partnered","Not a parent",0,"Owned without mortgage",104935,6,"NZ with overseas parent(s)","Non-disabled",10,5,5,"Good","None or almost none","Disagree","Easy to be myself",9,7,7,7,"Yes",18,"No","Yes, sometimes",0,"Neither easy nor difficult","Very easy","Easy",1,"A little more",0,0,"None of the time","Very hard","0","0","65+",3,"   599.9",27600,34
254,10278.4,2018,36,"Male","European/Other","Degree","Employed","Partnered","Parent",1,"Owned with mortgage",22457,5,"Recent migrant","Non-disabled",6,7,8,"Good","None or almost none","Agree","Sometimes easy, sometimes hard",8,8,7,8,"No",14,"Yes, often","Yes, sometimes",1,"Neither easy nor difficult","Neither easy nor difficult","Difficult",7,"No crime here",0,0,"None of the time","Easy","1","1","35-44",1,"  2526.3",116288,36
255,7311.486,2018,46,"Female","European/Other","Degree","Employed","Partnered","Parent",2,"Owned without mortgage",208808,4,"NZ with NZ parents","Non-disabled",5,7,7,"Very Good","None or almost none","Disagree","Very easy to be myself",7,10,5,8,"Yes",16,"Yes, sometimes","Yes, sometimes",0,"Very easy","Very easy","Very easy",9,"A little more",0,0,"None of the time","Easy","2","0","45-54",3,"   832.9",38640,40
256,5352.023,2018,67,"Male","European/Other","Less than secondary school","Employed","Not partnered","Not a parent",0,"Owned with mortgage",42206,9,"NZ with NZ parents","Disabled",5,5,5,"Excellent","None or almost none","Neither agree nor disagree","Very easy to be myself",5,10,5,5,"Yes",10,"Yes, sometimes","No",0,"Easy","Easy","Very easy",7,"About the same",0,0,"Most of the time","Easy","0","0","65+",1,"   335.2",15824,30
257,4854.979,2018,69,"Male","European/Other","Less than secondary school","Employed","Partnered","Not a parent",0,"Owned without mortgage",57265,5,"NZ with overseas parent(s)","Non-disabled",6,8,10,"Good","None or almost none","Neither agree nor disagree","Very easy to be myself",7,9,5,7,"No",20,"No","No",1,"Very easy","Very easy","Easy",9,"About the same",0,0,"None of the time","Very hard","0","1","65+",2,"   392.4",18400,30
258,9440.316,2018,76,"Male","European/Other","Less than secondary school","Employed","Not partnered","Not a parent",0,"Rented",28348,9,"NZ with NZ parents","Non-disabled",10,7,8,"Fair","Basic","Disagree","Very easy to be myself",8,10,7,7,"Yes",16,"Yes, sometimes","Yes, sometimes",0,"Easy","Easy","Very easy",10,"A lot less",1,0,"None of the time","Very easy","0","0","65+",1,"   956.8",44160,36
259,6376.202,2018,57,"Male","European/Other","Degree","Employed","Not partnered","Not a parent",0,"Owned with mortgage",107856,5,"NZ with NZ parents","Non-disabled",10,10,10,"Excellent","Basic","Strongly agree","Very easy to be myself",10,10,8,8,"Yes",19,"No","No",0,"Very easy","Very easy","Very easy",9,"No crime here",0,0,"None of the time","Very easy","0","0","55-64",3,"  1343.0",61456,35
260,4137.361,2018,43,"Male","European/Other","Secondary school","Employed","Partnered","Parent",2,"Owned without mortgage",134268,4,"Long-term migrant","Non-disabled",8,6,8,"Very Good","None or almost none","Agree","Easy to be myself",8,8,6,6,"No",18,"No","No",1,"Easy","Very easy","Very difficult",5,"A little less",0,0,"Some of the time","Easy","2","1","35-44",3,"   626.4",28704,32
261,25147.9,2018,48,"Female","European/Other","Less than secondary school","Employed","Not partnered","Not a parent",0,"Owned without mortgage",41222,10,"Long-term migrant","Non-disabled",4,6,7,"Good","None or almost none","Agree","Easy to be myself",6,7,5,3,"Yes",6,"Yes, often","Yes, sometimes",0,"Very easy","Easy","Easy",5,"About the same",0,0,"A little of the time","Sometimes easy, sometimes hard","0","0","45-54",1,"   599.0",27232,32
262,4236.583,2018,62,"Male","European/Other","Less than secondary school","Employed","Partnered","Not a parent",0,"Rented",191343,9,"NZ with NZ parents","Disabled",7,8,8,"Good","None or almost none","Neither agree nor disagree","Easy to be myself",7,7,3,5,"Yes",9,"Yes, sometimes","Yes, sometimes",1,"Neither easy nor difficult","Neither easy nor difficult","Difficult",8,"A little less",0,0,"A little of the time","Hard","0","1","55-64",3,"   817.1",37904,35
263,3187.865,2018,34,"Female","European/Other","Degree","Employed","Not partnered","Not a parent",0,"Owned with mortgage",295374,6,"NZ with NZ parents","Non-disabled",10,9,9,"Excellent","None or almost none","Agree","Very easy to be myself",7,7,3,2,"Yes",20,"Yes, sometimes","No",4,"Very easy","Very easy","Neither easy nor difficult",0,"Moved here recently",0,0,"None of the time","Sometimes easy, sometimes hard","0","4+","25-34",3,"   578.1",26864,34
264,4574.143,2018,21,"Female","European/Other","Less than secondary school","Employed","Not partnered","Not a parent",0,"Owned without mortgage",48561,6,"NZ with NZ parents","Disabled",7,5,7,"Good","None or almost none","Neither agree nor disagree","Very easy to be myself",8,9,9,8,"Not eligible",10,"Yes, sometimes","No",0,"Neither easy nor difficult","Very easy","Very easy",6,"No crime here",0,0,"A little of the time","Easy","0","0","15-24",1,"   368.5",16560,6
265,5025.351,2018,27,"Male","European/Other","Less than secondary school","Employed","Not partnered","Parent",2,"Rented",23588,9,"NZ with NZ parents","Non-disabled",8,4,5,"Good","Conversational","Agree","Sometimes easy, sometimes hard",3,8,3,3,"Yes",1,"No","No",2,"Easy","Very easy","Very easy",3,"A lot more",1,1,"Most of the time","Easy","2","2","25-34",1,"   387.7",17664,28
266,11870.19,2018,36,"Female","European/Other","Degree","Employed","Partnered","Parent",1,"Owned without mortgage",99835,6,"Medium-term migrant","Non-disabled",6,7,7,"Very Good","None or almost none","Neither agree nor disagree","Easy to be myself",8,10,5,6,"Yes",15,"No","No",2,"Very easy","Very easy","Neither easy nor difficult",1,"About the same",0,1,"A little of the time","Very easy","1","2","35-44",2,"   102.5",4784,2
267,2892.966,2018,47,"Male","European/Other","Post-secondary NCEA/diploma","Employed","Not partnered","Parent",3,"Rented",41582,2,"NZ with NZ parents","Non-disabled",5,10,10,"Very Good","Fluent","Strongly agree","Very easy to be myself",5,3,0,0,"No",14,"Yes, always","Yes, sometimes",1,"Very easy","Very easy","Very easy",3,"No crime here",0,1,"None of the time","Very easy","3","1","45-54",1,"   520.1",23920,22
268,4010.747,2018,37,"Female","European/Other","Post-secondary NCEA/diploma","Employed","Partnered","Parent",2,"Owned without mortgage",65209,6,"Long-term migrant","Non-disabled",5,8,8,"Very Good","None or almost none","Neither agree nor disagree","Easy to be myself",8,7,6,6,"Yes",13,"Yes, often","Yes, sometimes",0,"Easy","Very easy","Easy",3,"A little more",0,0,"None of the time","Sometimes easy, sometimes hard","2","0","35-44",2,"   254.3",12144,18
269,2386.546,2018,69,"Male","European/Other","Less than secondary school","Employed","Partnered","Not a parent",0,"Rented",25894,10,"NZ with NZ parents","Disabled",4,9,7,"Fair","None or almost none","Agree","Very easy to be myself",7,8,2,7,"Yes",12,"Yes, sometimes","No",3,"Very easy","Very easy","Easy",9,"No crime here",0,0,"None of the time","Easy","0","3","65+",1,"   701.1",32016,42
270,2688.408,2018,48,"Male","European/Other","Degree","Employed","Not partnered","Not a parent",0,"Owned without mortgage",93408,9,"Long-term migrant","Disabled",6,8,10,"Good","Basic","Agree","Very easy to be myself",5,10,2,5,"Yes",7,"No","No",1,"Very easy","Very easy","Very easy",8,"A lot less",1,1,"None of the time","Very easy","0","1","45-54",2,"   889.2",40480,44
271,5931.407,2018,18,"Male","European/Other","Less than secondary school","Employed","Not partnered","Not a parent",0,"Owned without mortgage",99941,5,"NZ with NZ parents","Non-disabled",1,8,7,"Very Good","None or almost none","Neither agree nor disagree","Easy to be myself",6,9,6,5,"Not eligible",15,"Yes, sometimes","No",0,"Easy","Very easy","Very easy",2,"About the same",0,0,"None of the time","Easy","0","0","15-24",2,"   364.8",16560,29
272,2733.161,2018,81,"Male","European/Other","Less than secondary school","Employed","Not partnered","Not a parent",0,"Owned with mortgage",59576,4,"NZ with NZ parents","Non-disabled",10,8,8,"Good","Basic","Neither agree nor disagree","Very easy to be myself",8,10,7,6,"Yes",16,"Yes, often","No",0,"Easy","Easy","Easy",8,"A little less",0,0,"A little of the time","Easy","0","0","65+",2,"  1145.5",52992,31
273,8958.44,2018,67,"Female","European/Other","Less than secondary school","Employed","Not partnered","Not a parent",0,"Rented",100247,6,"NZ with NZ parents","Non-disabled",10,10,8,"Very Good","None or almost none","Neither agree nor disagree","Very easy to be myself",8,9,6,8,"Yes",15,"No","No",3,"Neither easy nor difficult","Very easy","Neither easy nor difficult",7,"No crime here",0,0,"A little of the time","Sometimes easy, sometimes hard","0","3","65+",3,"   179.0",8464,18
274,4980.984,2018,65,"Female","European/Other","Degree","Employed","Partnered","Not a parent",0,"Owned with mortgage",65337,7,"NZ with NZ parents","Non-disabled",7,6,6,"Good","None or almost none","Strongly disagree","Very easy to be myself",5,5,2,1,"Yes",20,"Yes, sometimes","Yes, sometimes",0,"Very easy","Very easy","Very easy",2,"About the same",0,0,"None of the time","Easy","0","0","65+",2,"   268.6",12512,10
275,3111.858,2018,47,"Male","European/Other","Less than secondary school","Employed","Partnered","Parent",1,"Owned without mortgage",54736,4,"NZ with NZ parents","Non-disabled",8,8,8,"Good","None or almost none","Agree","Very easy to be myself",7,8,7,8,"Yes",14,"No","No",0,"Very easy","Very easy","Easy",9,"No crime here",0,0,"Some of the time","Very hard","1","0","45-54",2,"   624.9",28704,30
276,5189.262,2018,69,"Female","European/Other","Post-secondary NCEA/diploma","Employed","Partnered","Not a parent",0,"Owned with mortgage",79598,9,"NZ with NZ parents","Non-disabled",10,8,10,"Good","None or almost none","Agree","Very easy to be myself",7,7,3,7,"Yes",18,"No","No",0,"Very easy","Very easy","Easy",7,"About the same",0,0,"None of the time","Very easy","0","0","65+",2,"   455.1",20608,31
277,9648.02,2018,46,"Male","European/Other","Degree","Employed","Partnered","Not a parent",0,"Owned with mortgage",129646,1,"NZ with NZ parents","Non-disabled",0,8,8,"Good","None or almost none","Agree","Easy to be myself",7,8,5,6,"Yes",15,"No","No",0,"Very easy","Very easy","Very easy",6,"No crime here",0,0,"None of the time","Easy","0","0","45-54",3,"   437.1",20240,37
278,4003.577,2018,67,"Male","European/Other","Secondary school","Employed","Not partnered","Not a parent",0,"Owned with mortgage",33570,10,"Long-term migrant","Non-disabled",7,8,8,"Fair","None or almost none","Neither agree nor disagree","Sometimes easy, sometimes hard",6,5,3,5,"Yes",17,"No","No",0,"Easy","Easy","Very easy",1,"A little more",0,0,"None of the time","Easy","0","0","65+",1,"   626.9",29072,37
279,5872.037,2018,93,"Female","European/Other","Less than secondary school","Employed","Not partnered","Not a parent",0,"Rented",37635,8,"NZ with overseas parent(s)","Disabled",5,4,6,"Fair","None or almost none","Agree","Sometimes easy, sometimes hard",5,7,6,6,"Yes",3,"Yes, sometimes","No",1,"Neither easy nor difficult","Very easy","Very difficult",5,"About the same",1,0,"Some of the time","Easy","0","1","65+",1,"    12.8",736,2
280,5123.431,2018,66,"Male","European/Other","Less than secondary school","Employed","Partnered","Not a parent",0,"Owned with mortgage",91613,4,"NZ with NZ parents","Non-disabled",4,10,10,"Very Good","None or almost none","Agree","Very easy to be myself",7,10,7,9,"Yes",12,"Yes, sometimes","No",0,"Very easy","Very easy","Very difficult",5,"No crime here",0,0,"Some of the time","Easy","0","0","65+",2,"   622.8",28336,43
281,2884.946,2018,79,"Female","European/Other","Secondary school","Employed","Not partnered","Not a parent",0,"Rented",39966,4,"Long-term migrant","Disabled",6,7,3,"Fair","Basic","Agree","Sometimes easy, sometimes hard",7,8,6,7,"Yes",13,"Yes, often","No",1,"Neither easy nor difficult","Easy","Neither easy nor difficult",7,"No crime here",0,0,"Most of the time","Very hard","0","1","65+",1,"   204.2",9568,4
282,5497.492,2018,26,"Female","European/Other","Less than secondary school","Employed","Partnered","Parent",2,"Rented",75778,10,"Long-term migrant","Non-disabled",3,8,8,"Good","Conversational","Strongly agree","Very easy to be myself",6,4,4,5,"Yes",3,"Yes, always","Yes, always",0,"Very easy","Very easy","Easy",5,"A little less",1,0,"A little of the time","Sometimes easy, sometimes hard","2","0","25-34",2,"   636.2",29072,37
283,15203.96,2018,39,"Male","European/Other","Secondary school","Employed","Partnered","Not a parent",0,"Owned without mortgage",231865,9,"NZ with NZ parents","Non-disabled",7,7,8,"Fair","Basic","Strongly agree","Easy to be myself",1,9,2,3,"Yes",7,"No","No",0,"Very easy","Very easy","Very easy",2,"A little more",0,1,"None of the time","Very easy","0","0","35-44",3,"   560.0",25392,32
284,3907.111,2018,70,"Male","European/Other","Secondary school","Employed","Partnered","Not a parent",0,"Owned with mortgage",17351,3,"Long-term migrant","Non-disabled",5,9,9,"Good","None or almost none","Neither agree nor disagree","Easy to be myself",5,9,0,4,"Yes",16,"Yes, sometimes","No",0,"Very easy","Easy","Easy",1,"About the same",0,0,"None of the time","Very easy","0","0","65+",1,"   330.7",15456,22
285,11067.05,2018,43,"Male","European/Other","Degree","Employed","Partnered","Parent",2,"Owned without mortgage",70180,5,"NZ with NZ parents","Non-disabled",8,6,8,"Very Good","None or almost none","Agree","Very easy to be myself",0,2,2,3,"Yes",11,"Yes, often","Yes, sometimes",0,"Very easy","Very easy","Neither easy nor difficult",4,"A lot more",0,0,"None of the time","Easy","2","0","35-44",2,"  1226.0",56672,32
286,2056.833,2018,52,"Female","European/Other","Secondary school","Employed","Not partnered","Not a parent",0,"Owned without mortgage",79620,4,"NZ with overseas parent(s)","Non-disabled",5,6,6,"Fair","None or almost none","Neither agree nor disagree","Very easy to be myself",2,7,1,1,"Yes",19,"Yes, sometimes","No",0,"Very easy","Very easy","Very easy",5,"About the same",0,0,"A little of the time","Very easy","0","0","45-54",2,"   425.7",19872,24
287,4848.216,2018,16,"Female","European/Other","Less than secondary school","Employed","Not partnered","Not a parent",0,"Rented",55618,2,"Recent migrant","Non-disabled",7,8,7,"Very Good","None or almost none","Agree","Easy to be myself",7,9,7,8,"Not eligible",11,"No","Yes, sometimes",1,"Very easy","Very easy","Very easy",6,"Moved here recently",0,1,"Some of the time","Sometimes easy, sometimes hard","0","1","15-24",2,"   157.7",7360,7
288,3508.82,2018,37,"Male","European/Other","Secondary school","Employed","Not partnered","Not a parent",0,"Rented",277131,9,"Medium-term migrant","Non-disabled",9,5,7,"Good","None or almost none","Agree","Sometimes easy, sometimes hard",5,9,5,5,"No",12,"No","No",2,"Very easy","Very easy","Very easy",5,"A little more",0,0,"A little of the time","Easy","0","2","35-44",3,"   856.0",39744,32
289,7918.247,2018,29,"Female","European/Other","Degree","Employed","Not partnered","Not a parent",0,"Owned without mortgage",92159,4,"Long-term migrant","Non-disabled",3,8,7,"Good","None or almost none","Disagree","Sometimes easy, sometimes hard",7,9,6,4,"Yes",17,"Yes, sometimes","No",1,"Easy","Very easy","Difficult",6,"About the same",1,0,"None of the time","Easy","0","1","25-34",2,"  2012.1",92368,19
290,2552.814,2018,58,"Female","European/Other","Degree","Employed","Partnered","Not a parent",0,"Owned with mortgage",100082,4,"NZ with NZ parents","Non-disabled",10,8,9,"Very Good","None or almost none","Agree","Very easy to be myself",8,8,7,8,"Yes",20,"Yes, sometimes","Yes, always",0,"Very easy","Very easy","Very easy",7,"About the same",0,0,"A little of the time","Sometimes easy, sometimes hard","0","0","55-64",3,"   544.0",25392,33
291,3050.859,2018,32,"Female","European/Other","Post-secondary NCEA/diploma","Employed","Not partnered","Not a parent",0,"Owned without mortgage",108206,9,"NZ with NZ parents","Non-disabled",5,5,5,"Excellent","None or almost none","Disagree","Very easy to be myself",5,8,3,3,"Yes",16,"No","No",0,"Very easy","Very easy","Easy",5,"No crime here",0,0,"None of the time","Very easy","0","0","25-34",3,"   589.2",27232,54
292,4478.276,2018,28,"Male","European/Other","Less than secondary school","Employed","Not partnered","Not a parent",0,"Rented",29005,8,"NZ with NZ parents","Non-disabled",7,7,6,"Excellent","Conversational","Strongly agree","Very easy to be myself",5,7,4,4,"Yes",15,"No","No",4,"Very difficult","Easy","Easy",5,"Moved here recently",0,0,"A little of the time","Easy","0","4+","25-34",1,"   372.5",16928,36
293,7494.13,2018,74,"Male","European/Other","Degree","Employed","Not partnered","Not a parent",0,"Owned with mortgage",48484,3,"Long-term migrant","Non-disabled",3,6,7,"Fair","Basic","Strongly agree","Very easy to be myself",8,8,5,7,"Yes",9,"Yes, sometimes","No",0,"Very easy","Very easy","Neither easy nor difficult",6,"About the same",0,0,"Some of the time","Sometimes easy, sometimes hard","0","0","65+",1,"   466.8",21344,15
294,2505.735,2018,20,"Male","European/Other","Less than secondary school","Employed","Partnered","Not a parent",0,"Rented",94199,7,"NZ with NZ parents","Non-disabled",5,9,8,"Very Good","Basic","Agree","Easy to be myself",8,10,6,8,"Yes",17,"Not applicable","No",1,"Easy","Very easy","Easy",5,"About the same",1,0,"None of the time","Very easy","0","1","15-24",2,"   369.9",16928,38
295,9591.758,2018,47,"Female","European/Other","Degree","Employed","Partnered","Parent",3,"Rented",134141,4,"NZ with NZ parents","Non-disabled",8,9,9,"Excellent","None or almost none","Disagree","Very easy to be myself",5,10,5,9,"Yes",16,"No","No",0,"Neither easy nor difficult","Very easy","Very difficult",8,"No crime here",1,0,"None of the time","Easy","3","0","45-54",3,"   453.1",20976,44
296,7205.892,2018,72,"Female","European/Other","Degree","Employed","Partnered","Not a parent",0,"Owned with mortgage",22013,2,"Medium-term migrant","Non-disabled",5,5,7,"Good","None or almost none","Strongly agree","Easy to be myself",8,9,8,6,"Yes",13,"Yes, sometimes","No",1,"Neither easy nor difficult","Very easy","Easy",3,"No crime here",0,1,"A little of the time","Hard","0","1","65+",1,"   530.3",24288,37
297,6601.583,2018,44,"Male","European/Other","Secondary school","Employed","Not partnered","Not a parent",0,"Owned without mortgage",68527,7,"NZ with NZ parents","Non-disabled",8,10,9,"Very Good","None or almost none","Neither agree nor disagree","Very easy to be myself",10,10,8,9,"Yes",16,"Yes, sometimes","No",1,"Easy","Very easy","Very easy",8,"About the same",0,0,"None of the time","Very easy","0","1","35-44",2,"  1119.9",51888,32
298,7205.765,2018,28,"Male","European/Other","Less than secondary school","Employed","Not partnered","Parent",4,"Rented",41369,9,"NZ with NZ parents","Non-disabled",5,7,7,"Good","Fluent","Strongly agree","Very easy to be myself",5,7,6,6,"Yes",10,"No","Yes, sometimes",4,"Easy","Easy","Easy",5,"About the same",0,0,"None of the time","Very easy","4+","4+","25-34",1,"   361.3",16928,36
299,3227.634,2018,61,"Male","European/Other","Less than secondary school","Employed","Not partnered","Not a parent",0,"Owned without mortgage",30161,9,"NZ with NZ parents","Non-disabled",7,8,7,"Good","None or almost none","Strongly agree","Very easy to be myself",5,10,3,3,"No",16,"Yes, often","Yes, sometimes",2,"Neither easy nor difficult","Easy","Easy",2,"About the same",0,0,"None of the time","Very easy","0","2","55-64",1,"   354.8",16192,19
300,11208.1,2018,62,"Female","European/Other","Less than secondary school","Employed","Not partnered","Not a parent",0,"Owned with mortgage",42026,9,"NZ with NZ parents","Non-disabled",0,2,2,"Poor","None or almost none","Disagree","Very easy to be myself",1,2,0,0,"Yes",0,"Yes, sometimes","No",1,"Easy","Neither easy nor difficult","Very difficult",2,"About the same",0,1,"None of the time",NA,"0","1","55-64",1,"   619.6",28336,32
301,10278.09,2018,35,"Male","European/Other","Degree","Employed","Partnered","Parent",3,"Owned without mortgage",139760,1,"Long-term migrant","Non-disabled",3,8,8,"Good","None or almost none","Disagree","Easy to be myself",8,7,8,7,"Yes",16,"Yes, sometimes","Yes, sometimes",0,"Very easy","Very easy","Neither easy nor difficult",10,"No crime here",0,0,"None of the time","Sometimes easy, sometimes hard","3","0","35-44",3,"   976.5",45264,40
302,3453.522,2018,62,"Female","European/Other","Degree","Employed","Partnered","Not a parent",0,"Owned with mortgage",159766,1,"Long-term migrant","Non-disabled",6,4,7,"Very Good","Basic","Agree","Easy to be myself",5,5,5,5,"Yes",20,"Yes, often","No",0,"Very easy","Very easy","Very easy",5,"No crime here",0,1,"Some of the time","Very easy","0","0","55-64",3,"   280.4",12512,11
303,7544.371,2018,31,"Male","European/Other","Degree","Employed","Partnered","Not a parent",0,"Rented",41832,8,"Recent migrant","Non-disabled",6,10,10,"Good","None or almost none","Neither agree nor disagree","Easy to be myself",5,10,5,5,"No",11,"Yes, sometimes","No",1,"Easy","Easy","Easy",5,"No crime here",0,0,"Some of the time","Very easy","0","1","25-34",1,"   421.0",19504,32
304,7882.137,2018,67,"Male","European/Other","Less than secondary school","Employed","Partnered","Not a parent",0,"Owned with mortgage",59160,2,"NZ with overseas parent(s)","Disabled",2,10,10,"Good","None or almost none","Neither agree nor disagree","Easy to be myself",8,9,5,5,"Yes",20,"No","No",0,"Very easy","Very easy","Easy",5,"No crime here",0,0,"None of the time","Very easy","0","0","65+",2,"  1231.8",56672,50
305,8142.597,2018,17,"Male","European/Other","Post-secondary NCEA/diploma","Employed","Not partnered","Not a parent",0,"Owned without mortgage",107137,3,"NZ with unknown origin parents","Non-disabled",10,6,10,"Good","Fluent","Strongly agree","Easy to be myself",8,10,7,7,"No",12,"Yes, sometimes","Yes, sometimes",0,"Very easy","Very easy","Difficult",10,"No crime here",1,1,"A little of the time","Sometimes easy, sometimes hard","0","0","15-24",3,"   294.6",13616,29
306,8196.328,2018,42,"Male","European/Other","Secondary school","Employed","Not partnered","Parent",1,"Owned without mortgage",45677,8,"NZ with NZ parents","Non-disabled",5,8,10,"Very Good","Basic","Neither agree nor disagree","Very easy to be myself",8,10,6,9,"Yes",4,"No","No",0,"Easy","Neither easy nor difficult","Easy",5,"About the same",0,0,"Some of the time","Hard","1","0","35-44",1,"   521.6",23920,32
307,8885.57,2018,74,"Male","European/Other","Less than secondary school","Employed","Not partnered","Not a parent",0,"Owned with mortgage",9398,4,"NZ with NZ parents","Non-disabled",7,8,8,"Good","None or almost none","Neither agree nor disagree","Very easy to be myself",8,8,6,5,"Yes",15,"Yes, sometimes","Yes, sometimes",0,"Very easy","Very easy","Very easy",7,"About the same",0,0,"None of the time","Sometimes easy, sometimes hard","0","0","65+",1,"   150.3",6992,40
308,4095.714,2018,47,"Female","European/Other","Less than secondary school","Employed","Not partnered","Not a parent",0,"Owned without mortgage",44576,3,"NZ with NZ parents","Non-disabled",5,8,4,"Very Good","None or almost none","Neither agree nor disagree","Very easy to be myself",5,5,5,5,"Yes",18,"No","No",0,"Very easy","Very easy","Very easy",7,"About the same",0,0,"None of the time","Sometimes easy, sometimes hard","0","0","45-54",1,"   525.9",24288,23
309,7041.576,2018,25,"Male","European/Other","Secondary school","Employed","Not partnered","Parent",3,"Rented",78715,6,"NZ with NZ parents","Non-disabled",10,1,8,"Good","Conversational","Agree","Very easy to be myself",2,7,1,4,"Yes",9,"Yes, sometimes","No",4,"Neither easy nor difficult","Very easy","Very difficult",9,"No crime here",0,1,"Most of the time","Very easy","3","4+","25-34",2,"   761.0",34960,40
310,10511.25,2018,50,"Female","European/Other","Degree","Employed","Not partnered","Not a parent",0,"Rented",78168,7,"Long-term migrant","Non-disabled",8,9,9,"Very Good","None or almost none","Strongly agree","Sometimes easy, sometimes hard",9,5,5,5,"No",18,"Yes, often","No",1,"Very easy","Very easy","Very easy",5,"About the same",0,0,"A little of the time","Sometimes easy, sometimes hard","0","1","45-54",2,"   940.0",43056,32
311,3393.185,2018,46,"Male","European/Other","Degree","Employed","Not partnered","Parent",1,"Owned without mortgage",48491,9,"Long-term migrant","Non-disabled",3,3,6,"Very Good","Basic","Strongly agree","Very easy to be myself",9,8,5,6,"Yes",4,"Yes, sometimes","Yes, sometimes",0,"Very easy","Very difficult","Easy",8,"No crime here",0,0,"None of the time","Sometimes easy, sometimes hard","1","0","45-54",1,"   408.4",18768,32
312,11540.93,2018,61,"Male","European/Other","Less than secondary school","Employed","Not partnered","Not a parent",0,"Owned with mortgage",85886,8,"NZ with NZ parents","Non-disabled",6,7,6,"Good","None or almost none","Neither agree nor disagree","Sometimes easy, sometimes hard",8,7,3,1,"Yes",15,"No","No",0,"Very easy","Very easy","Very easy",5,"About the same",0,0,"None of the time","Sometimes easy, sometimes hard","0","0","55-64",2,"   704.7",32752,32
313,6928.133,2018,63,"Female","European/Other","Less than secondary school","Employed","Partnered","Not a parent",0,"Owned without mortgage",38401,9,"NZ with NZ parents","Non-disabled",8,5,7,"Very Good","None or almost none","Neither agree nor disagree","Very easy to be myself",7,9,4,5,"Yes",13,"Yes, sometimes","No",1,"Easy","Easy","Very easy",8,"About the same",0,0,"None of the time","Hard","0","1","55-64",1,"   252.5",11408,8
314,4967.29,2018,65,"Female","European/Other","Secondary school","Employed","Partnered","Not a parent",0,"Owned with mortgage",103889,1,"NZ with NZ parents","Non-disabled",6,9,10,"Fair","None or almost none","Neither agree nor disagree","Very easy to be myself",8,10,8,8,"Yes",18,"Yes, sometimes","No",0,"Very easy","Very easy","Easy",10,"No crime here",0,0,"None of the time","Sometimes easy, sometimes hard","0","0","65+",3,"  1041.4",47840,32
315,6415.368,2018,37,"Male","European/Other","Less than secondary school","Employed","Not partnered","Parent",4,"Rented",18795,9,"NZ with NZ parents","Non-disabled",7,7,6,"Good","None or almost none","Neither agree nor disagree","Easy to be myself",6,8,7,8,"Yes",15,"Yes, sometimes","Yes, sometimes",0,"Easy","Very easy","Very easy",7,"About the same",1,0,"None of the time","Easy","4+","0","35-44",1,"   437.0",19872,18
316,3343.497,2018,87,"Male","European/Other","Less than secondary school","Employed","Not partnered","Not a parent",0,"Rented",27744,7,"NZ with NZ parents","Non-disabled",10,10,10,"Very Good","None or almost none","Neither agree nor disagree","Very easy to be myself",8,10,8,6,"No",17,"No","No",1,"Neither easy nor difficult","Easy","Easy",10,"About the same",1,0,"None of the time","Very easy","0","1","65+",1,"   496.8",23184,58
317,2101.652,2018,26,"Female","European/Other","Degree","Employed","Partnered","Parent",1,"Owned without mortgage",124035,7,"Medium-term migrant","Non-disabled",6,8,8,"Fair","None or almost none","Agree","Very easy to be myself",10,10,10,10,"No",14,"Yes, sometimes","No",4,"Easy","Easy","Easy",2,"A little less",0,0,"None of the time","Easy","1","4+","25-34",3,"   780.3",35696,32
318,2130.85,2018,80,"Male","European/Other","Less than secondary school","Employed","Not partnered","Not a parent",0,"Owned with mortgage",28953,4,"NZ with NZ parents","Non-disabled",5,5,5,"Very Good","None or almost none","Neither agree nor disagree","Easy to be myself",6,6,5,6,"Yes",11,"Yes, sometimes","No",0,"Easy","Very easy","Neither easy nor difficult",7,"About the same",0,0,"Some of the time",NA,"0","0","65+",1,"   380.9",17664,30
319,13365.35,2018,65,"Male","European/Other","Less than secondary school","Employed","Partnered","Not a parent",0,"Owned with mortgage",41253,8,"Long-term migrant","Non-disabled",4,8,8,"Good","None or almost none","Agree","Sometimes easy, sometimes hard",8,8,8,8,"Yes",13,"Yes, sometimes","No",0,"Easy","Very easy","Easy",5,"About the same",0,0,"None of the time","Easy","0","0","65+",1,"   652.9",30176,32
320,5787.75,2018,67,"Male","European/Other","Less than secondary school","Employed","Partnered","Not a parent",0,"Owned without mortgage",54878,10,"Long-term migrant","Non-disabled",10,10,10,"Good","Fluent","Strongly agree","Very easy to be myself",9,1,4,1,"Yes",7,"Yes, sometimes","Yes, sometimes",0,"Easy","Easy","Easy",9,"No crime here",0,0,"Some of the time","Sometimes easy, sometimes hard","0","0","65+",2,"  1032.5",47840,36
321,9395.684,2018,30,"Female","European/Other","Post-secondary NCEA/diploma","Employed","Partnered","Parent",2,"Owned without mortgage",70612,4,"NZ with overseas parent(s)","Non-disabled",6,10,10,"Very Good","None or almost none","Strongly agree","Very easy to be myself",7,5,6,7,"Yes",13,"No","No",3,"Very easy","Very easy","Neither easy nor difficult",5,"No crime here",0,0,"None of the time","Easy","2","3","25-34",2,"   645.9",29808,39
322,4139.017,2018,61,"Male","European/Other","Degree","Employed","Not partnered","Not a parent",0,"Owned with mortgage",44939,4,"Long-term migrant","Non-disabled",5,6,9,"Excellent","Basic","Agree","Very easy to be myself",7,5,4,1,"Yes",15,"No","No",0,"Very easy","Very easy","Very easy",4,"About the same",0,0,"None of the time","Easy","0","0","55-64",1,"  2649.5",121440,82
323,6473.607,2018,47,"Male","European/Other","Less than secondary school","Employed","Partnered","Not a parent",0,"Owned without mortgage",92807,10,"NZ with NZ parents","Non-disabled",7,8,8,"Poor","Conversational","Disagree","Very easy to be myself",5,8,7,7,"Yes",11,"No","Yes, sometimes",0,"Easy","Easy","Very difficult",10,"A lot less",0,0,"None of the time","Sometimes easy, sometimes hard","0","0","45-54",2,"   887.8",40480,36
324,3596.229,2018,35,"Male","European/Other","Degree","Employed","Partnered","Not a parent",0,"Rented",323237,3,"Recent migrant","Non-disabled",6,8,10,"Excellent","None or almost none","Strongly agree","Sometimes easy, sometimes hard",9,6,1,6,"No",17,"Yes, often","Yes, sometimes",4,"Neither easy nor difficult","Difficult","Very easy",2,"About the same",1,1,"Most of the time","Hard","0","4+","35-44",3,"   418.0",18768,18
325,2360.945,2018,28,"Male","European/Other","Degree","Employed","Not partnered","Not a parent",0,"Rented",74686,7,"Long-term migrant","Non-disabled",6,9,10,"Very Good","None or almost none","Agree","Very easy to be myself",8,9,7,9,"Yes",8,"No","No",0,"Very easy","Easy","Very easy",10,"No crime here",0,0,"None of the time","Easy","0","0","25-34",2,"   884.3",40848,44
326,2416.482,2018,39,"Male","European/Other","Post-secondary NCEA/diploma","Employed","Not partnered","Parent",2,"Owned with mortgage",27225,4,"NZ with overseas parent(s)","Non-disabled",10,8,10,"Very Good","None or almost none","Strongly agree","Very easy to be myself",7,9,8,6,"Yes",15,"No","No",0,"Easy","Easy","Easy",8,"About the same",0,0,"None of the time","Easy","2","0","35-44",1,"   855.9",39376,32
327,4086.536,2018,34,"Female","European/Other","Post-secondary NCEA/diploma","Employed","Partnered","Parent",2,"Owned without mortgage",100302,5,"Long-term migrant","Non-disabled",6,8,8,"Good","None or almost none","Agree","Very easy to be myself",8,9,6,4,"Yes",15,"No","No",2,"Easy","Very easy","Neither easy nor difficult",7,"No crime here",0,0,"None of the time","Easy","2","2","25-34",3,"   232.8",10304,20
328,2822.253,2018,15,"Female","European/Other","Less than secondary school","Employed","Partnered","Parent",2,"Rented",89617,10,"NZ with NZ parents","Non-disabled",7,9,7,"Good","None or almost none","Neither agree nor disagree","Easy to be myself",5,8,1,2,"No",9,"Yes, often","Yes, sometimes",4,"Very easy","Very easy","Easy",1,"A lot more",0,0,"None of the time","Easy","2","4+","15-24",2,"   231.5",10672,2
329,4261.207,2018,35,"Male","European/Other","Degree","Employed","Not partnered","Parent",2,"Rented",36610,8,"NZ with NZ parents","Non-disabled",6,7,8,"Good","Basic","Strongly agree","Very easy to be myself",8,9,3,8,"Yes",8,"Yes, sometimes","No",0,"Difficult","Easy","Difficult",8,"A little more",0,0,"Some of the time","Easy","2","0","35-44",1,"   868.7",39744,25
330,3684.245,2018,70,"Female","European/Other","Secondary school","Employed","Not partnered","Not a parent",0,"Rented",71200,1,"NZ with overseas parent(s)","Non-disabled",7,8,8,"Good","None or almost none","Neither agree nor disagree","Easy to be myself",7,8,7,7,"Yes",17,"No","No",0,"Very easy","Very easy","Easy",8,"About the same",0,0,"None of the time","Easy","0","0","65+",2,"   238.2",10672,11
331,7991.422,2018,34,"Female","European/Other","Less than secondary school","Employed","Not partnered","Not a parent",0,"Owned without mortgage",79569,6,"NZ with overseas parent(s)","Disabled",7,3,2,"Fair","None or almost none","Strongly disagree","Hard to be myself",0,0,0,0,"Yes",1,"No","Yes, sometimes",0,"Easy","Very easy","Easy",0,"A lot more",0,0,"All of the time","Very hard","0","0","25-34",2,"   649.0",30176,41
332,5537.004,2018,35,"Female","European/Other","Secondary school","Employed","Partnered","Parent",1,"Rented",48624,7,"Recent migrant","Non-disabled",5,10,10,"Excellent","None or almost none","Disagree","Very easy to be myself",10,10,8,7,"No",18,"Yes, always","Yes, sometimes",1,"Easy","Easy","Very easy",0,"About the same",0,1,"A little of the time","Very easy","1","1","35-44",1,"   445.7",20608,29
333,3061.725,2018,21,"Male","European/Other","Less than secondary school","Employed","Not partnered","Not a parent",0,"Owned without mortgage",75055,2,"NZ with NZ parents","Non-disabled",7,7,9,"Good","Conversational","Agree","Easy to be myself",5,7,2,5,"Yes",12,"No","No",0,"Very easy","Very easy","Very easy",2,"No crime here",0,0,"A little of the time","Very easy","0","0","15-24",2,"   745.3",33856,48
334,3825.44,2018,59,"Male","European/Other","Secondary school","Employed","Not partnered","Not a parent",0,"Owned with mortgage",36939,7,"Long-term migrant","Non-disabled",7,7,8,"Very Good","None or almost none","Neither agree nor disagree","Easy to be myself",4,8,3,7,"Yes",16,"No","Yes, sometimes",0,"Easy","Easy","Easy",3,"A little more",0,1,"None of the time","Easy","0","0","55-64",1,"   551.7",25024,34
335,3826.96,2018,43,"Male","European/Other","Less than secondary school","Employed","Not partnered","Not a parent",0,"Rented",51723,10,"Long-term migrant","Non-disabled",5,8,9,"Very Good","Basic","Agree","Very easy to be myself",8,8,5,4,"Yes",7,"Yes, always","Yes, sometimes",2,"Easy","Easy","Easy",5,"A little more",0,0,"None of the time","Easy","0","2","35-44",2,"   608.8",28336,40
336,5106.039,2018,98,"Male","European/Other","Degree","Employed","Not partnered","Not a parent",0,"Owned with mortgage",96008,9,"NZ with NZ parents","Non-disabled",8,5,5,"Good","None or almost none","Neither agree nor disagree","Sometimes easy, sometimes hard",5,7,4,4,"Yes",18,"Yes, sometimes","No",0,"Very easy","Very easy","Easy",4,"No crime here",0,0,"Some of the time","Hard","0","0","65+",2,"   549.9",25024,24
337,3942.34,2018,55,"Male","European/Other","Post-secondary NCEA/diploma","Employed","Not partnered","Not a parent",0,"Owned without mortgage",58450,4,"NZ with NZ parents","Non-disabled",7,8,8,"Good","None or almost none","Strongly disagree","Very easy to be myself",5,5,0,1,"Yes",17,"Yes, sometimes","No",0,"Very easy","Very easy","Very difficult",10,"About the same",0,0,"None of the time","Easy","0","0","55-64",2,"  1883.2",86480,55
338,3219.822,2018,43,"Female","European/Other","Degree","Employed","Partnered","Parent",3,"Owned without mortgage",187192,1,"NZ with NZ parents","Non-disabled",7,10,9,"Very Good","Basic","Strongly agree","Very easy to be myself",8,9,7,6,"Yes",19,"Yes, sometimes","Yes, sometimes",0,"Very easy","Very easy","Very easy",8,"No crime here",1,0,"None of the time","Very easy","3","0","35-44",3,"  1225.7",56304,32
339,3525.557,2018,22,"Male","European/Other","Degree","Employed","Not partnered","Not a parent",0,"Owned without mortgage",34053,8,"Long-term migrant","Non-disabled",8,10,10,"Excellent","None or almost none","Disagree","Easy to be myself",8,8,5,6,"Yes",20,"No","No",3,"Easy","Easy","Easy",4,"About the same",0,0,"None of the time","Easy","0","3","15-24",1,"   147.5",6992,10
340,4219.007,2018,16,"Male","European/Other","Less than secondary school","Employed","Not partnered","Not a parent",0,"Owned with mortgage",78212,1,"Medium-term migrant","Non-disabled",8,9,8,"Good","None or almost none","Neither agree nor disagree","Very easy to be myself",8,8,7,7,"Not eligible",15,"No","No",0,"Very easy","Very easy","Very easy",2,"About the same",0,0,"Some of the time","Easy","0","0","15-24",2,"   427.6",19504,32
341,2123.872,2018,29,"Female","European/Other","Degree","Employed","Partnered","Parent",1,"Rented",101964,8,"Medium-term migrant","Non-disabled",10,10,10,"Very Good","None or almost none","Strongly agree","Sometimes easy, sometimes hard",5,5,4,2,"Yes",14,"Yes, always","Yes, always",1,"Easy","Difficult","Easy",4,"Moved here recently",0,1,"A little of the time","Very easy","1","1","25-34",3,"   608.9",28336,30
342,2547.17,2018,72,"Male","European/Other","Degree","Employed","Partnered","Not a parent",0,"Owned with mortgage",101460,5,"NZ with overseas parent(s)","Non-disabled",7,6,8,"Good","None or almost none","Neither agree nor disagree","Very easy to be myself",6,7,7,7,"Yes",14,"Yes, sometimes","No",0,"Very easy","Very easy","Very easy",4,"About the same",0,0,"None of the time","Easy","0","0","65+",3,"   547.9",25392,10
343,4018.731,2018,50,"Female","European/Other","Secondary school","Employed","Partnered","Parent",2,"Rented",143617,2,"Long-term migrant","Non-disabled",9,8,8,"Good","None or almost none","Neither agree nor disagree","Very easy to be myself",8,7,8,5,"No",13,"No","No",0,"Very easy","Very easy","Neither easy nor difficult",7,"A little more",0,0,"None of the time","Easy","2","0","45-54",3,"   522.8",23920,32
344,7742.71,2018,46,"Female","European/Other","Degree","Employed","Partnered","Not a parent",0,"Owned without mortgage",162736,2,"Long-term migrant","Disabled",5,8,8,"Very Good","Basic","Strongly agree","Very easy to be myself",8,9,7,7,"Yes",17,"No","No",0,"Very easy","Very easy","Very easy",6,"About the same",0,0,"None of the time","Easy","0","0","45-54",3,"  1134.5",51888,8
345,3314.115,2018,57,"Male","European/Other","Secondary school","Employed","Not partnered","Not a parent",0,"Owned without mortgage",41610,8,"NZ with overseas parent(s)","Non-disabled",8,6,8,"Fair","None or almost none","Agree","Sometimes easy, sometimes hard",8,8,8,7,"Yes",16,"No","No",0,"Easy","Easy","Easy",6,"About the same",0,0,"None of the time","Easy","0","0","55-64",1,"   679.3",31648,32
346,9905.072,2018,49,"Male","European/Other","Less than secondary school","Employed","Not partnered","Parent",2,"Owned with mortgage",40174,2,"NZ with NZ parents","Non-disabled",7,7,9,"Very Good","None or almost none","Agree","Very easy to be myself",5,8,5,6,"Yes",9,"No","No",0,"Easy","Easy","Easy",2,"About the same",0,0,"None of the time","Sometimes easy, sometimes hard","2","0","45-54",1,"   507.7",23552,32
347,3055.35,2018,71,"Female","European/Other","Secondary school","Employed","Partnered","Not a parent",0,"Owned with mortgage",40068,6,"Long-term migrant","Disabled",5,10,10,"Fair","None or almost none","Neither agree nor disagree","Very easy to be myself",10,10,10,9,"Yes",15,"No","No",0,"Very easy","Very easy","Very easy",10,"No crime here",0,0,"None of the time","Very easy","0","0","65+",1,"   298.7",13984,21
348,7138.986,2018,55,"Male","European/Other","Less than secondary school","Employed","Partnered","Not a parent",0,"Owned with mortgage",70665,7,"NZ with overseas parent(s)","Non-disabled",7,9,8,"Fair","None or almost none","Neither agree nor disagree","Very easy to be myself",6,8,5,7,"Yes",8,"Yes, sometimes","Yes, sometimes",1,"Neither easy nor difficult","Easy","Very difficult",6,"No crime here",0,1,"None of the time","Very easy","0","1","55-64",2,"   846.3",38640,44
349,2596.915,2018,78,"Female","European/Other","Less than secondary school","Employed","Not partnered","Not a parent",0,"Rented",12967,3,"NZ with NZ parents","Disabled",10,10,10,"Very Good","None or almost none","Strongly disagree","Sometimes easy, sometimes hard",0,10,6,10,"Yes",11,"No","Yes, sometimes",0,"Easy","Very easy","Very difficult",10,"No crime here",0,0,"All of the time","Very hard","0","0","65+",1,"   205.5",9568,4
350,10791.37,2018,62,"Female","European/Other","Less than secondary school","Employed","Partnered","Not a parent",0,"Owned without mortgage",31047,9,"NZ with NZ parents","Non-disabled",7,9,9,"Very Good","None or almost none","Disagree","Easy to be myself",6,8,7,5,"Yes",19,"No","No",0,"Easy","Very easy","Easy",3,"About the same",0,0,"None of the time","Easy","0","0","55-64",1,"   521.5",23552,19
351,11367.96,2018,26,"Female","European/Other","Secondary school","Employed","Partnered","Not a parent",0,"Rented",138948,6,"NZ with overseas parent(s)","Non-disabled",10,5,7,"Very Good","None or almost none","Agree","Sometimes easy, sometimes hard",5,7,2,6,"No",13,"No","Yes, sometimes",4,"Easy","Easy","Neither easy nor difficult",6,"A lot less",0,0,"None of the time","Very easy","0","4+","25-34",3,"   318.1",15088,34
352,4204.63,2018,71,"Female","European/Other","Post-secondary NCEA/diploma","Employed","Partnered","Not a parent",0,"Owned with mortgage",12419,4,"NZ with NZ parents","Non-disabled",5,10,10,"Excellent","None or almost none","Disagree","Easy to be myself",5,10,2,1,"Yes",20,"Yes, often","No",0,"Easy","Easy","Neither easy nor difficult",6,"About the same",0,0,"None of the time","Easy","0","0","65+",1,"   272.9",12144,10
353,5522.887,2018,85,"Male","European/Other","Secondary school","Employed","Not partnered","Not a parent",0,"Owned with mortgage",43136,8,"Long-term migrant","Non-disabled",8,10,10,"Fair","None or almost none","Disagree","Very easy to be myself",5,10,2,5,"Yes",16,"No","No",0,"Easy","Easy","Easy",8,"A lot more",0,0,"None of the time","Very easy","0","0","65+",1,"   368.3",17296,21
354,7063.082,2018,38,"Male","European/Other","Post-secondary NCEA/diploma","Employed","Partnered","Parent",4,"Owned without mortgage",105784,3,"NZ with overseas parent(s)","Non-disabled",2,8,10,"Excellent","Basic","Strongly agree","Very easy to be myself",9,9,5,8,"Yes",6,"Yes, sometimes","No",0,"Easy","Very easy","Easy",10,"A little more",0,0,"A little of the time","Easy","4+","0","35-44",3,"   433.7",20240,36
355,5123.72,2018,18,"Male","European/Other","Degree","Employed","Partnered","Not a parent",0,"Rented",123010,2,"NZ with NZ parents","Non-disabled",6,8,4,"Very Good","Basic","Strongly agree","Very easy to be myself",4,1,1,1,"Yes",8,"Yes, always","Yes, always",4,"Very easy","Very easy","Very easy",8,"A little more",1,1,"Some of the time","Hard","0","4+","15-24",3,"   418.6",19136,38
356,3096.257,2018,46,"Female","European/Other","Less than secondary school","Employed","Not partnered","Parent",2,"Owned without mortgage",83665,3,"NZ with NZ parents","Non-disabled",8,5,5,"Excellent","None or almost none","Agree","Easy to be myself",5,9,5,5,"Yes",20,"No","No",0,"Very easy","Very easy","Very easy",8,"About the same",0,0,"Some of the time","Easy","2","0","45-54",2,"   289.9",13616,30
357,5730.965,2018,58,"Female","European/Other","Post-secondary NCEA/diploma","Employed","Partnered","Parent",1,"Owned with mortgage",67328,1,"NZ with NZ parents","Non-disabled",10,8,9,"Excellent","None or almost none","Disagree","Very easy to be myself",2,7,6,5,"Yes",19,"No","No",0,"Very easy","Very easy","Very easy",5,"About the same",0,0,"None of the time","Very easy","1","0","55-64",2,"   545.7",24656,26
358,6739.398,2018,39,"Female","European/Other","Secondary school","Employed","Partnered","Not a parent",0,"Owned without mortgage",111907,3,"NZ with NZ parents","Non-disabled",7,7,6,"Good","None or almost none","Agree","Very easy to be myself",9,8,2,8,"Yes",17,"Yes, sometimes","No",2,"Neither easy nor difficult","Easy","Difficult",2,"About the same",1,0,"A little of the time","Easy","0","2","35-44",3,"   498.1",22816,30
359,5104.848,2018,45,"Male","European/Other","Less than secondary school","Employed","Partnered","Parent",3,"Owned with mortgage",90366,8,"NZ with NZ parents","Disabled",5,5,5,"Fair","None or almost none","Agree","Sometimes easy, sometimes hard",5,8,7,5,"Yes",6,"Not applicable","Yes, sometimes",2,"Easy","Easy","Easy",8,"A little less",0,0,"None of the time","Very easy","3","2","45-54",2,"   930.8",42688,46
360,10467.9,2018,25,"Male","European/Other","Less than secondary school","Employed","Not partnered","Not a parent",0,"Rented",43381,10,"NZ with NZ parents","Non-disabled",5,10,10,"Excellent","Fluent","Strongly agree","Very easy to be myself",10,10,6,10,"Yes",9,"No","No",0,"Very easy","Easy","Very difficult",10,"A lot more",0,0,"Some of the time","Sometimes easy, sometimes hard","0","0","25-34",1,"   371.1",17296,26
361,6995.691,2018,28,"Female","European/Other","Less than secondary school","Employed","Not partnered","Not a parent",0,"Owned without mortgage",16335,3,"NZ with NZ parents","Non-disabled",7,6,5,"Very Good","None or almost none","Disagree","Easy to be myself",7,5,3,3,"Yes",13,"No","No",0,"Easy","Easy","Easy",9,"A lot more",0,0,"None of the time","Easy","0","0","25-34",1,"   181.7",8096,19
362,7829.893,2018,41,"Female","European/Other","Secondary school","Employed","Partnered","Parent",3,"Rented",21077,9,"Medium-term migrant","Non-disabled",4,10,8,"Very Good","None or almost none","Neither agree nor disagree","Easy to be myself",8,10,5,9,"Yes",14,"Yes, sometimes","Yes, sometimes",1,"Neither easy nor difficult","Very easy","Very easy",3,"No crime here",0,0,"None of the time","Very easy","3","1","35-44",1,"   361.1",16928,30
363,3363.264,2018,29,"Female","European/Other","Less than secondary school","Employed","Partnered","Not a parent",0,"Owned without mortgage",248984,2,"NZ with NZ parents","Non-disabled",7,7,8,"Very Good","None or almost none","Neither agree nor disagree","Very easy to be myself",8,7,5,2,"Yes",14,"Yes, sometimes","No",3,"Neither easy nor difficult","Very easy","Neither easy nor difficult",1,"Moved here recently",0,0,"None of the time","Very easy","0","3","25-34",3,"   232.0",10672,2
364,3032.215,2018,29,"Female","European/Other","Less than secondary school","Employed","Not partnered","Not a parent",0,"Rented",26771,9,"NZ with NZ parents","Non-disabled",9,4,7,"Excellent","None or almost none","Neither agree nor disagree","Hard to be myself",6,2,1,4,"Yes",3,"No","No",3,"Difficult","Very easy","Very easy",0,"No crime here",0,0,"None of the time","Very hard","0","3","25-34",1,"   163.2",7728,15
365,5059.337,2018,33,"Female","European/Other","Degree","Employed","Partnered","Parent",1,"Owned without mortgage",101762,8,"NZ with NZ parents","Non-disabled",7,8,7,"Very Good","None or almost none","Agree","Very easy to be myself",8,6,5,6,"Yes",17,"No","No",2,"Very easy","Very easy","Very easy",8,"About the same",0,0,"None of the time","Very easy","1","2","25-34",3,"   279.4",12880,25
366,6205.587,2018,40,"Female","European/Other","Less than secondary school","Employed","Not partnered","Not a parent",0,"Owned with mortgage",40064,2,"NZ with NZ parents","Non-disabled",8,7,7,"Very Good","None or almost none","Agree","Very easy to be myself",8,10,3,3,"Yes",18,"Yes, sometimes","Yes, sometimes",3,"Easy","Very easy","Very easy",8,"About the same",0,0,"A little of the time","Easy","0","3","35-44",1,"   755.2",34592,41
367,5277.059,2018,43,"Male","European/Other","Degree","Employed","Partnered","Not a parent",0,"Rented",51572,3,"NZ with NZ parents","Non-disabled",5,8,8,"Good","Conversational","Agree","Very easy to be myself",5,8,4,5,"Yes",9,"Yes, sometimes","Yes, always",1,"Very easy","Very easy","Very easy",10,"A lot less",0,0,"None of the time","Very easy","0","1","35-44",2,"   874.8",40112,34
368,3473.513,2018,30,"Male","European/Other","Secondary school","Employed","Not partnered","Parent",3,"Rented",37057,9,"NZ with NZ parents","Non-disabled",7,8,8,"Good","None or almost none","Disagree","Sometimes easy, sometimes hard",9,9,8,8,"Yes",8,"No","No",1,"Easy","Easy","Easy",3,"About the same",0,0,"None of the time","Easy","3","1","25-34",1,"   472.7",22080,32
369,2208.876,2018,47,"Female","European/Other","Less than secondary school","Employed","Not partnered","Not a parent",0,"Rented",27462,9,"NZ with NZ parents","Non-disabled",3,7,7,"Excellent","Fluent","Strongly agree","Easy to be myself",3,3,0,3,"Yes",3,"Yes, often","No",0,"Easy","Very easy","Difficult",4,"A lot more",0,0,"None of the time","Easy","0","0","45-54",1,"   475.1",21712,32
370,4467.027,2018,24,"Female","European/Other","Less than secondary school","Employed","Not partnered","Not a parent",0,"Rented",201182,7,"NZ with NZ parents","Non-disabled",7,8,8,"Good","None or almost none","Neither agree nor disagree","Easy to be myself",7,7,5,6,"Not eligible",15,"No","No",0,"Easy","Very easy","Very easy",5,"About the same",0,0,"None of the time","Easy","0","0","15-24",3,"   160.8",7360,19
371,2338.753,2018,21,"Female","European/Other","Less than secondary school","Employed","Not partnered","Not a parent",0,"Rented",82295,10,"NZ with NZ parents","Non-disabled",3,7,8,"Very Good","None or almost none","Neither agree nor disagree","Hard to be myself",6,7,1,4,"Yes",9,"Yes, often","Yes, sometimes",1,"Easy","Very easy","Very easy",1,"A little more",0,1,"All of the time","Sometimes easy, sometimes hard","0","1","15-24",2,"   311.6",14352,5
372,2652.559,2018,67,"Female","European/Other","Less than secondary school","Employed","Not partnered","Not a parent",0,"Owned with mortgage",37965,7,"NZ with unknown origin parents","Non-disabled",5,7,8,"Good","Basic","Strongly agree","Easy to be myself",7,5,8,9,"Yes",10,"Yes, often","No",0,"Easy","Very easy","Difficult",10,"No crime here",0,0,"Some of the time","Very easy","0","0","65+",1,"   495.9",23184,32
373,1699.202,2018,76,"Female","European/Other","Secondary school","Employed","Not partnered","Not a parent",0,"Rented",41550,4,"NZ with NZ parents","Non-disabled",5,7,10,"Excellent","None or almost none","Neither agree nor disagree","Very easy to be myself",7,9,3,4,"No",17,"Yes, sometimes","Yes, sometimes",0,"Very easy","Very easy","Easy",5,"A lot less",0,0,"Some of the time","Sometimes easy, sometimes hard","0","0","65+",1,"   156.8",6992,13
374,3956.794,2018,69,"Male","European/Other","Less than secondary school","Employed","Not partnered","Not a parent",0,"Owned with mortgage",35496,10,"NZ with NZ parents","Non-disabled",9,8,8,"Fair","None or almost none","Agree","Easy to be myself",5,10,5,5,"Yes",15,"Yes, sometimes","Yes, sometimes",0,"Easy","Easy","Easy",1,"No crime here",0,0,"A little of the time","Very easy","0","0","65+",1,"   646.3",30176,42
375,12125.62,2018,48,"Female","European/Other","Degree","Employed","Not partnered","Not a parent",0,"Rented",154200,7,"NZ with overseas parent(s)","Non-disabled",10,9,9,"Very Good","Basic","Agree","Very easy to be myself",7,8,6,7,"Yes",20,"Yes, sometimes","Yes, sometimes",1,"Very easy","Very easy","Easy",2,"About the same",0,0,"None of the time","Easy","0","1","45-54",3,"   260.4",11776,14
376,8675.898,2018,43,"Female","European/Other","Post-secondary NCEA/diploma","Employed","Partnered","Parent",2,"Owned without mortgage",117582,7,"NZ with NZ parents","Non-disabled",6,8,7,"Very Good","None or almost none","Disagree","Easy to be myself",7,6,4,4,"Yes",10,"Yes, sometimes","No",0,"Easy","Easy","Easy",7,"About the same",1,0,"None of the time","Easy","2","0","35-44",3,"   298.0",13248,22
377,8680.484,2018,36,"Female","European/Other","Degree","Employed","Partnered","Parent",3,"Owned without mortgage",139254,1,"NZ with NZ parents","Non-disabled",6,9,10,"Very Good","Basic","Strongly agree","Very easy to be myself",9,9,4,7,"Yes",16,"No","No",2,"Very easy","Very easy","Easy",9,"About the same",0,0,"None of the time","Easy","3","2","35-44",3,"   343.1",15456,20
378,4353.885,2018,58,"Female","European/Other","Less than secondary school","Employed","Partnered","Not a parent",0,"Owned without mortgage",165270,5,"NZ with NZ parents","Non-disabled",8,10,9,"Good","Basic","Neither agree nor disagree","Very easy to be myself",8,9,5,5,"Yes",20,"No","No",0,"Very easy","Very easy","Very easy",5,"A lot more",0,0,"None of the time","Very easy","0","0","55-64",3,"   607.2",28336,32
379,6165.791,2018,46,"Male","European/Other","Degree","Employed","Partnered","Parent",1,"Owned without mortgage",105625,2,"Long-term migrant","Non-disabled",9,10,10,"Very Good","None or almost none","Disagree","Easy to be myself",7,10,8,8,"Yes",17,"Yes, sometimes","Yes, sometimes",0,"Easy","Very easy","Neither easy nor difficult",8,"About the same",0,0,"None of the time","Easy","1","0","45-54",3,"  1803.9",83168,48
380,4435.6,2018,61,"Male","European/Other","Secondary school","Employed","Partnered","Not a parent",0,"Rented",195821,9,"Long-term migrant","Non-disabled",5,8,9,"Good","None or almost none","Agree","Easy to be myself",7,7,5,5,"Yes",14,"Yes, often","No",2,"Easy","Easy","Easy",2,"No crime here",0,1,"A little of the time","Very hard","0","2","55-64",3,"   527.2",24288,31
381,2524.781,2018,71,"Female","European/Other","Secondary school","Employed","Partnered","Not a parent",0,"Owned without mortgage",242256,9,"NZ with NZ parents","Non-disabled",8,8,8,"Very Good","None or almost none","Disagree","Very easy to be myself",8,8,5,7,"Yes",18,"Yes, always","Yes, sometimes",0,"Very easy","Very easy","Easy",8,"No crime here",0,0,"None of the time","Easy","0","0","65+",3,"   311.6",14720,18
382,8014.594,2018,40,"Female","European/Other","Degree","Employed","Not partnered","Not a parent",0,"Owned without mortgage",204588,1,"NZ with overseas parent(s)","Non-disabled",5,7,8,"Excellent","Basic","Strongly agree","Very easy to be myself",8,8,7,7,"Yes",13,"Yes, sometimes","No",1,"Neither easy nor difficult","Very easy","Easy",7,"A lot less",0,0,"Some of the time","Sometimes easy, sometimes hard","0","1","35-44",3,"   100.0",4416,9
383,7474.978,2018,52,"Female","European/Other","Post-secondary NCEA/diploma","Employed","Partnered","Not a parent",0,"Owned with mortgage",70049,5,"NZ with overseas parent(s)","Non-disabled",7,9,9,"Good","None or almost none","Neither agree nor disagree","Sometimes easy, sometimes hard",7,8,2,6,"Yes",13,"No","No",1,"Easy","Easy","Very difficult",2,"A little less",1,0,"A little of the time","Easy","0","1","45-54",2,"   493.7",22448,6
384,5603.353,2018,57,"Male","European/Other","Less than secondary school","Employed","Not partnered","Not a parent",0,"Rented",44365,10,"NZ with NZ parents","Non-disabled",4,4,2,"Poor","Fluent","Strongly agree","Easy to be myself",4,4,1,4,"No",0,"Yes, sometimes","Yes, sometimes",2,"Neither easy nor difficult","Neither easy nor difficult","Very difficult",2,"About the same",0,1,"Most of the time","Sometimes easy, sometimes hard","0","2","55-64",1,"   294.1",13984,38
385,8128.955,2018,61,"Female","European/Other","Secondary school","Employed","Partnered","Not a parent",0,"Owned without mortgage",110350,5,"Recent migrant","Non-disabled",6,7,8,"Good","None or almost none","Agree","Easy to be myself",8,9,4,2,"Yes",12,"Yes, sometimes","Yes, sometimes",1,"Easy","Easy","Very difficult",3,"About the same",0,0,"A little of the time","Hard","0","1","55-64",3,"   345.7",16192,14
386,12937.78,2018,60,"Female","European/Other","Less than secondary school","Employed","Partnered","Not a parent",0,"Owned with mortgage",226922,2,"NZ with overseas parent(s)","Non-disabled",7,7,8,"Very Good","None or almost none","Strongly disagree","Sometimes easy, sometimes hard",7,6,3,5,"Yes",19,"No","No",0,"Very easy","Very easy","Very difficult",7,"About the same",0,0,"A little of the time","Hard","0","0","55-64",3,"   370.2",17296,105
387,3892.207,2018,60,"Female","European/Other","Less than secondary school","Employed","Partnered","Not a parent",0,"Owned without mortgage",117578,8,"NZ with unknown origin parents","Non-disabled",6,7,8,"Fair","None or almost none","Neither agree nor disagree","Very easy to be myself",6,8,6,6,"Yes",16,"No","No",0,"Very easy","Very easy","Easy",2,"A little less",0,0,"None of the time","Very easy","0","0","55-64",3,"   307.3",14352,32
388,4706.967,2018,46,"Male","European/Other","Secondary school","Employed","Partnered","Parent",2,"Owned with mortgage",90388,9,"Long-term migrant","Non-disabled",10,7,7,"Very Good","None or almost none","Agree","Easy to be myself",8,8,8,6,"Yes",14,"No","No",0,"Easy","Easy","Easy",8,"A lot less",0,0,"None of the time","Easy","2","0","45-54",2,"  1561.0",71760,38
389,4808.774,2018,64,"Female","European/Other","Less than secondary school","Employed","Not partnered","Not a parent",0,"Owned with mortgage",75076,1,"NZ with NZ parents","Non-disabled",7,6,6,"Very Good","None or almost none","Agree","Very easy to be myself",8,9,4,6,"Yes",20,"Yes, sometimes","No",0,"Very easy","Very easy","Difficult",7,"About the same",0,1,"A little of the time","Hard","0","0","55-64",2,"   146.0",6992,6
390,6612.719,2018,80,"Male","European/Other","Secondary school","Employed","Not partnered","Not a parent",0,"Owned with mortgage",33755,9,"NZ with NZ parents","Non-disabled",7,9,10,"Poor","Basic","Agree","Very easy to be myself",5,10,5,7,"Yes",13,"No","Yes, sometimes",0,"Very easy","Very easy","Easy",8,"No crime here",0,0,"None of the time","Very easy","0","0","65+",1,"   406.4",18768,22
391,3560.167,2018,78,"Male","European/Other","Less than secondary school","Employed","Partnered","Not a parent",0,"Owned with mortgage",21753,10,"NZ with overseas parent(s)","Non-disabled",8,6,5,"Good","None or almost none","Neither agree nor disagree","Very easy to be myself",5,5,5,6,"Yes",20,"Yes, sometimes","No",0,"Easy","Easy","Easy",6,"No crime here",0,0,"None of the time","Easy","0","0","65+",1,"   696.8",32016,42
392,5853.145,2018,34,"Male","European/Other","Degree","Employed","Partnered","Parent",1,"Owned without mortgage",127595,7,"NZ with NZ parents","Non-disabled",7,8,8,"Very Good","Basic","Strongly agree","Easy to be myself",7,7,4,5,"Yes",16,"No","No",0,"Very easy","Very easy","Easy",7,"About the same",0,0,"None of the time","Very easy","1","0","25-34",3,"   670.2",31280,26
393,3864.568,2018,52,"Male","European/Other","Less than secondary school","Employed","Partnered","Parent",1,"Owned with mortgage",216254,10,"NZ with NZ parents","Non-disabled",9,8,8,"Very Good","None or almost none","Strongly agree","Easy to be myself",5,8,3,6,"Yes",19,"No","No",2,"Very easy","Very easy","Very difficult",6,"About the same",0,0,"None of the time","Very easy","1","2","45-54",3,"   329.9",14720,28
394,2766.521,2018,65,"Female","European/Other","Degree","Employed","Partnered","Not a parent",0,"Owned with mortgage",59230,1,"NZ with overseas parent(s)","Non-disabled",7,10,10,"Good","None or almost none","Agree","Very easy to be myself",9,10,5,5,"Yes",19,"No","No",0,"Easy","Easy","Neither easy nor difficult",8,"A little more",1,0,"None of the time","Very easy","0","0","65+",2,"   267.2",12512,10
395,2658.826,2018,59,"Female","European/Other","Secondary school","Employed","Partnered","Not a parent",0,"Owned with mortgage",33297,10,"NZ with NZ parents","Non-disabled",8,9,8,"Good","None or almost none","Strongly agree","Very easy to be myself",5,9,5,5,"Yes",19,"Not applicable","No",2,"Easy","Very easy","Easy",3,"Moved here recently",0,0,"None of the time","Very easy","0","2","55-64",1,"   328.3",15456,16
396,4369.968,2018,29,"Female","European/Other","Less than secondary school","Employed","Partnered","Parent",2,"Owned with mortgage",67379,2,"NZ with NZ parents","Non-disabled",5,10,8,"Good","None or almost none","Neither agree nor disagree","Easy to be myself",6,10,5,8,"Yes",3,"Yes, sometimes","Yes, sometimes",2,"Easy","Very easy","Very difficult",8,"No crime here",0,0,"A little of the time","Easy","2","2","25-34",2,"   306.8",14352,42
397,7519.757,2018,42,"Male","European/Other","Secondary school","Employed","Partnered","Parent",2,"Owned without mortgage",76148,5,"NZ with NZ parents","Non-disabled",6,8,8,"Very Good","None or almost none","Disagree","Very easy to be myself",7,10,6,7,"Yes",17,"No","No",0,"Easy","Very easy","Easy",8,"A little less",0,0,"None of the time","Sometimes easy, sometimes hard","2","0","35-44",2,"   409.1",18400,66
398,2642,2018,61,"Male","European/Other","Less than secondary school","Employed","Not partnered","Not a parent",0,"Owned without mortgage",130716,5,"NZ with overseas parent(s)","Non-disabled",7,8,10,"Very Good","None or almost none","Agree","Very easy to be myself",8,9,9,9,"Yes",13,"Yes, sometimes","No",0,"Very easy","Very easy","Very easy",9,"A lot less",0,0,"None of the time","Easy","0","0","55-64",3,"   664.5",30176,58
399,5814.357,2018,75,"Female","European/Other","Less than secondary school","Employed","Partnered","Not a parent",0,"Owned with mortgage",154232,2,"NZ with overseas parent(s)","Non-disabled",5,5,10,"Fair","None or almost none","Agree","Very easy to be myself",4,9,0,4,"Yes",20,"No","No",0,"Neither easy nor difficult","Very easy","Easy",8,"A little more",0,0,"None of the time","Very easy","0","0","65+",3,"   145.4",6256,7
400,2795.839,2018,48,"Female","European/Other","Less than secondary school","Employed","Partnered","Not a parent",0,"Owned with mortgage",116189,9,"Long-term migrant","Non-disabled",10,10,10,"Good","Basic","Strongly agree","Very easy to be myself",4,5,2,0,"Yes",20,"No","No",0,"Very easy","Very easy","Neither easy nor difficult",10,"About the same",0,0,"None of the time","Very easy","0","0","45-54",3,"   253.5",11408,17
401,8313.827,2018,71,"Female","European/Other","Less than secondary school","Employed","Partnered","Not a parent",0,"Owned with mortgage",82513,3,"NZ with NZ parents","Non-disabled",8,4,6,"Poor","None or almost none","Disagree","Very easy to be myself",9,9,8,6,"Yes",20,"No","No",0,"Very easy","Very easy","Very difficult",9,"A lot less",0,0,"None of the time","Hard","0","0","65+",2,"   510.5",23184,32
402,4933.18,2018,57,"Female","European/Other","Degree","Employed","Partnered","Not a parent",0,"Rented",113756,2,"Long-term migrant","Non-disabled",4,7,7,"Good","None or almost none","Neither agree nor disagree","Sometimes easy, sometimes hard",8,9,7,7,"Yes",18,"No","No",2,"Very easy","Very easy","Easy",3,"Moved here recently",0,0,"None of the time","Sometimes easy, sometimes hard","0","2","55-64",3,"   693.1",31648,23
403,27799.96,2018,67,"Female","European/Other","Secondary school","Employed","Partnered","Not a parent",0,"Owned with mortgage",25402,6,"NZ with NZ parents","Non-disabled",6,8,8,"Fair","None or almost none","Agree","Very easy to be myself",8,5,4,4,"Yes",19,"No","No",0,"Very easy","Very easy","Very easy",7,"No crime here",0,0,"None of the time","Very easy","0","0","65+",1,"   414.4",19136,32
404,2784.543,2018,50,"Male","European/Other","Less than secondary school","Employed","Not partnered","Parent",2,"Owned without mortgage",39417,2,"Long-term migrant","Non-disabled",4,7,9,"Excellent","Basic","Neither agree nor disagree","Easy to be myself",6,8,3,7,"Yes",1,"Yes, always","Yes, sometimes",1,"Easy","Very easy","Very easy",6,"About the same",0,0,"A little of the time","Very easy","2","1","45-54",1,"   315.6",14720,34
405,6359.021,2018,45,"Male","European/Other","Secondary school","Employed","Partnered","Parent",1,"Rented",31176,4,"NZ with NZ parents","Non-disabled",3,4,6,"Good","None or almost none","Strongly agree","Very easy to be myself",3,10,9,10,"Yes",11,"No","No",2,"Very easy","Easy","Neither easy nor difficult",2,"A little more",0,0,"None of the time","Very easy","1","2","45-54",1,"   664.8",30912,30
406,7920.269,2018,42,"Male","European/Other","Degree","Employed","Partnered","Not a parent",0,"Owned without mortgage",270689,10,"NZ with NZ parents","Non-disabled",10,9,9,"Very Good","Basic","Agree","Very easy to be myself",7,9,6,4,"Yes",18,"No","No",0,"Very easy","Very easy","Very easy",9,"A little more",0,0,"None of the time","Very easy","0","0","35-44",3,"   521.2",24288,32
407,2928.957,2018,69,"Male","European/Other","Less than secondary school","Employed","Partnered","Not a parent",0,"Owned with mortgage",207789,3,"NZ with NZ parents","Non-disabled",7,8,10,"Very Good","None or almost none","Neither agree nor disagree","Very easy to be myself",5,8,2,3,"Yes",16,"No","No",3,"Easy","Very easy","Easy",7,"A little more",1,0,"A little of the time","Very easy","0","3","65+",3,"   383.5",18032,30
408,3753.481,2018,46,"Female","European/Other","Less than secondary school","Employed","Partnered","Not a parent",0,"Owned without mortgage",148117,10,"NZ with overseas parent(s)","Non-disabled",7,8,8,"Fair","None or almost none","Agree","Easy to be myself",8,8,5,6,"Yes",14,"No","No",0,"Very easy","Very easy","Very easy",8,"About the same",0,0,"Some of the time","Hard","0","0","45-54",3,"    75.3",3680,8
409,10198.71,2018,21,"Male","European/Other","Degree","Employed","Not partnered","Not a parent",0,"Rented",63419,9,"NZ with NZ parents","Non-disabled",8,6,8,"Good","None or almost none","Neither agree nor disagree","Very easy to be myself",7,9,5,8,"Yes",15,"No","No",3,"Very easy","Very easy","Very easy",2,"Moved here recently",0,0,"A little of the time","Sometimes easy, sometimes hard","0","3","15-24",2,"  1008.6",46368,34
410,7940.38,2018,63,"Female","European/Other","Less than secondary school","Employed","Not partnered","Not a parent",0,"Owned with mortgage",38224,10,"NZ with NZ parents","Disabled",5,1,6,"Poor","None or almost none","Neither agree nor disagree","Easy to be myself",8,10,7,5,"No",17,"Yes, sometimes","No",1,"Very easy","Very easy","Very easy",5,"A little more",0,0,"A little of the time","Easy","0","1","55-64",1,"   200.9",8832,4
411,20283.07,2018,17,"Female","European/Other","Secondary school","Employed","Not partnered","Not a parent",0,"Owned without mortgage",46524,10,"NZ with NZ parents","Non-disabled",10,4,5,"Very Good","None or almost none","Disagree","Hard to be myself",6,7,0,5,"Yes",12,"Yes, always","No",0,"Easy","Easy","Easy",0,"About the same",0,0,"Some of the time","Easy","0","0","15-24",1,"   566.9",26496,28
412,4220.673,2018,70,"Male","European/Other","Less than secondary school","Employed","Partnered","Not a parent",0,"Owned with mortgage",42602,3,"NZ with overseas parent(s)","Non-disabled",7,9,9,"Very Good","None or almost none","Neither agree nor disagree","Easy to be myself",7,8,3,4,"Yes",17,"No","No",0,"Very easy","Very easy","Very difficult",6,"About the same",0,0,"None of the time","Very easy","0","0","65+",1,"   396.2",18400,30
413,1913.04,2018,51,"Male","European/Other","Less than secondary school","Employed","Not partnered","Not a parent",0,"Rented",9945,7,"NZ with NZ parents","Non-disabled",5,8,7,"Fair","None or almost none","Neither agree nor disagree","Easy to be myself",8,6,6,9,"Yes",16,"Yes, sometimes","Yes, always",0,"Easy","Very easy","Easy",10,"No crime here",0,0,"None of the time","Very easy","0","0","45-54",1,"   625.6",29072,50
414,4712.294,2018,70,"Male","European/Other","Post-secondary NCEA/diploma","Employed","Partnered","Not a parent",0,"Owned with mortgage",38794,7,"NZ with NZ parents","Non-disabled",6,7,7,"Very Good","None or almost none","Strongly agree","Very easy to be myself",7,8,5,5,"Yes",14,"No","No",0,"Easy","Very easy","Very easy",7,"About the same",0,0,"None of the time","Very easy","0","0","65+",1,"   793.7",36432,31
415,2875.134,2018,24,"Female","European/Other","Less than secondary school","Employed","Not partnered","Not a parent",0,"Rented",118830,9,"NZ with overseas parent(s)","Non-disabled",5,7,6,"Good","None or almost none","Neither agree nor disagree","Easy to be myself",5,0,5,6,"Not eligible",7,"No","No",0,"Very easy","Very easy","Easy",9,"A lot less",0,0,"None of the time","Easy","0","0","15-24",3,"   173.0",8096,8
416,7526.483,2018,69,"Female","European/Other","Degree","Employed","Partnered","Not a parent",0,"Owned with mortgage",142706,5,"NZ with overseas parent(s)","Non-disabled",6,9,8,"Good","Basic","Strongly agree","Very easy to be myself",8,9,6,7,"Yes",20,"No","No",0,"Easy","Easy","Difficult",8,"About the same",0,0,"None of the time","Very easy","0","0","65+",3,"   966.4",44160,21
417,5801.341,2018,39,"Female","European/Other","Degree","Employed","Partnered","Parent",3,"Owned without mortgage",51920,4,"Medium-term migrant","Non-disabled",7,9,8,"Very Good","None or almost none","Agree","Very easy to be myself",10,10,6,10,"Yes",14,"Yes, sometimes","No",2,"Very easy","Very easy","Very easy",8,"About the same",0,0,"None of the time","Very easy","3","2","35-44",2,"   741.2",34224,40
418,14645.8,2018,25,"Male","European/Other","Degree","Employed","Partnered","Parent",3,"Owned without mortgage",134263,9,"NZ with NZ parents","Non-disabled",7,10,8,"Very Good","Conversational","Agree","Very easy to be myself",6,8,4,6,"Yes",5,"Yes, sometimes","No",1,"Easy","Very easy","Neither easy nor difficult",3,"No crime here",0,1,"None of the time","Easy","3","1","25-34",3,"   496.0",23184,55
419,10123.65,2018,41,"Female","European/Other","Degree","Employed","Partnered","Not a parent",0,"Rented",96332,10,"Long-term migrant","Non-disabled",4,8,8,"Excellent","None or almost none","Agree","Easy to be myself",8,10,8,8,"Yes",17,"Yes, sometimes","Yes, sometimes",4,"Easy","Easy","Easy",6,"About the same",1,1,"None of the time","Easy","0","4+","35-44",2,"   459.0",21344,26
420,2931.327,2018,44,"Male","European/Other","Post-secondary NCEA/diploma","Employed","Partnered","Parent",3,"Owned without mortgage",60896,4,"NZ with NZ parents","Non-disabled",5,7,8,"Very Good","None or almost none","Neither agree nor disagree","Easy to be myself",6,6,6,5,"Yes",12,"No","Yes, sometimes",3,"Very easy","Very easy","Very difficult",7,"A lot more",0,0,"None of the time","Sometimes easy, sometimes hard","3","3","35-44",2,"   909.4",41584,36
421,5186.32,2018,43,"Male","European/Other","Secondary school","Employed","Partnered","Not a parent",0,"Owned without mortgage",74707,10,"Long-term migrant","Non-disabled",10,7,7,"Very Good","Basic","Agree","Easy to be myself",6,9,6,7,"Yes",13,"Yes, often","Yes, sometimes",0,"Very easy","Very easy","Neither easy nor difficult",6,"A little more",0,0,"A little of the time","Sometimes easy, sometimes hard","0","0","35-44",2,"   511.7",23184,32
422,7326.112,2018,20,"Male","European/Other","Secondary school","Employed","Not partnered","Not a parent",0,"Owned with mortgage",139200,10,"NZ with NZ parents","Non-disabled",8,6,8,"Fair","Basic","Agree","Very easy to be myself",7,8,3,5,"Yes",15,"Yes, sometimes","No",0,"Easy","Easy","Easy",4,"About the same",0,0,"Some of the time","Hard","0","0","15-24",3,"   797.1",36432,53
423,9380.933,2018,53,"Female","European/Other","Less than secondary school","Employed","Not partnered","Parent",1,"Rented",73994,10,"NZ with overseas parent(s)","Non-disabled",5,9,9,"Good","Basic","Agree","Easy to be myself",4,4,3,6,"Yes",12,"Yes, always","Yes, sometimes",4,"Easy","Easy","Easy",6,"A little less",1,0,"None of the time","Easy","1","4+","45-54",2,"   359.3",16192,18
424,4178.15,2018,41,"Female","European/Other","Less than secondary school","Employed","Partnered","Parent",2,"Rented",110342,6,"NZ with unknown origin parents","Non-disabled",10,9,8,"Fair","Basic","Strongly agree","Very easy to be myself",7,7,2,5,"Yes",18,"No","No",1,"Very easy","Very easy","Very difficult",10,"No crime here",0,0,"None of the time","Very easy","2","1","35-44",3,"   533.2",24656,44
425,3220.186,2018,19,"Female","European/Other","Secondary school","Employed","Not partnered","Not a parent",0,"Rented",150164,7,"Recent migrant","Non-disabled",10,7,8,"Fair","None or almost none","Agree","Sometimes easy, sometimes hard",7,10,7,6,"No",17,"No","No",4,"Very easy","Very easy","Neither easy nor difficult",7,"No crime here",0,0,"A little of the time","Easy","0","4+","15-24",3,"   335.5",15088,27
426,2504.521,2018,71,"Male","European/Other","Less than secondary school","Employed","Not partnered","Not a parent",0,"Owned with mortgage",76496,7,"NZ with NZ parents","Non-disabled",9,9,9,"Very Good","None or almost none","Agree","Very easy to be myself",6,9,3,6,"No",19,"No","No",0,"Easy","Very easy","Very easy",9,"About the same",0,0,"None of the time","Easy","0","0","65+",2,"   335.8",15456,30
427,8603.198,2018,37,"Female","European/Other","Degree","Employed","Not partnered","Not a parent",0,"Owned without mortgage",255084,7,"Long-term migrant","Non-disabled",6,9,9,"Excellent","None or almost none","Neither agree nor disagree","Very easy to be myself",9,10,9,10,"Yes",20,"Yes, sometimes","No",2,"Very easy","Very easy","Easy",8,"No crime here",0,0,"None of the time","Sometimes easy, sometimes hard","0","2","35-44",3,"   974.9",44896,41
428,6946.373,2018,37,"Female","European/Other","Post-secondary NCEA/diploma","Employed","Partnered","Parent",3,"Owned without mortgage",213052,3,"NZ with NZ parents","Non-disabled",8,7,9,"Good","None or almost none","Agree","Very easy to be myself",8,8,2,3,"Yes",18,"No","Yes, sometimes",2,"Very easy","Very easy","Very difficult",7,"No crime here",1,0,"None of the time","Very easy","3","2","35-44",3,"   207.0",9936,17
429,6713.755,2018,62,"Female","European/Other","Post-secondary NCEA/diploma","Employed","Not partnered","Not a parent",0,"Owned with mortgage",48406,8,"NZ with overseas parent(s)","Non-disabled",5,8,8,"Excellent","None or almost none","Agree","Very easy to be myself",4,5,4,2,"Yes",18,"No","No",1,"Very easy","Very easy","Very easy",8,"A little more",0,0,"None of the time","Very easy","0","1","55-64",1,"   287.9",13616,18
430,19554.9,2018,31,"Male","European/Other","Less than secondary school","Employed","Partnered","Parent",1,"Rented",83798,5,"NZ with NZ parents","Non-disabled",7,8,8,"Very Good","None or almost none","Neither agree nor disagree","Easy to be myself",5,8,4,6,"Yes",20,"No","Yes, sometimes",1,"Easy","Very easy","Very easy",5,"A lot less",0,0,"None of the time","Very easy","1","1","25-34",2,"   720.1",32752,32
431,7145.739,2018,48,"Male","European/Other","Less than secondary school","Employed","Partnered","Parent",1,"Owned without mortgage",225801,6,"NZ with NZ parents","Non-disabled",9,10,9,"Very Good","Fluent","Neither agree nor disagree","Very easy to be myself",7,9,4,3,"Yes",16,"Not applicable","Yes, sometimes",2,"Very easy","Very easy","Very easy",0,"Moved here recently",0,0,"None of the time","Very easy","1","2","45-54",3,"   576.8",26864,40
432,3295.275,2018,46,"Male","European/Other","Less than secondary school","Employed","Partnered","Not a parent",0,"Owned without mortgage",143659,2,"NZ with overseas parent(s)","Non-disabled",7,8,9,"Excellent","None or almost none","Strongly agree","Easy to be myself",6,8,3,3,"Yes",20,"Yes, sometimes","No",0,"Very easy","Very easy","Very difficult",4,"A little less",0,0,"None of the time","Very easy","0","0","45-54",3,"  1014.0",47104,40
433,4985.721,2018,34,"Male","European/Other","Less than secondary school","Employed","Not partnered","Parent",1,"Rented",70896,10,"NZ with overseas parent(s)","Non-disabled",4,5,8,"Good","None or almost none","Agree","Easy to be myself",3,5,1,6,"Yes",7,"Yes, always","Yes, always",1,"Easy","Easy","Easy",2,"A little less",0,0,"None of the time","Hard","1","1","25-34",2,"   424.1",19504,32
434,7419.558,2018,42,"Male","European/Other","Degree","Employed","Partnered","Parent",1,"Owned without mortgage",155048,10,"Long-term migrant","Non-disabled",5,6,6,"Excellent","None or almost none","Disagree","Sometimes easy, sometimes hard",8,10,5,6,"No",18,"Yes, sometimes","No",1,"Very easy","Very easy","Difficult",5,"No crime here",0,0,"None of the time","Sometimes easy, sometimes hard","1","1","35-44",3,"   423.3",19872,20
435,8639.674,2018,37,"Female","European/Other","Degree","Employed","Partnered","Parent",2,"Rented",77777,3,"Medium-term migrant","Non-disabled",3,8,10,"Excellent","None or almost none","Neither agree nor disagree","Easy to be myself",8,9,6,6,"No",13,"Yes, always","Yes, sometimes",1,"Neither easy nor difficult","Very easy","Very easy",5,"No crime here",0,0,"A little of the time","Sometimes easy, sometimes hard","2","1","35-44",2,"   481.0",22080,32
436,5246.921,2018,24,"Female","European/Other","Less than secondary school","Employed","Not partnered","Not a parent",0,"Owned with mortgage",43096,6,"Recent migrant","Non-disabled",6,6,7,"Good","None or almost none","Neither agree nor disagree","Sometimes easy, sometimes hard",7,9,4,9,"Not eligible",16,"Yes, sometimes","No",3,"Neither easy nor difficult","Neither easy nor difficult","Very easy",7,"No crime here",1,1,"Some of the time","Hard","0","3","15-24",1,"   194.1",8832,19
437,1843.523,2018,48,"Female","European/Other","Degree","Employed","Partnered","Parent",1,"Owned without mortgage",188196,5,"Long-term migrant","Non-disabled",5,6,8,"Excellent","None or almost none","Strongly disagree","Sometimes easy, sometimes hard",8,5,0,0,"Yes",15,"Yes, sometimes","No",0,"Neither easy nor difficult","Very easy","Very easy",6,"About the same",0,1,"None of the time","Hard","1","0","45-54",3,"   630.4",28704,32
438,2200.513,2018,28,"Male","European/Other","Less than secondary school","Employed","Partnered","Parent",1,"Rented",176696,2,"NZ with NZ parents","Non-disabled",5,8,8,"Good","None or almost none","Agree","Sometimes easy, sometimes hard",7,9,5,6,"Yes",13,"Yes, sometimes","Yes, sometimes",1,"Easy","Very easy","Easy",3,"A little more",1,0,"None of the time","Very easy","1","1","25-34",3,"   448.0",20976,38
439,1263.577,2018,20,"Female","European/Other","Less than secondary school","Employed","Not partnered","Not a parent",0,"Owned without mortgage",127375,7,"NZ with overseas parent(s)","Non-disabled",7,7,8,"Excellent","None or almost none","Agree","Very easy to be myself",8,9,7,8,"Not eligible",15,"No","No",0,"Very difficult","Very easy","Very difficult",6,"No crime here",0,0,"None of the time","Very easy","0","0","15-24",3,"   168.0",7728,19
440,4159.128,2018,45,"Male","European/Other","Less than secondary school","Employed","Partnered","Parent",1,"Owned without mortgage",175227,9,"NZ with NZ parents","Non-disabled",7,8,10,"Excellent","Basic","Strongly agree","Very easy to be myself",8,0,5,3,"Yes",7,"Yes, sometimes","Yes, sometimes",0,"Easy","Easy","Easy",5,"About the same",0,0,"None of the time","Easy","1","0","45-54",3,"   165.5",7360,17
441,2029.582,2018,58,"Male","European/Other","Degree","Employed","Partnered","Not a parent",0,"Owned without mortgage",116228,6,"Long-term migrant","Non-disabled",5,8,8,"Very Good","None or almost none","Strongly agree","Very easy to be myself",9,7,0,2,"Yes",19,"No","No",0,"Easy","Easy","Easy",6,"No crime here",0,0,"Some of the time","Very hard","0","0","55-64",3,"   310.9",14720,13
442,5096.626,2018,31,"Female","European/Other","Degree","Employed","Partnered","Not a parent",0,"Owned without mortgage",141189,3,"NZ with NZ parents","Non-disabled",8,7,7,"Very Good","None or almost none","Agree","Easy to be myself",7,8,7,6,"Yes",18,"Yes, sometimes","No",4,"Easy","Very easy","Very easy",7,"Moved here recently",0,0,"A little of the time","Easy","0","4+","25-34",3,"   996.9",45632,38
443,5140.575,2018,50,"Female","European/Other","Secondary school","Employed","Partnered","Parent",1,"Rented",210102,4,"Recent migrant","Non-disabled",5,8,9,"Good","None or almost none","Strongly agree","Sometimes easy, sometimes hard",5,8,1,5,"Yes",10,"No","Yes, sometimes",3,"Easy","Very easy","Easy",2,"No crime here",1,0,"A little of the time","Sometimes easy, sometimes hard","1","3","45-54",3,"   271.0",12880,28
444,2104.573,2018,65,"Male","European/Other","Less than secondary school","Employed","Not partnered","Not a parent",0,"Owned without mortgage",48283,9,"NZ with NZ parents","Disabled",5,10,8,"Poor","Basic","Neither agree nor disagree","Easy to be myself",5,4,1,5,"Yes",1,"Yes, always","Yes, sometimes",0,"Easy","Very difficult","Very difficult",5,"About the same",0,0,"None of the time","Easy","0","0","65+",1,"  1001.4",46000,31
445,10429.4,2018,47,"Male","European/Other","Post-secondary NCEA/diploma","Employed","Partnered","Not a parent",0,"Owned with mortgage",110432,2,"NZ with overseas parent(s)","Non-disabled",8,9,10,"Excellent","None or almost none","Neither agree nor disagree","Easy to be myself",5,8,4,4,"Yes",16,"No","No",0,"Neither easy nor difficult","Very easy","Very difficult",8,"About the same",0,0,"None of the time","Very easy","0","0","45-54",3,"   353.1",15824,32
446,10621.45,2018,72,"Male","European/Other","Less than secondary school","Employed","Not partnered","Not a parent",0,"Rented",28508,3,"NZ with overseas parent(s)","Disabled",7,10,7,"Fair","None or almost none","Agree","Easy to be myself",7,9,7,6,"Yes",20,"No","No",1,"Difficult","Very easy","Difficult",6,"About the same",1,0,"None of the time","Easy","0","1","65+",1,"   378.5",17664,30
447,8303.505,2018,60,"Male","European/Other","Less than secondary school","Employed","Not partnered","Not a parent",0,"Rented",238161,2,"NZ with NZ parents","Disabled",0,2,4,"Poor","None or almost none","Strongly agree","Very easy to be myself",2,7,3,4,"Yes",0,"Yes, always","Yes, sometimes",1,"Neither easy nor difficult","Easy","Neither easy nor difficult",2,"A lot more",1,1,"All of the time","Very hard","0","1","55-64",3,"   367.2",16928,32
448,8949.371,2018,33,"Male","European/Other","Degree","Employed","Partnered","Parent",1,"Rented",50337,1,"NZ with NZ parents","Non-disabled",3,8,10,"Excellent","None or almost none","Agree","Very easy to be myself",6,10,6,8,"Yes",15,"Yes, always","Yes, sometimes",4,"Neither easy nor difficult","Very easy","Very easy",5,"A little more",0,0,"Some of the time","Very easy","1","4+","25-34",2,"   670.0",30912,29
449,6497.912,2018,66,"Female","European/Other","Post-secondary NCEA/diploma","Employed","Not partnered","Not a parent",0,"Owned without mortgage",23414,6,"Long-term migrant","Non-disabled",4,6,8,"Very Good","None or almost none","Strongly disagree","Very easy to be myself",8,2,1,3,"Yes",19,"Yes, sometimes","Yes, sometimes",0,"Very easy","Very easy","Very easy",8,"No crime here",0,1,"None of the time","Very easy","0","0","65+",1,"   234.6",10672,23
450,6179.492,2018,60,"Female","European/Other","Less than secondary school","Employed","Partnered","Not a parent",0,"Owned with mortgage",142424,4,"Long-term migrant","Non-disabled",10,10,10,"Very Good","None or almost none","Agree","Very easy to be myself",3,0,0,0,"Yes",15,"No","No",0,"Easy","Very easy","Very easy",0,"No crime here",0,0,"Some of the time","Hard","0","0","55-64",3,"   609.1",28336,31
451,21232.48,2018,25,"Male","European/Other","Post-secondary NCEA/diploma","Employed","Not partnered","Not a parent",0,"Owned without mortgage",153332,7,"NZ with NZ parents","Non-disabled",6,8,8,"Excellent","Basic","Strongly agree","Very easy to be myself",8,8,5,5,"Yes",20,"Not applicable","No",4,"Very easy","Very easy","Easy",3,"Moved here recently",0,0,"None of the time","Very easy","0","4+","25-34",3,"   419.4",19504,37
452,9025.115,2018,23,"Male","European/Other","Less than secondary school","Employed","Not partnered","Not a parent",0,"Owned with mortgage",122734,6,"NZ with NZ parents","Non-disabled",4,5,7,"Good","None or almost none","Agree","Easy to be myself",5,10,5,8,"Not eligible",15,"No","No",2,"Easy","Easy","Easy",2,"A little less",0,1,"Some of the time","Easy","0","2","15-24",3,"   489.7",22080,41
453,8932.349,2018,42,"Male","European/Other","Secondary school","Employed","Partnered","Parent",2,"Rented",73697,5,"Recent migrant","Non-disabled",4,8,8,"Very Good","None or almost none","Agree","Very easy to be myself",5,9,5,5,"No",12,"Yes, always","Yes, sometimes",2,"Very easy","Easy","Very easy",8,"About the same",0,1,"None of the time","Easy","2","2","35-44",2,"   518.5",23920,63
454,4057.331,2018,25,"Male","European/Other","Less than secondary school","Employed","Not partnered","Not a parent",0,"Rented",95871,10,"Long-term migrant","Non-disabled",7,8,7,"Good","None or almost none","Neither agree nor disagree","Easy to be myself",7,8,5,6,"No",17,"No","No",4,"Easy","Very easy","Very easy",0,"About the same",0,0,"Some of the time","Sometimes easy, sometimes hard","0","4+","25-34",2,"   317.9",14720,32
455,2524.062,2018,38,"Male","European/Other","Degree","Employed","Not partnered","Parent",2,"Owned without mortgage",68992,2,"NZ with overseas parent(s)","Disabled",8,8,9,"Very Good","Basic","Strongly agree","Very easy to be myself",8,7,3,5,"Yes",10,"Yes, sometimes","Yes, sometimes",0,"Neither easy nor difficult","Very easy","Very difficult",1,"No crime here",0,0,"None of the time","Very easy","2","0","35-44",2,"   856.6",39376,38
456,8810.949,2018,58,"Female","European/Other","Secondary school","Employed","Partnered","Not a parent",0,"Owned without mortgage",133219,9,"NZ with NZ parents","Non-disabled",9,7,8,"Good","None or almost none","Strongly agree","Very easy to be myself",8,8,6,5,"Yes",18,"No","Yes, sometimes",4,"Very easy","Very easy","Very easy",10,"About the same",0,0,"Most of the time","Very easy","0","4+","55-64",3,"   485.9",22080,22
457,5138.559,2018,91,"Male","European/Other","Less than secondary school","Employed","Partnered","Not a parent",0,"Owned with mortgage",43938,2,"Long-term migrant","Non-disabled",5,9,9,"Very Good","None or almost none","Neither agree nor disagree","Very easy to be myself",7,7,5,6,"Yes",20,"Yes, often","Yes, sometimes",0,"Very easy","Very easy","Very easy",9,"A little less",0,0,"None of the time","Easy","0","0","65+",1,"   656.8",30176,42
458,2773.846,2018,55,"Female","European/Other","Less than secondary school","Employed","Partnered","Not a parent",0,"Owned with mortgage",96366,4,"NZ with NZ parents","Non-disabled",9,8,8,"Good","None or almost none","Strongly disagree","Very easy to be myself",7,9,3,3,"Yes",20,"Yes, sometimes","No",0,"Easy","Very easy","Easy",6,"A lot more",1,0,"None of the time","Easy","0","0","55-64",2,"   433.5",19872,26
459,5671.453,2018,22,"Female","European/Other","Less than secondary school","Employed","Not partnered","Not a parent",0,"Rented",47162,4,"NZ with overseas parent(s)","Non-disabled",5,9,8,"Very Good","Basic","Agree","Sometimes easy, sometimes hard",7,9,6,6,"Not eligible",17,"No","No",0,"Neither easy nor difficult","Very easy","Easy",2,"No crime here",0,1,"None of the time","Easy","0","0","15-24",1,"   177.4",8096,8
460,6148.361,2018,60,"Male","European/Other","Post-secondary NCEA/diploma","Employed","Partnered","Parent",1,"Owned without mortgage",174144,10,"NZ with unknown origin parents","Non-disabled",5,7,8,"Fair","Fluent","Strongly agree","Sometimes easy, sometimes hard",3,6,4,5,"Yes",14,"Yes, sometimes","No",0,"Easy","Very easy","Very easy",7,"A little less",1,1,"None of the time","Very easy","1","0","55-64",3,"   784.3",36432,31
461,6750.821,2018,48,"Female","European/Other","Secondary school","Employed","Not partnered","Not a parent",0,"Rented",42455,3,"Long-term migrant","Disabled",7,7,7,"Fair","None or almost none","Agree","Sometimes easy, sometimes hard",2,4,0,6,"Not eligible",8,"Yes, often","Yes, sometimes",4,"Difficult","Easy","Easy",7,"No crime here",1,0,"Some of the time","Hard","0","4+","45-54",1,"   305.5",14352,30
462,2878.629,2018,87,"Female","European/Other","Less than secondary school","Employed","Partnered","Not a parent",0,"Owned with mortgage",193679,5,"NZ with NZ parents","Non-disabled",10,8,8,"Good","Basic","Neither agree nor disagree","Very easy to be myself",5,9,4,5,"Yes",15,"Yes, sometimes","No",0,"Very easy","Very easy","Neither easy nor difficult",7,"No crime here",0,0,"None of the time","Sometimes easy, sometimes hard","0","0","65+",3,"   202.1",9200,32
463,3286.4,2018,22,"Female","European/Other","Secondary school","Employed","Partnered","Not a parent",0,"Rented",61943,7,"NZ with NZ parents","Non-disabled",6,8,8,"Excellent","None or almost none","Strongly agree","Very easy to be myself",9,10,10,10,"Yes",17,"Yes, sometimes","No",1,"Very easy","Very easy","Difficult",7,"A lot less",0,0,"None of the time","Very easy","0","1","15-24",2,"   449.2",20608,31
464,3381.454,2018,34,"Female","European/Other","Less than secondary school","Employed","Partnered","Not a parent",0,"Rented",131168,3,"NZ with NZ parents","Non-disabled",10,7,8,"Very Good","None or almost none","Strongly agree","Very easy to be myself",4,10,6,0,"No",19,"No","Yes, sometimes",4,"Very easy","Very easy","Very difficult",6,"No crime here",0,0,"None of the time","Hard","0","4+","25-34",3,"   552.3",25760,32
465,8016.334,2018,25,"Female","European/Other","Degree","Employed","Not partnered","Not a parent",0,"Owned with mortgage",117354,1,"NZ with NZ parents","Non-disabled",10,9,9,"Very Good","None or almost none","Strongly agree","Very easy to be myself",9,9,8,7,"Yes",18,"No","No",3,"Easy","Very easy","Difficult",5,"Moved here recently",0,0,"None of the time","Very easy","0","3","25-34",3,"   242.8",11408,16
466,7259.298,2018,50,"Female","European/Other","Secondary school","Employed","Partnered","Parent",1,"Owned without mortgage",103047,4,"NZ with NZ parents","Non-disabled",5,10,10,"Excellent","None or almost none","Agree","Very easy to be myself",9,10,9,10,"Yes",20,"No","No",0,"Very easy","Very easy","Very easy",5,"About the same",0,0,"None of the time","Very easy","1","0","45-54",3,"   158.1",7360,17
467,1664.985,2018,69,"Female","European/Other","Less than secondary school","Employed","Partnered","Not a parent",0,"Owned without mortgage",108488,1,"NZ with overseas parent(s)","Non-disabled",6,7,9,"Very Good","None or almost none","Strongly disagree","Very easy to be myself",8,10,6,7,"Yes",17,"No","No",1,"Easy","Easy","Neither easy nor difficult",2,"No crime here",1,0,"None of the time","Very easy","0","1","65+",3,"   106.1",4784,10
468,1554.773,2018,22,"Male","European/Other","Less than secondary school","Employed","Not partnered","Not a parent",0,"Rented",45070,9,"NZ with NZ parents","Non-disabled",1,8,10,"Very Good","Basic","Strongly agree","Very easy to be myself",9,9,2,9,"Not eligible",17,"Yes, often","Yes, sometimes",0,"Neither easy nor difficult","Easy","Difficult",10,"A little less",0,1,"None of the time","Very easy","0","0","15-24",1,"   577.3",26496,78
469,2218.399,2018,74,"Male","European/Other","Secondary school","Employed","Partnered","Not a parent",0,"Owned with mortgage",87981,10,"NZ with NZ parents","Disabled",9,9,6,"Very Good","Basic","Neither agree nor disagree","Easy to be myself",7,9,6,5,"Yes",17,"No","No",0,"Easy","Very easy","Very easy",7,"About the same",0,0,"None of the time","Sometimes easy, sometimes hard","0","0","65+",2,"   415.7",18768,13
470,6780.949,2018,47,"Female","European/Other","Less than secondary school","Employed","Partnered","Parent",2,"Owned without mortgage",240221,4,"Long-term migrant","Non-disabled",8,8,9,"Very Good","None or almost none","Neither agree nor disagree","Very easy to be myself",5,8,7,6,"Yes",12,"Yes, sometimes","No",3,"Easy","Easy","Very easy",4,"Moved here recently",0,0,"Some of the time","Easy","2","3","45-54",3,"   167.7",7728,20
471,8549.995,2018,32,"Female","European/Other","Secondary school","Employed","Not partnered","Not a parent",0,"Owned without mortgage",87173,9,"NZ with NZ parents","Non-disabled",5,7,7,"Excellent","None or almost none","Neither agree nor disagree","Very easy to be myself",3,6,0,0,"Yes",9,"Not applicable","Yes, sometimes",1,"Very easy","Very easy","Neither easy nor difficult",3,"A lot more",1,0,"Some of the time","Sometimes easy, sometimes hard","0","1","25-34",2,"   157.3",7360,11
472,3290.84,2018,48,"Male","European/Other","Less than secondary school","Employed","Not partnered","Not a parent",0,"Rented",39383,8,"NZ with overseas parent(s)","Non-disabled",6,10,10,"Excellent","None or almost none","Agree","Very easy to be myself",10,7,4,9,"Yes",17,"Not applicable","No",1,"Very easy","Very easy","Very easy",10,"Moved here recently",0,0,"None of the time","Very easy","0","1","45-54",1,"   624.0",28336,50
473,2003.854,2018,31,"Male","European/Other","Less than secondary school","Employed","Partnered","Parent",2,"Owned without mortgage",54857,7,"NZ with NZ parents","Non-disabled",5,8,7,"Good","Conversational","Agree","Sometimes easy, sometimes hard",3,8,3,5,"No",7,"Yes, often","No",4,"Very easy","Very easy","Difficult",4,"A lot more",1,0,"Some of the time","Sometimes easy, sometimes hard","2","4+","25-34",2,"   319.1",15088,22
474,3995.68,2018,83,"Female","European/Other","Degree","Employed","Partnered","Not a parent",0,"Owned with mortgage",55943,3,"NZ with NZ parents","Non-disabled",8,8,8,"Good","None or almost none","Disagree","Very easy to be myself",9,10,7,7,"Yes",18,"No","No",0,"Very easy","Very easy","Very easy",8,"No crime here",0,0,"None of the time","Very easy","0","0","65+",2,"   553.1",25392,33
475,5804.18,2018,29,"Female","European/Other","Post-secondary NCEA/diploma","Employed","Not partnered","Not a parent",0,"Rented",114766,5,"Recent migrant","Non-disabled",5,7,7,"Very Good","None or almost none","Agree","Easy to be myself",8,8,7,6,"Yes",13,"No","No",4,"Easy","Very easy","Very easy",8,"Moved here recently",0,1,"A little of the time","Easy","0","4+","25-34",3,"   280.8",13248,13
476,5370.01,2018,35,"Female","European/Other","Degree","Employed","Partnered","Parent",2,"Owned without mortgage",232424,10,"Recent migrant","Non-disabled",5,5,5,"Good","None or almost none","Neither agree nor disagree","Easy to be myself",5,5,5,6,"Yes",12,"Yes, always","Yes, sometimes",1,"Difficult","Neither easy nor difficult","Neither easy nor difficult",7,"No crime here",0,0,"A little of the time","Easy","2","1","35-44",3,"  1469.5",67712,26
477,4778.132,2018,37,"Female","European/Other","Post-secondary NCEA/diploma","Employed","Partnered","Parent",2,"Rented",110096,3,"NZ with NZ parents","Non-disabled",3,8,8,"Very Good","None or almost none","Agree","Very easy to be myself",8,9,4,3,"Yes",13,"Not applicable","No",1,"Neither easy nor difficult","Neither easy nor difficult","Difficult",8,"Moved here recently",0,0,"None of the time","Sometimes easy, sometimes hard","2","1","35-44",3,"   215.2",10304,21
478,3275.492,2018,38,"Female","European/Other","Degree","Employed","Partnered","Parent",2,"Owned without mortgage",117987,3,"NZ with NZ parents","Non-disabled",7,7,7,"Very Good","None or almost none","Neither agree nor disagree","Very easy to be myself",2,5,5,5,"Yes",9,"No","No",1,"Very easy","Very easy","Very easy",1,"A little less",0,0,"None of the time","Easy","2","1","35-44",3,"   596.8",27232,28
479,4663.508,2018,77,"Male","European/Other","Post-secondary NCEA/diploma","Employed","Not partnered","Not a parent",0,"Owned without mortgage",145807,4,"NZ with NZ parents","Non-disabled",7,8,8,"Very Good","None or almost none","Agree","Easy to be myself",8,7,5,7,"Yes",16,"No","No",1,"Easy","Easy","Easy",4,"No crime here",0,0,"A little of the time","Easy","0","1","65+",3,"   399.6",18032,31
480,2839.697,2018,74,"Male","European/Other","Less than secondary school","Employed","Not partnered","Not a parent",0,"Owned with mortgage",37470,5,"NZ with NZ parents","Non-disabled",5,9,9,"Excellent","None or almost none","Strongly disagree","Very easy to be myself",6,8,5,5,"Yes",19,"No","No",0,"Easy","Easy","Easy",7,"No crime here",0,0,"None of the time","Easy","0","0","65+",1,"   396.2",18400,30
481,1677.978,2018,16,"Female","European/Other","Less than secondary school","Employed","Not partnered","Not a parent",0,"Rented",19466,10,"NZ with NZ parents","Non-disabled",5,5,5,"Fair","None or almost none","Agree","Easy to be myself",5,2,3,2,"Not eligible",14,"Yes, sometimes","Yes, sometimes",0,"Easy","Easy","Easy",9,"About the same",0,0,"None of the time","Very hard","0","0","15-24",1,"   286.7",13616,56
482,3480.268,2018,73,"Female","European/Other","Secondary school","Employed","Partnered","Not a parent",0,"Owned with mortgage",43894,7,"NZ with NZ parents","Non-disabled",10,7,8,"Very Good","None or almost none","Neither agree nor disagree","Sometimes easy, sometimes hard",4,7,2,0,"Yes",12,"Yes, sometimes","No",0,"Easy","Very easy","Very easy",3,"A little more",0,0,"None of the time","Sometimes easy, sometimes hard","0","0","65+",1,"   334.9",15456,16
483,5215.857,2018,58,"Male","European/Other","Degree","Employed","Not partnered","Not a parent",0,"Owned with mortgage",99750,6,"NZ with NZ parents","Non-disabled",10,7,8,"Very Good","Basic","Agree","Very easy to be myself",5,9,4,7,"Yes",17,"Yes, sometimes","No",0,"Very easy","Very easy","Very easy",9,"About the same",0,1,"A little of the time","Easy","0","0","55-64",2,"  1070.8",49680,53
484,9327.432,2018,57,"Male","European/Other","Secondary school","Employed","Not partnered","Not a parent",0,"Owned without mortgage",41353,5,"NZ with NZ parents","Non-disabled",6,6,5,"Good","None or almost none","Strongly agree","Sometimes easy, sometimes hard",7,8,6,4,"Yes",8,"Yes, often","No",0,"Neither easy nor difficult","Easy","Easy",6,"About the same",0,1,"Some of the time","Hard","0","0","55-64",1,"   465.3",20976,34
485,3944.596,2018,58,"Male","European/Other","Secondary school","Employed","Partnered","Not a parent",0,"Owned with mortgage",178409,2,"Long-term migrant","Non-disabled",3,8,8,"Fair","None or almost none","Agree","Sometimes easy, sometimes hard",8,9,3,5,"Yes",12,"No","No",0,"Very easy","Very easy","Neither easy nor difficult",8,"No crime here",0,1,"None of the time","Easy","0","0","55-64",3,"   849.1",39376,76
486,9207.07,2018,30,"Female","European/Other","Secondary school","Employed","Not partnered","Not a parent",0,"Owned with mortgage",41862,6,"NZ with NZ parents","Non-disabled",8,7,8,"Very Good","Basic","Neither agree nor disagree","Very easy to be myself",8,9,3,7,"Yes",14,"No","Yes, sometimes",1,"Easy","Easy","Very difficult",9,"About the same",0,0,"None of the time","Very easy","0","1","25-34",1,"   501.2",22816,19
487,5981.094,2018,99,"Female","European/Other","Less than secondary school","Employed","Partnered","Not a parent",0,"Owned without mortgage",127015,6,"NZ with NZ parents","Non-disabled",3,8,9,"Very Good","None or almost none","Strongly disagree","Very easy to be myself",9,9,3,7,"Yes",19,"No","No",0,"Very easy","Very easy","Easy",5,"About the same",0,0,"None of the time","Very easy","0","0","65+",3,"   503.5",23184,29
488,4251.036,2018,66,"Male","European/Other","Secondary school","Employed","Not partnered","Not a parent",0,"Rented",33625,8,"NZ with NZ parents","Non-disabled",4,8,8,"Good","None or almost none","Disagree","Sometimes easy, sometimes hard",5,8,1,6,"Yes",15,"Not applicable","No",3,"Easy","Easy","Easy",7,"A little less",1,0,"A little of the time","Easy","0","3","65+",1,"   566.5",26496,23
489,1776.545,2018,34,"Male","European/Other","Less than secondary school","Employed","Partnered","Parent",4,"Owned without mortgage",76015,8,"NZ with overseas parent(s)","Non-disabled",4,8,8,"Good","Conversational","Neither agree nor disagree","Easy to be myself",7,8,6,8,"Yes",7,"Yes, often","Yes, sometimes",3,"Easy","Very easy","Very easy",5,"A lot less",1,1,"Most of the time","Hard","4+","3","25-34",2,"   614.7",28704,38
490,3552.262,2018,73,"Female","European/Other","Less than secondary school","Employed","Partnered","Not a parent",0,"Owned with mortgage",17031,9,"NZ with NZ parents","Non-disabled",7,10,9,"Good","None or almost none","Disagree","Easy to be myself",7,8,4,7,"Yes",20,"No","Yes, sometimes",0,"Easy","Easy","Very difficult",10,"A little less",0,0,"None of the time","Very easy","0","0","65+",1,"   621.3",28336,37
491,3610.708,2018,45,"Male","European/Other","Secondary school","Employed","Partnered","Not a parent",0,"Rented",124675,10,"NZ with overseas parent(s)","Non-disabled",5,7,8,"Very Good","Fluent","Strongly agree","Very easy to be myself",5,6,4,5,"Yes",12,"Yes, always","Yes, sometimes",4,"Very easy","Very easy","Very easy",8,"A lot more",0,0,"None of the time","Sometimes easy, sometimes hard","0","4+","45-54",3,"  1024.6",47472,32
492,2154.913,2018,66,"Male","European/Other","Post-secondary NCEA/diploma","Employed","Not partnered","Not a parent",0,"Owned with mortgage",32451,8,"NZ with NZ parents","Non-disabled",5,9,9,"Good","None or almost none","Disagree","Easy to be myself",5,2,1,3,"Yes",18,"Yes, sometimes","No",0,"Easy","Very easy","Easy",6,"A lot more",0,0,"Some of the time","Sometimes easy, sometimes hard","0","0","65+",1,"   251.2",11408,18
493,1915.707,2018,33,"Female","European/Other","Secondary school","Employed","Partnered","Parent",2,"Rented",72870,8,"NZ with unknown origin parents","Non-disabled",5,6,5,"Good","Basic","Disagree","Easy to be myself",7,10,2,5,"Yes",8,"Yes, often","Yes, sometimes",1,"Very easy","Very easy","Very easy",5,"No crime here",0,0,"None of the time","Easy","2","1","25-34",2,"   370.1",16928,27
494,6411.122,2018,72,"Male","European/Other","Degree","Employed","Not partnered","Not a parent",0,"Owned without mortgage",62663,7,"NZ with NZ parents","Non-disabled",4,9,10,"Very Good","Basic","Strongly agree","Very easy to be myself",8,10,8,10,"Yes",16,"No","Yes, sometimes",0,"Easy","Very easy","Very easy",7,"About the same",0,0,"None of the time","Easy","0","0","65+",2,"  1222.0",55936,13
495,19946.47,2018,88,"Male","European/Other","Less than secondary school","Employed","Not partnered","Not a parent",0,"Owned with mortgage",44522,7,"NZ with NZ parents","Non-disabled",10,10,10,"Excellent","None or almost none","Disagree","Easy to be myself",6,7,6,6,"Yes",19,"No","No",0,"Very easy","Very easy","Easy",7,"About the same",0,0,"None of the time","Very easy","0","0","65+",1,"   622.4",28336,30
496,2491.706,2018,54,"Male","European/Other","Secondary school","Employed","Partnered","Parent",3,"Owned without mortgage",88397,3,"Long-term migrant","Non-disabled",5,10,10,"Good","None or almost none","Neither agree nor disagree","Easy to be myself",5,8,5,6,"Yes",17,"No","No",0,"Very easy","Very easy","Easy",4,"A lot more",0,0,"None of the time","Very easy","3","0","45-54",2,"   632.5",28704,28
497,1467.786,2018,92,"Male","European/Other","Secondary school","Employed","Partnered","Not a parent",0,"Rented",98132,1,"NZ with NZ parents","Non-disabled",8,8,10,"Very Good","None or almost none","Disagree","Very easy to be myself",9,10,5,8,"Yes",17,"No","Yes, sometimes",1,"Easy","Easy","Easy",7,"No crime here",0,0,"None of the time","Very easy","0","1","65+",2,"   450.8",20976,37
498,9667.038,2018,60,"Male","European/Other","Less than secondary school","Employed","Partnered","Not a parent",0,"Rented",82005,1,"NZ with NZ parents","Non-disabled",10,10,10,"Good","None or almost none","Neither agree nor disagree","Very easy to be myself",5,9,3,2,"Yes",19,"No","No",0,"Very easy","Very easy","Very difficult",7,"About the same",1,0,"None of the time","Sometimes easy, sometimes hard","0","0","55-64",2,"   240.0",11040,22
499,5633.511,2018,24,"Male","European/Other","Less than secondary school","Employed","Not partnered","Not a parent",0,"Owned without mortgage",85437,2,"NZ with NZ parents","Non-disabled",10,8,6,"Very Good","Conversational","Agree","Very easy to be myself",5,7,7,8,"Not eligible",16,"Yes, sometimes","No",0,"Very easy","Very easy","Easy",7,"No crime here",0,0,"None of the time","Easy","0","0","15-24",2,"   796.5",36432,116
500,4577.918,2018,54,"Male","European/Other","Less than secondary school","Employed","Partnered","Not a parent",0,"Owned without mortgage",307487,3,"NZ with NZ parents","Non-disabled",5,8,9,"Excellent","None or almost none","Strongly agree","Very easy to be myself",8,10,5,8,"Yes",15,"Yes, often","Yes, sometimes",3,"Very easy","Very easy","Very easy",5,"About the same",0,0,"None of the time","Very easy","0","3","45-54",3,"   611.2",27968,46
501,8681.119,2018,52,"Male","European/Other","Less than secondary school","Employed","Partnered","Not a parent",0,"Rented",131680,6,"NZ with NZ parents","Non-disabled",7,4,8,"Good","None or almost none","Strongly agree","Very easy to be myself",6,8,5,5,"No",14,"No","No",3,"Easy","Very easy","Very difficult",8,"Moved here recently",0,0,"None of the time","Very easy","0","3","45-54",3,"   311.3",14720,32
502,7406.529,2018,46,"Male","European/Other","Post-secondary NCEA/diploma","Employed","Partnered","Not a parent",0,"Owned without mortgage",198128,1,"NZ with NZ parents","Non-disabled",6,8,8,"Very Good","None or almost none","Disagree","Very easy to be myself",8,9,3,2,"Yes",19,"No","No",0,"Very easy","Very easy","Difficult",8,"About the same",0,0,"None of the time","Easy","0","0","45-54",3,"   507.3",23184,30
503,9965.877,2018,56,"Male","European/Other","Less than secondary school","Employed","Not partnered","Not a parent",0,"Rented",32914,10,"NZ with NZ parents","Non-disabled",5,3,5,"Poor","None or almost none","Disagree","Easy to be myself",4,6,0,0,"Yes",4,"Yes, often","No",2,"Very easy","Easy","Easy",2,"A little less",0,0,"None of the time","Sometimes easy, sometimes hard","0","2","55-64",1,"   150.1",6992,16
504,5059.219,2018,83,"Female","European/Other","Secondary school","Employed","Partnered","Not a parent",0,"Owned without mortgage",85866,4,"Long-term migrant","Non-disabled",8,8,9,"Good","None or almost none","Neither agree nor disagree","Easy to be myself",7,10,7,8,"Yes",13,"Yes, sometimes","Yes, sometimes",0,"Neither easy nor difficult","Easy","Easy",7,"About the same",0,0,"A little of the time","Very easy","0","0","65+",2,"   204.8",9568,4
505,3980.1,2018,15,"Male","European/Other","Less than secondary school","Employed","Not partnered","Not a parent",0,"Rented",21467,9,"NZ with NZ parents","Non-disabled",2,7,6,"Good","Conversational","Neither agree nor disagree","Very easy to be myself",6,8,0,5,"Not eligible",6,"Not applicable","No",4,"Neither easy nor difficult","Very easy","Very easy",4,"Moved here recently",1,0,"Some of the time","Sometimes easy, sometimes hard","0","4+","15-24",1,"   372.2",17296,26
506,3753.226,2018,36,"Female","European/Other","Less than secondary school","Employed","Not partnered","Not a parent",0,"Rented",73324,10,"Long-term migrant","Non-disabled",7,10,8,"Very Good","None or almost none","Agree","Sometimes easy, sometimes hard",4,6,3,6,"Yes",12,"No","No",0,"Easy","Easy","Easy",2,"About the same",0,1,"None of the time","Easy","0","0","35-44",2,"   267.1",12512,2
507,4025.189,2018,42,"Male","European/Other","Degree","Employed","Partnered","Parent",2,"Rented",196238,1,"NZ with NZ parents","Non-disabled",5,10,10,"Excellent","Basic","Agree","Sometimes easy, sometimes hard",7,10,4,5,"Yes",11,"No","No",0,"Very easy","Very easy","Very easy",8,"A little less",1,0,"None of the time","Very easy","2","0","35-44",3,"   294.5",13616,42
508,4351.515,2018,20,"Male","European/Other","Less than secondary school","Employed","Not partnered","Not a parent",0,"Owned without mortgage",109649,8,"NZ with NZ parents","Non-disabled",10,9,7,"Very Good","Basic","Agree","Very easy to be myself",8,10,9,6,"Yes",18,"No","No",0,"Very easy","Very easy","Very easy",7,"A little less",0,0,"None of the time","Very easy","0","0","15-24",3,"   728.8",33856,48
509,5133.725,2018,35,"Female","European/Other","Less than secondary school","Employed","Partnered","Parent",2,"Owned with mortgage",196927,1,"NZ with NZ parents","Non-disabled",5,9,9,"Very Good","Basic","Strongly disagree","Very easy to be myself",8,8,4,7,"Yes",20,"No","No",0,"Easy","Very easy","Easy",10,"A lot more",1,0,"None of the time","Easy","2","0","35-44",3,"   382.9",17296,16
510,6018.26,2018,70,"Male","European/Other","Secondary school","Employed","Not partnered","Not a parent",0,"Owned with mortgage",47931,3,"NZ with NZ parents","Non-disabled",5,7,7,"Very Good","None or almost none","Disagree","Easy to be myself",7,8,7,10,"Yes",15,"Yes, always","Yes, sometimes",0,"Neither easy nor difficult","Easy","Difficult",8,"About the same",0,0,"None of the time","Easy","0","0","65+",1,"   981.3",44896,34
511,5468.424,2018,48,"Female","European/Other","Degree","Employed","Partnered","Not a parent",0,"Owned with mortgage",242219,4,"Long-term migrant","Non-disabled",7,10,10,"Excellent","None or almost none","Neither agree nor disagree","Sometimes easy, sometimes hard",9,9,6,8,"Yes",17,"No","Yes, sometimes",0,"Very easy","Very easy","Very difficult",5,"A lot less",0,0,"Some of the time","Sometimes easy, sometimes hard","0","0","45-54",3,"  1130.9",52256,45
512,6799.519,2018,45,"Male","European/Other","Degree","Employed","Partnered","Parent",1,"Owned with mortgage",212887,5,"Long-term migrant","Non-disabled",10,8,9,"Excellent","Conversational","Neither agree nor disagree","Easy to be myself",8,8,2,6,"Yes",15,"Yes, sometimes","No",0,"Easy","Very easy","Very easy",9,"About the same",0,0,"None of the time","Easy","1","0","45-54",3,"   477.0",21712,44
513,4345.209,2018,30,"Female","European/Other","Less than secondary school","Employed","Partnered","Parent",2,"Rented",38533,7,"Long-term migrant","Non-disabled",7,10,10,"Good","None or almost none","Agree","Very easy to be myself",8,10,5,8,"Yes",12,"Not applicable","No",3,"Easy","Very easy","Very easy",0,"Moved here recently",0,0,"None of the time","Very easy","2","3","25-34",1,"   356.1",16560,2
514,4607.192,2018,72,"Male","European/Other","Less than secondary school","Employed","Partnered","Not a parent",0,"Owned with mortgage",48740,9,"NZ with NZ parents","Non-disabled",10,8,8,"Fair","Fluent","Strongly agree","Easy to be myself",7,9,6,8,"Yes",20,"No","No",0,"Neither easy nor difficult","Very easy","Very difficult",10,"No crime here",0,0,"None of the time","Very easy","0","0","65+",1,"   719.9",32752,36
515,4146.383,2018,65,"Male","European/Other","Secondary school","Employed","Not partnered","Not a parent",0,"Rented",16650,10,"Long-term migrant","Non-disabled",6,10,10,"Very Good","None or almost none","Disagree","Easy to be myself",10,10,0,1,"Yes",13,"No","Yes, always",0,"Very easy","Very easy","Easy",10,"No crime here",0,0,"None of the time","Very easy","0","0","65+",1,"   576.6",26864,32
516,3188.895,2018,31,"Female","European/Other","Less than secondary school","Employed","Not partnered","Not a parent",0,"Rented",31554,4,"NZ with overseas parent(s)","Non-disabled",6,7,7,"Good","None or almost none","Neither agree nor disagree","Very easy to be myself",6,10,6,6,"No",12,"Yes, sometimes","Yes, sometimes",2,"Very easy","Very easy","Very easy",8,"Moved here recently",0,0,"None of the time","Very easy","0","2","25-34",1,"   357.4",16560,6
517,2484.121,2018,15,"Male","European/Other","Less than secondary school","Employed","Partnered","Parent",2,"Rented",12257,9,"NZ with NZ parents","Disabled",5,7,10,"Good","Fluent","Strongly agree","Sometimes easy, sometimes hard",2,10,5,6,"No",0,"Yes, always","Yes, sometimes",4,"Difficult","Very easy","Neither easy nor difficult",0,"About the same",0,0,"Some of the time","Hard","2","4+","15-24",1,"   594.8",27232,41
518,5603.625,2018,46,"Male","European/Other","Less than secondary school","Employed","Partnered","Not a parent",0,"Owned without mortgage",165768,2,"NZ with NZ parents","Non-disabled",6,10,7,"Good","None or almost none","Neither agree nor disagree","Very easy to be myself",6,9,5,3,"No",13,"Yes, sometimes","No",3,"Easy","Very easy","Very easy",1,"About the same",0,0,"None of the time","Sometimes easy, sometimes hard","0","3","45-54",3,"   239.7",10672,25
519,5603.625,2018,17,"Male","European/Other","Less than secondary school","Employed","Not partnered","Not a parent",0,"Rented",15867,10,"NZ with NZ parents","Non-disabled",4,9,10,"Good","Basic","Agree","Sometimes easy, sometimes hard",5,5,0,0,"Yes",5,"No","No",4,"Very easy","Very easy","Very easy",2,"A lot more",0,1,"A little of the time","Sometimes easy, sometimes hard","0","4+","15-24",1,"   621.1",28704,30
520,17894.5,2018,33,"Female","European/Other","Less than secondary school","Employed","Partnered","Parent",3,"Rented",158291,10,"NZ with unknown origin parents","Non-disabled",5,10,7,"Very Good","None or almost none","Strongly agree","Very easy to be myself",6,7,3,2,"Yes",16,"Yes, sometimes","No",2,"Easy","Very easy","Very easy",5,"No crime here",0,0,"A little of the time","Easy","3","2","25-34",3,"   288.6",12880,26
521,2533.995,2018,53,"Female","European/Other","Secondary school","Employed","Partnered","Parent",1,"Rented",104919,2,"Recent migrant","Non-disabled",3,8,8,"Excellent","None or almost none","Agree","Easy to be myself",6,9,7,5,"No",17,"No","No",1,"Easy","Easy","Easy",7,"A little more",1,1,"None of the time","Easy","1","1","45-54",3,"   711.7",32752,35
522,4540.907,2018,51,"Male","European/Other","Post-secondary NCEA/diploma","Employed","Not partnered","Not a parent",0,"Rented",69801,4,"NZ with overseas parent(s)","Non-disabled",4,8,9,"Very Good","None or almost none","Agree","Very easy to be myself",8,9,4,5,"Yes",17,"Yes, sometimes","No",1,"Easy","Very easy","Very easy",4,"Moved here recently",0,0,"A little of the time","Easy","0","1","45-54",2,"  1659.9",76176,0
523,3291.399,2018,63,"Male","European/Other","Degree","Employed","Not partnered","Not a parent",0,"Owned without mortgage",161188,10,"NZ with NZ parents","Non-disabled",10,8,10,"Fair","Conversational","Strongly agree","Easy to be myself",5,8,3,0,"Yes",17,"Yes, sometimes","No",0,"Easy","Easy","Easy",7,"A lot more",1,0,"A little of the time","Easy","0","0","55-64",3,"  1328.9",61088,45
524,1511.59,2018,39,"Male","European/Other","Degree","Employed","Not partnered","Not a parent",0,"Owned with mortgage",29025,2,"Long-term migrant","Non-disabled",8,7,5,"Very Good","None or almost none","Agree","Easy to be myself",8,6,5,6,"No",11,"No","No",0,"Very easy","Very easy","Easy",5,"About the same",0,1,"Some of the time","Easy","0","0","35-44",1,"  1702.0",78752,23
525,12048.75,2018,28,"Male","European/Other","Secondary school","Employed","Not partnered","Parent",1,"Rented",17975,10,"Medium-term migrant","Non-disabled",0,5,7,"Very Good","None or almost none","Disagree","Easy to be myself",2,8,6,5,"No",0,"Not applicable","No",2,"Very easy","Very easy","Very easy",3,"Moved here recently",0,0,"A little of the time","Easy","1","2","25-34",1,"   420.4",19136,35
526,1612.295,2018,21,"Female","European/Other","Less than secondary school","Employed","Partnered","Parent",1,"Rented",257590,9,"NZ with NZ parents","Non-disabled",5,9,9,"Very Good","Basic","Strongly agree","Very easy to be myself",2,8,2,2,"No",15,"Yes, sometimes","Yes, sometimes",4,"Neither easy nor difficult","Easy","Neither easy nor difficult",5,"A little more",1,1,"A little of the time","Easy","1","4+","15-24",3,"   362.8",16560,2
527,5501.636,2018,27,"Female","European/Other","Less than secondary school","Employed","Partnered","Parent",2,"Rented",144671,9,"NZ with unknown origin parents","Non-disabled",8,7,10,"Very Good","Basic","Strongly agree","Very easy to be myself",8,8,5,5,"No",14,"Yes, sometimes","No",2,"Very easy","Very easy","Very easy",5,"A lot more",1,0,"A little of the time","Hard","2","2","25-34",3,"   478.6",21712,32
528,6245.736,2018,80,"Female","European/Other","Less than secondary school","Employed","Not partnered","Not a parent",0,"Owned without mortgage",45538,7,"NZ with NZ parents","Non-disabled",6,5,5,"Fair","None or almost none","Disagree","Easy to be myself",1,7,4,6,"Yes",4,"Yes, often","Yes, always",0,"Easy","Very easy","Easy",2,"About the same",0,0,"Most of the time","Easy","0","0","65+",1,"  1148.4",52624,35
529,16587.88,2018,67,"Male","European/Other","Secondary school","Employed","Partnered","Not a parent",0,"Rented",85501,7,"Long-term migrant","Non-disabled",5,9,5,"Poor","None or almost none","Neither agree nor disagree","Easy to be myself",3,10,4,4,"Yes",12,"Yes, always","Yes, sometimes",1,"Neither easy nor difficult","Very easy","Very easy",4,"A little less",0,0,"None of the time","Easy","0","1","65+",2,"   358.1",16192,28
530,2131.561,2018,31,"Female","European/Other","Post-secondary NCEA/diploma","Employed","Partnered","Parent",1,"Owned without mortgage",76477,7,"NZ with NZ parents","Non-disabled",7,10,8,"Excellent","None or almost none","Neither agree nor disagree","Very easy to be myself",7,8,5,5,"Yes",19,"No","No",0,"Very easy","Very easy","Very easy",8,"About the same",0,0,"None of the time","Very easy","1","0","25-34",2,"   382.8",18032,26
531,3717.179,2018,19,"Male","European/Other","Secondary school","Employed","Partnered","Not a parent",0,"Rented",74703,7,"NZ with overseas parent(s)","Non-disabled",8,5,7,"Good","None or almost none","Neither agree nor disagree","Very easy to be myself",8,10,6,6,"Yes",15,"Not applicable","Yes, sometimes",3,"Very easy","Very easy","Easy",8,"A little more",0,0,"Some of the time","Very easy","0","3","15-24",2,"   689.9",31648,30
532,11598.25,2018,64,"Female","European/Other","Post-secondary NCEA/diploma","Employed","Not partnered","Not a parent",0,"Rented",37255,6,"NZ with NZ parents","Non-disabled",4,8,8,"Very Good","Basic","Disagree","Sometimes easy, sometimes hard",6,5,8,4,"No",14,"Yes, sometimes","Yes, sometimes",1,"Difficult","Very easy","Easy",3,"A little less",0,0,"None of the time","Easy","0","1","55-64",1,"   870.9",40112,37
533,7159.373,2018,42,"Female","European/Other","Degree","Employed","Not partnered","Parent",3,"Owned without mortgage",85533,2,"NZ with NZ parents","Non-disabled",9,7,7,"Good","Conversational","Strongly agree","Very easy to be myself",8,9,6,7,"Yes",11,"Yes, sometimes","No",0,"Very easy","Very easy","Very easy",8,"A lot less",0,0,"A little of the time","Easy","3","0","35-44",2,"   926.3",42688,35
534,11343.56,2018,25,"Male","European/Other","Degree","Employed","Not partnered","Not a parent",0,"Owned with mortgage",93392,6,"Long-term migrant","Non-disabled",9,6,7,"Excellent","None or almost none","Agree","Very easy to be myself",6,7,6,6,"Yes",14,"Yes, sometimes","No",0,"Very easy","Easy","Very easy",4,"A lot less",0,1,"None of the time","Easy","0","0","25-34",2,"   267.3",12144,15
535,4958.636,2018,70,"Male","European/Other","Secondary school","Employed","Not partnered","Not a parent",0,"Owned with mortgage",49002,10,"Long-term migrant","Non-disabled",8,8,8,"Good","None or almost none","Strongly agree","Very easy to be myself",8,9,6,5,"Yes",20,"No","No",0,"Very easy","Very easy","Easy",9,"About the same",0,0,"A little of the time","Easy","0","0","65+",1,"   607.4",27600,32
536,19255.25,2018,54,"Female","European/Other","Secondary school","Employed","Partnered","Not a parent",0,"Owned without mortgage",19659,10,"Long-term migrant","Non-disabled",8,7,7,"Very Good","None or almost none","Agree","Sometimes easy, sometimes hard",5,4,1,4,"No",10,"No","No",0,"Very easy","Very easy","Very difficult",0,"No crime here",0,0,"None of the time","Easy","0","0","45-54",1,"   102.3",4416,10
537,11145.01,2018,81,"Female","European/Other","Secondary school","Employed","Partnered","Not a parent",0,"Owned with mortgage",49700,7,"NZ with NZ parents","Non-disabled",7,9,10,"Good","None or almost none","Disagree","Easy to be myself",7,8,6,5,"Yes",20,"No","No",0,"Very easy","Very easy","Very easy",10,"No crime here",0,0,"None of the time","Easy","0","0","65+",1,"   171.5",7728,9
538,10132.42,2018,68,"Male","European/Other","Less than secondary school","Employed","Not partnered","Not a parent",0,"Owned with mortgage",48083,4,"NZ with overseas parent(s)","Non-disabled",5,4,4,"Poor","None or almost none","Disagree","Easy to be myself",8,9,2,3,"Yes",19,"No","No",0,"Very easy","Easy","Very difficult",9,"No crime here",0,0,"A little of the time","Very easy","0","0","65+",1,"   673.9",30544,43
539,7058.818,2018,49,"Female","European/Other","Secondary school","Employed","Partnered","Not a parent",0,"Owned without mortgage",160602,8,"NZ with NZ parents","Non-disabled",7,8,9,"Good","None or almost none","Strongly agree","Easy to be myself",8,6,3,5,"No",20,"No","Yes, sometimes",1,"Very easy","Very easy","Easy",0,"No crime here",0,0,"None of the time","Easy","0","1","45-54",3,"   213.3",9568,6
540,13960.11,2018,91,"Female","European/Other","Post-secondary NCEA/diploma","Employed","Not partnered","Parent",2,"Owned without mortgage",152523,3,"Long-term migrant","Non-disabled",8,9,8,"Very Good","None or almost none","Neither agree nor disagree","Easy to be myself",5,8,7,8,"Yes",14,"Yes, often","No",0,"Easy","Neither easy nor difficult","Neither easy nor difficult",7,"No crime here",0,0,"Some of the time","Sometimes easy, sometimes hard","2","0","65+",3,"   221.3",10304,17
541,8289.541,2018,73,"Male","European/Other","Less than secondary school","Employed","Partnered","Not a parent",0,"Owned with mortgage",59341,8,"NZ with NZ parents","Non-disabled",8,9,8,"Very Good","None or almost none","Agree","Very easy to be myself",8,6,7,6,"Yes",20,"Yes, sometimes","No",0,"Easy","Easy","Very easy",8,"A little less",0,0,"None of the time","Easy","0","0","65+",2,"   697.3",32384,41
542,7115.852,2018,67,"Male","European/Other","Less than secondary school","Employed","Not partnered","Not a parent",0,"Owned with mortgage",45295,4,"NZ with NZ parents","Non-disabled",10,8,7,"Very Good","Basic","Disagree","Very easy to be myself",8,8,2,5,"Yes",16,"No","No",0,"Easy","Very easy","Very difficult",7,"A little more",0,0,"A little of the time","Easy","0","0","65+",1,"   537.3",25024,38
543,10274.55,2018,60,"Female","European/Other","Degree","Employed","Partnered","Not a parent",0,"Owned with mortgage",150243,4,"NZ with NZ parents","Non-disabled",10,8,8,"Poor","None or almost none","Strongly disagree","Sometimes easy, sometimes hard",7,7,2,3,"Yes",20,"Yes, sometimes","No",0,"Easy","Easy","Very difficult",7,"A little more",0,0,"None of the time","Sometimes easy, sometimes hard","0","0","55-64",3,"   759.0",34592,51
544,5952.263,2018,40,"Female","European/Other","Degree","Employed","Not partnered","Not a parent",0,"Owned without mortgage",129645,9,"NZ with NZ parents","Non-disabled",4,7,8,"Good","None or almost none","Disagree","Easy to be myself",6,8,4,7,"Yes",17,"Yes, always","Yes, sometimes",1,"Easy","Easy","Very easy",3,"About the same",0,1,"A little of the time","Very easy","0","1","35-44",3,"  1746.1",80592,56
545,2033.833,2018,45,"Female","European/Other","Secondary school","Employed","Partnered","Not a parent",0,"Owned without mortgage",199102,1,"NZ with overseas parent(s)","Non-disabled",8,8,7,"Very Good","None or almost none","Agree","Very easy to be myself",7,9,6,6,"Yes",18,"No","No",0,"Easy","Very easy","Very easy",8,"A lot more",0,0,"None of the time","Very easy","0","0","45-54",3,"   158.8",6992,14
546,1629.689,2018,37,"Male","European/Other","Secondary school","Employed","Not partnered","Not a parent",0,"Rented",48228,4,"NZ with NZ parents","Non-disabled",7,7,7,"Fair","None or almost none","Neither agree nor disagree","Easy to be myself",6,8,4,5,"Yes",13,"No","Yes, sometimes",3,"Easy","Very easy","Very difficult",8,"A little more",0,0,"Some of the time","Sometimes easy, sometimes hard","0","3","35-44",1,"   305.8",14352,13
547,1993.753,2018,18,"Male","European/Other","Less than secondary school","Employed","Not partnered","Not a parent",0,"Rented",94842,5,"Medium-term migrant","Non-disabled",3,6,8,"Very Good","None or almost none","Neither agree nor disagree","Very easy to be myself",9,9,7,7,"Not eligible",15,"No","No",0,"Easy","Easy","Very easy",2,"No crime here",0,0,"A little of the time","Very easy","0","0","15-24",2,"   632.4",28704,30
548,8350.045,2018,57,"Female","European/Other","Post-secondary NCEA/diploma","Employed","Not partnered","Not a parent",0,"Owned with mortgage",130756,1,"NZ with overseas parent(s)","Non-disabled",7,7,8,"Very Good","None or almost none","Agree","Easy to be myself",5,7,5,6,"Yes",14,"Yes, sometimes","No",0,"Very easy","Very easy","Easy",6,"About the same",0,0,"None of the time","Easy","0","0","55-64",3,"   558.8",26128,32
549,3874.671,2018,32,"Female","European/Other","Degree","Employed","Partnered","Not a parent",0,"Rented",61726,8,"Recent migrant","Non-disabled",4,5,3,"Very Good","None or almost none","Agree","Sometimes easy, sometimes hard",8,7,6,7,"No",3,"No","No",1,"Easy","Easy","Easy",0,"Moved here recently",0,1,"Some of the time","Sometimes easy, sometimes hard","0","1","25-34",2,"   550.5",25392,35
550,14664.76,2018,46,"Male","European/Other","Less than secondary school","Employed","Not partnered","Not a parent",0,"Rented",106974,9,"NZ with NZ parents","Disabled",7,5,8,"Good","Basic","Agree","Easy to be myself",4,8,5,7,"Yes",5,"No","No",0,"Easy","Easy","Easy",10,"No crime here",0,0,"None of the time","Easy","0","0","45-54",3,"   412.8",18768,44
551,6364.592,2018,21,"Female","European/Other","Less than secondary school","Employed","Not partnered","Not a parent",0,"Rented",74623,9,"NZ with overseas parent(s)","Non-disabled",1,8,6,"Very Good","Basic","Strongly agree","Sometimes easy, sometimes hard",6,3,0,1,"Yes",7,"Yes, sometimes","Yes, sometimes",1,"Easy","Easy","Easy",7,"A lot more",1,1,"None of the time","Sometimes easy, sometimes hard","0","1","15-24",2,"   147.4",6624,14
552,3912.951,2018,43,"Female","European/Other","Degree","Employed","Partnered","Parent",1,"Rented",157249,4,"Recent migrant","Non-disabled",5,7,7,"Good","None or almost none","Neither agree nor disagree","Easy to be myself",7,7,5,7,"No",16,"No","No",3,"Neither easy nor difficult","Easy","Easy",4,"No crime here",0,0,"A little of the time","Sometimes easy, sometimes hard","1","3","35-44",3,"  1703.7",78384,34
553,6547.482,2018,39,"Male","European/Other","Degree","Employed","Partnered","Not a parent",0,"Owned without mortgage",80653,9,"Long-term migrant","Disabled",6,8,8,"Poor","None or almost none","Agree","Very easy to be myself",7,10,3,10,"Yes",11,"Not applicable","No",1,"Difficult","Easy","Easy",5,"Moved here recently",0,0,"A little of the time","Easy","0","1","35-44",2,"   752.0",34960,36
554,5899.223,2018,56,"Female","European/Other","Less than secondary school","Employed","Partnered","Not a parent",0,"Rented",23147,9,"NZ with NZ parents","Non-disabled",2,10,10,"Very Good","None or almost none","Strongly agree","Sometimes easy, sometimes hard",5,0,0,0,"No",15,"Yes, often","Yes, sometimes",0,"Very easy","Very easy","Very easy",5,"A little less",1,0,"None of the time","Very hard","0","0","55-64",1,"   518.0",23920,29
555,8746.339,2018,73,"Male","European/Other","Post-secondary NCEA/diploma","Employed","Not partnered","Not a parent",0,"Owned with mortgage",24195,3,"NZ with overseas parent(s)","Non-disabled",6,9,8,"Very Good","None or almost none","Agree","Easy to be myself",5,9,4,5,"Yes",16,"No","No",0,"Easy","Easy","Easy",10,"About the same",0,0,"A little of the time","Very easy","0","0","65+",1,"   591.2",27232,30
556,16109.9,2018,59,"Female","European/Other","Secondary school","Employed","Not partnered","Not a parent",0,"Owned with mortgage",40237,1,"NZ with NZ parents","Non-disabled",10,10,10,"Good","None or almost none","Neither agree nor disagree","Very easy to be myself",7,10,5,5,"Yes",12,"No","Yes, sometimes",0,"Very easy","Very easy","Neither easy nor difficult",5,"No crime here",0,0,"None of the time","Easy","0","0","55-64",1,"   192.4",8464,2
557,8393.329,2018,53,"Male","European/Other","Less than secondary school","Employed","Partnered","Parent",2,"Rented",69198,4,"NZ with NZ parents","Non-disabled",5,5,5,"Very Good","None or almost none","Strongly disagree","Sometimes easy, sometimes hard",4,7,2,1,"Yes",10,"No","No",0,"Easy","Easy","Difficult",3,"About the same",0,0,"Some of the time","Very hard","2","0","45-54",2,"   560.9",26128,46
558,3959.174,2018,69,"Male","European/Other","Less than secondary school","Employed","Not partnered","Not a parent",0,"Rented",40999,8,"Long-term migrant","Disabled",8,10,10,"Good","Conversational","Agree","Very easy to be myself",7,8,4,8,"Yes",11,"Yes, often","No",0,"Very easy","Very easy","Very easy",7,"About the same",0,0,"None of the time","Very easy","0","0","65+",1,"  1251.5",57408,43
559,2802.72,2018,37,"Female","European/Other","Less than secondary school","Employed","Partnered","Parent",1,"Owned with mortgage",52086,2,"Medium-term migrant","Non-disabled",2,10,10,"Good","None or almost none","Agree","Easy to be myself",8,6,8,6,"No",16,"Yes, sometimes","Yes, sometimes",2,"Easy","Easy","Easy",5,"A little more",0,1,"None of the time","Very easy","1","2","35-44",2,"   314.5",14720,24
560,2802.72,2018,26,"Male","European/Other","Less than secondary school","Employed","Not partnered","Not a parent",0,"Owned without mortgage",149849,5,"NZ with NZ parents","Non-disabled",5,7,10,"Good","Conversational","Strongly agree","Easy to be myself",8,6,2,5,"Yes",10,"No","Yes, sometimes",0,"Neither easy nor difficult","Easy","Easy",2,"A little more",1,1,"Some of the time","Sometimes easy, sometimes hard","0","0","25-34",3,"  1248.7",57408,46
561,6322.797,2018,58,"Male","European/Other","Secondary school","Employed","Partnered","Not a parent",0,"Owned without mortgage",139495,1,"NZ with NZ parents","Non-disabled",2,7,8,"Good","None or almost none","Agree","Very easy to be myself",5,6,5,5,"Yes",16,"Yes, sometimes","No",1,"Very easy","Very easy","Very easy",4,"Moved here recently",0,0,"A little of the time","Easy","0","1","55-64",3,"   542.5",24656,32
562,12677.73,2018,46,"Male","European/Other","Less than secondary school","Employed","Not partnered","Parent",1,"Rented",45710,7,"NZ with NZ parents","Non-disabled",6,5,6,"Fair","None or almost none","Disagree","Easy to be myself",2,9,2,3,"Yes",7,"Not applicable","No",3,"Easy","Easy","Easy",8,"A little more",0,0,"A little of the time","Easy","1","3","45-54",1,"   609.9",28336,36
563,19957.04,2018,63,"Female","European/Other","Secondary school","Employed","Partnered","Not a parent",0,"Rented",97774,8,"Long-term migrant","Disabled",7,8,9,"Good","None or almost none","Agree","Very easy to be myself",9,10,4,10,"Yes",15,"Yes, often","No",2,"Very easy","Very easy","Very easy",9,"A little more",0,0,"Some of the time","Very easy","0","2","55-64",2,"   127.8",5520,13
564,5713.297,2018,54,"Male","European/Other","Degree","Employed","Not partnered","Not a parent",0,"Owned without mortgage",65556,9,"NZ with overseas parent(s)","Non-disabled",5,7,8,"Fair","None or almost none","Strongly agree","Easy to be myself",6,8,3,3,"Yes",9,"No","No",0,"Easy","Very easy","Difficult",5,"About the same",0,1,"A little of the time","Easy","0","0","45-54",2,"   969.1",44896,38
565,11522.94,2018,26,"Female","European/Other","Secondary school","Employed","Partnered","Parent",2,"Rented",56668,5,"NZ with NZ parents","Disabled",6,10,8,"Very Good","Conversational","Agree","Very easy to be myself",5,0,5,3,"Yes",13,"Yes, always","Yes, always",4,"Easy","Easy","Very difficult",4,"A lot less",0,1,"None of the time","Easy","2","4+","25-34",2,"   591.5",26864,31
566,9754.286,2018,67,"Male","European/Other","Less than secondary school","Employed","Partnered","Not a parent",0,"Owned without mortgage",47652,5,"NZ with overseas parent(s)","Non-disabled",6,8,9,"Very Good","None or almost none","Disagree","Very easy to be myself",7,8,5,5,"Yes",15,"No","No",0,"Very easy","Very easy","Very easy",1,"No crime here",0,0,"None of the time","Very easy","0","0","65+",1,"   413.2",19136,32
567,7699.927,2018,24,"Male","European/Other","Less than secondary school","Employed","Not partnered","Not a parent",0,"Rented",26099,10,"NZ with overseas parent(s)","Non-disabled",9,7,8,"Very Good","Basic","Agree","Easy to be myself",5,7,4,3,"Not eligible",4,"Yes, often","Yes, sometimes",0,"Very easy","Very easy","Easy",5,"About the same",0,0,"None of the time","Sometimes easy, sometimes hard","0","0","15-24",1,"   381.2",17296,26
568,8405.247,2018,62,"Female","European/Other","Less than secondary school","Employed","Partnered","Not a parent",0,"Owned with mortgage",55956,10,"NZ with NZ parents","Non-disabled",7,7,8,"Very Good","Basic","Neither agree nor disagree","Very easy to be myself",6,9,0,1,"Yes",15,"Yes, sometimes","No",0,"Very easy","Very easy","Difficult",6,"A little more",0,0,"Some of the time","Very easy","0","0","55-64",2,"   352.9",16192,32
569,3274.704,2018,86,"Male","European/Other","Less than secondary school","Employed","Partnered","Not a parent",0,"Owned without mortgage",105216,7,"NZ with NZ parents","Non-disabled",5,10,10,"Very Good","None or almost none","Neither agree nor disagree","Very easy to be myself",7,8,4,6,"Yes",18,"No","No",0,"Very easy","Very easy","Very easy",9,"No crime here",0,0,"None of the time","Very easy","0","0","65+",3,"   962.3",44528,46
570,7564.723,2018,70,"Male","European/Other","Less than secondary school","Employed","Not partnered","Not a parent",0,"Owned with mortgage",100435,4,"NZ with NZ parents","Disabled",9,4,2,"Fair","None or almost none","Agree","Easy to be myself",8,9,2,7,"Yes",20,"No","No",0,"Very difficult","Difficult","Very difficult",1,"About the same",0,0,"A little of the time","Easy","0","0","65+",3,"   624.3",28336,43
571,3480.732,2018,48,"Male","European/Other","Degree","Employed","Partnered","Not a parent",0,"Owned with mortgage",114714,4,"Long-term migrant","Non-disabled",7,9,9,"Very Good","None or almost none","Neither agree nor disagree","Very easy to be myself",7,8,4,7,"Yes",20,"Yes, sometimes","No",2,"Very easy","Very easy","Very easy",7,"Moved here recently",0,1,"A little of the time","Easy","0","2","45-54",3,"   751.8",34960,40
572,11883.99,2018,47,"Male","European/Other","Secondary school","Employed","Not partnered","Parent",3,"Rented",40550,5,"NZ with NZ parents","Non-disabled",9,9,7,"Very Good","None or almost none","Agree","Very easy to be myself",5,7,4,7,"Yes",14,"No","No",1,"Very easy","Very easy","Very difficult",7,"No crime here",1,0,"None of the time","Very easy","3","1","45-54",1,"   799.0",37168,48
573,19883.52,2018,70,"Male","European/Other","Less than secondary school","Employed","Not partnered","Not a parent",0,"Owned with mortgage",7015,9,"NZ with NZ parents","Non-disabled",6,10,10,"Good","None or almost none","Agree","Easy to be myself",9,5,6,8,"Yes",12,"Yes, sometimes","No",0,"Easy","Easy","Easy",8,"A little less",0,0,"None of the time","Easy","0","0","65+",1,"   460.0",21344,45
574,5821.113,2018,94,"Female","European/Other","Less than secondary school","Employed","Not partnered","Not a parent",0,"Owned with mortgage",28861,10,"NZ with overseas parent(s)","Non-disabled",8,10,10,"Excellent","None or almost none","Strongly disagree","Easy to be myself",7,9,3,5,"Yes",9,"No","No",2,"Neither easy nor difficult","Easy","Easy",7,"Moved here recently",0,0,"None of the time","Hard","0","2","65+",1,"   327.4",15456,32
575,4154.524,2018,42,"Female","European/Other","Secondary school","Employed","Partnered","Parent",1,"Owned without mortgage",125001,2,"NZ with NZ parents","Non-disabled",5,9,8,"Very Good","Basic","Strongly agree","Very easy to be myself",6,8,1,3,"Yes",15,"No","No",0,"Very easy","Very easy","Very easy",6,"About the same",0,0,"None of the time","Very easy","1","0","35-44",3,"   339.9",15824,32
576,5632.548,2018,79,"Male","European/Other","Post-secondary NCEA/diploma","Employed","Not partnered","Not a parent",0,"Owned with mortgage",39628,7,"Long-term migrant","Non-disabled",7,7,8,"Good","None or almost none","Disagree","Very easy to be myself",7,8,3,4,"Yes",15,"No","No",0,"Easy","Easy","Easy",8,"About the same",0,0,"None of the time","Easy","0","0","65+",1,"   644.2",29440,15
577,7462.986,2018,74,"Female","European/Other","Less than secondary school","Employed","Partnered","Not a parent",0,"Owned with mortgage",26003,5,"NZ with NZ parents","Non-disabled",8,9,8,"Fair","None or almost none","Neither agree nor disagree","Easy to be myself",8,8,7,7,"Yes",16,"Yes, sometimes","No",1,"Very easy","Very easy","Very easy",8,"No crime here",0,0,"None of the time","Easy","0","1","65+",1,"   204.3",9200,18
578,4993.73,2018,67,"Male","European/Other","Degree","Employed","Partnered","Not a parent",0,"Owned without mortgage",222014,7,"NZ with NZ parents","Non-disabled",5,6,9,"Very Good","None or almost none","Strongly agree","Very easy to be myself",7,8,8,8,"Yes",16,"No","No",0,"Easy","Easy","Difficult",7,"About the same",0,1,"None of the time","Very easy","0","0","65+",3,"  2359.9",108192,18
579,5871.886,2018,67,"Male","European/Other","Less than secondary school","Employed","Not partnered","Not a parent",0,"Rented",41458,10,"NZ with NZ parents","Disabled",9,10,10,"Fair","None or almost none","Disagree","Sometimes easy, sometimes hard",6,10,10,8,"Yes",11,"No","Yes, sometimes",1,"Easy","Very easy","Easy",8,"About the same",0,0,"None of the time","Easy","0","1","65+",1,"   752.8",34224,36
580,5579.802,2018,39,"Male","European/Other","Degree","Employed","Partnered","Parent",2,"Owned without mortgage",73899,7,"Long-term migrant","Non-disabled",6,8,8,"Very Good","None or almost none","Agree","Very easy to be myself",6,7,6,7,"Yes",14,"No","No",0,"Easy","Easy","Very easy",0,"A little more",0,0,"None of the time","Very easy","2","0","35-44",2,"   940.5",43056,44
581,7686.255,2018,65,"Female","European/Other","Less than secondary school","Employed","Not partnered","Not a parent",0,"Owned with mortgage",65774,10,"NZ with overseas parent(s)","Non-disabled",10,10,10,"Very Good","None or almost none","Strongly disagree","Sometimes easy, sometimes hard",8,7,0,0,"Yes",20,"No","No",0,"Very easy","Very easy","Very difficult",10,"No crime here",0,0,"None of the time","Easy","0","0","65+",2,"   294.5",13616,32
582,3222.019,2018,31,"Male","European/Other","Degree","Employed","Partnered","Not a parent",0,"Rented",215055,6,"Medium-term migrant","Non-disabled",6,9,8,"Very Good","None or almost none","Agree","Easy to be myself",7,9,6,8,"No",16,"Not applicable","Yes, sometimes",1,"Very easy","Very easy","Very easy",3,"Moved here recently",0,1,"None of the time","Easy","0","1","25-34",3,"  1162.6",53360,32
583,5512.89,2018,77,"Female","European/Other","Secondary school","Employed","Partnered","Not a parent",0,"Owned without mortgage",59956,6,"NZ with NZ parents","Non-disabled",7,10,10,"Excellent","Basic","Agree","Very easy to be myself",5,9,6,7,"Yes",20,"Yes, sometimes","No",1,"Very easy","Very easy","Very easy",5,"About the same",0,0,"None of the time","Easy","0","1","65+",2,"   477.1",22080,26
584,10804.92,2018,47,"Male","European/Other","Degree","Employed","Partnered","Parent",2,"Owned without mortgage",147074,8,"NZ with NZ parents","Non-disabled",7,6,7,"Good","None or almost none","Neither agree nor disagree","Very easy to be myself",7,8,5,8,"Yes",16,"Yes, sometimes","No",0,"Easy","Very easy","Easy",3,"No crime here",1,0,"A little of the time","Easy","2","0","45-54",3,"   517.6",23920,24
585,5352.29,2018,67,"Male","European/Other","Less than secondary school","Employed","Partnered","Not a parent",0,"Owned without mortgage",134811,9,"NZ with NZ parents","Non-disabled",10,9,10,"Very Good","None or almost none","Strongly agree","Easy to be myself",8,9,7,8,"Yes",18,"Yes, sometimes","No",0,"Very easy","Very easy","Easy",0,"About the same",0,0,"None of the time","Easy","0","0","65+",3,"   393.6",17664,36
586,21993.29,2018,61,"Female","European/Other","Less than secondary school","Employed","Not partnered","Not a parent",0,"Rented",21253,3,"NZ with NZ parents","Non-disabled",5,8,8,"Good","None or almost none","Disagree","Easy to be myself",8,9,3,5,"Yes",19,"Yes, often","Yes, sometimes",1,"Easy","Easy","Very easy",2,"About the same",0,0,"None of the time","Easy","0","1","55-64",1,"   192.6",8464,18
587,6396.066,2018,83,"Female","European/Other","Less than secondary school","Employed","Partnered","Not a parent",0,"Owned without mortgage",13901,10,"NZ with NZ parents","Non-disabled",5,7,7,"Very Good","Basic","Neither agree nor disagree","Easy to be myself",8,7,4,6,"Yes",14,"No","No",0,"Easy","Easy","Neither easy nor difficult",6,"A little less",0,0,"None of the time","Easy","0","0","65+",1,"   189.2",8832,4
588,4931.185,2018,64,"Male","European/Other","Degree","Employed","Not partnered","Not a parent",0,"Owned without mortgage",64222,1,"NZ with NZ parents","Non-disabled",4,6,7,"Very Good","None or almost none","Strongly agree","Very easy to be myself",8,8,7,7,"Yes",6,"Yes, sometimes","Yes, sometimes",1,"Very easy","Very easy","Very easy",10,"No crime here",0,0,"A little of the time","Sometimes easy, sometimes hard","0","1","55-64",2,"  1053.7",48576,32
589,6554.406,2018,75,"Male","European/Other","Less than secondary school","Employed","Not partnered","Not a parent",0,"Owned with mortgage",43659,6,"NZ with NZ parents","Non-disabled",8,8,8,"Fair","None or almost none","Agree","Very easy to be myself",8,8,6,7,"Yes",15,"Yes, sometimes","No",0,"Very easy","Very easy","Very easy",5,"A lot more",0,0,"A little of the time","Easy","0","0","65+",1,"   480.0",22448,34
590,3226.909,2018,79,"Male","European/Other","Post-secondary NCEA/diploma","Employed","Partnered","Not a parent",0,"Owned with mortgage",99262,3,"Long-term migrant","Non-disabled",9,10,10,"Good","None or almost none","Agree","Easy to be myself",5,8,7,7,"Yes",17,"No","No",0,"Very easy","Very easy","Very easy",4,"No crime here",0,0,"None of the time","Easy","0","0","65+",2,"   243.5",11408,18
591,10628.81,2018,59,"Male","European/Other","Less than secondary school","Employed","Not partnered","Not a parent",0,"Rented",14155,5,"NZ with NZ parents","Non-disabled",5,5,7,"Excellent","None or almost none","Neither agree nor disagree","Very easy to be myself",8,10,3,3,"Yes",5,"No","No",0,"Very easy","Very easy","Very difficult",1,"No crime here",0,0,"A little of the time","Easy","0","0","55-64",1,"   753.6",34592,30
592,6291.237,2018,39,"Female","European/Other","Degree","Employed","Partnered","Parent",2,"Rented",54339,6,"Medium-term migrant","Non-disabled",6,6,7,"Very Good","None or almost none","Neither agree nor disagree","Very easy to be myself",8,10,7,9,"Yes",8,"Yes, always","Yes, always",2,"Very difficult","Very easy","Very easy",8,"No crime here",0,0,"None of the time","Very easy","2","2","35-44",2,"   629.8",28704,22
593,2085.648,2018,77,"Female","European/Other","Degree","Employed","Partnered","Not a parent",0,"Owned with mortgage",100071,1,"Long-term migrant","Non-disabled",8,10,10,"Very Good","None or almost none","Strongly disagree","Very easy to be myself",8,10,0,2,"Yes",19,"No","Yes, sometimes",0,"Very easy","Very easy","Easy",6,"About the same",0,0,"None of the time","Very easy","0","0","65+",3,"   566.3",26496,26
594,2265.099,2018,73,"Female","European/Other","Secondary school","Employed","Not partnered","Not a parent",0,"Owned with mortgage",87359,4,"NZ with NZ parents","Non-disabled",10,9,8,"Very Good","None or almost none","Strongly disagree","Very easy to be myself",4,8,4,2,"Yes",20,"No","No",0,"Very easy","Easy","Very easy",1,"About the same",0,0,"None of the time","Easy","0","0","65+",2,"   543.6",25024,32
595,6102.019,2018,45,"Female","European/Other","Degree","Employed","Partnered","Not a parent",0,"Owned without mortgage",53006,7,"Long-term migrant","Non-disabled",7,8,9,"Good","Basic","Neither agree nor disagree","Easy to be myself",5,8,6,6,"Yes",18,"Yes, sometimes","No",0,"Easy","Easy","Easy",7,"A little more",1,0,"None of the time","Easy","0","0","45-54",2,"   266.7",12144,19
596,15005.44,2018,46,"Female","European/Other","Less than secondary school","Employed","Partnered","Not a parent",0,"Rented",90723,1,"NZ with NZ parents","Non-disabled",6,8,8,"Excellent","Basic","Neither agree nor disagree","Very easy to be myself",7,7,6,7,"No",20,"Yes, often","Yes, sometimes",0,"Easy","Very easy","Very easy",5,"About the same",0,0,"None of the time","Easy","0","0","45-54",2,"   200.9",9200,18
597,8553.338,2018,26,"Female","European/Other","Less than secondary school","Employed","Partnered","Not a parent",0,"Owned without mortgage",64425,8,"Long-term migrant","Non-disabled",4,7,8,"Good","None or almost none","Disagree","Very easy to be myself",6,10,6,7,"No",14,"Yes, often","No",4,"Very easy","Very easy","Very easy",7,"Moved here recently",0,1,"None of the time","Easy","0","4+","25-34",2,"   358.1",16560,2
598,6830.843,2018,23,"Male","European/Other","Less than secondary school","Employed","Not partnered","Not a parent",0,"Owned without mortgage",210629,7,"NZ with NZ parents","Non-disabled",4,8,9,"Excellent","None or almost none","Strongly agree","Very easy to be myself",9,10,7,10,"Not eligible",18,"No","No",1,"Very easy","Very easy","Very easy",4,"A lot less",0,0,"None of the time","Very easy","0","1","15-24",3,"   731.9",33856,48
599,6839.091,2018,38,"Female","European/Other","Post-secondary NCEA/diploma","Employed","Partnered","Not a parent",0,"Owned without mortgage",157707,5,"NZ with NZ parents","Non-disabled",5,8,10,"Good","None or almost none","Neither agree nor disagree","Easy to be myself",7,9,5,7,"Yes",18,"No","Yes, sometimes",0,"Very easy","Very easy","Neither easy nor difficult",7,"About the same",0,0,"None of the time","Easy","0","0","35-44",3,"   454.9",21344,20
600,8457.187,2018,47,"Male","European/Other","Post-secondary NCEA/diploma","Employed","Partnered","Parent",1,"Owned without mortgage",107928,3,"NZ with overseas parent(s)","Non-disabled",4,7,7,"Fair","None or almost none","Neither agree nor disagree","Very easy to be myself",8,8,6,6,"Yes",11,"Yes, sometimes","Yes, sometimes",0,"Very easy","Very easy","Neither easy nor difficult",5,"About the same",0,0,"None of the time","Very easy","1","0","45-54",3,"   675.9",30912,30
601,3355.719,2018,84,"Female","European/Other","Less than secondary school","Employed","Not partnered","Not a parent",0,"Rented",33236,8,"NZ with NZ parents","Non-disabled",7,7,10,"Excellent","Fluent","Agree","Easy to be myself",6,9,7,5,"Yes",8,"No","No",0,"Very easy","Very easy","Very easy",10,"No crime here",0,0,"Some of the time","Easy","0","0","65+",1,"   541.4",25024,47
602,5437.979,2018,58,"Male","European/Other","Degree","Employed","Partnered","Not a parent",0,"Owned without mortgage",320857,3,"NZ with overseas parent(s)","Non-disabled",8,7,10,"Very Good","None or almost none","Agree","Very easy to be myself",5,9,6,7,"Yes",16,"No","No",0,"Very easy","Easy","Very easy",7,"About the same",0,1,"None of the time","Easy","0","0","55-64",3,"   537.8",25024,36
603,5725.02,2018,48,"Male","European/Other","Less than secondary school","Employed","Partnered","Not a parent",0,"Owned with mortgage",81457,7,"NZ with NZ parents","Non-disabled",5,9,8,"Excellent","None or almost none","Neither agree nor disagree","Very easy to be myself",8,7,5,8,"Yes",12,"No","No",0,"Very easy","Very easy","Very easy",5,"About the same",0,0,"None of the time","Very easy","0","0","45-54",2,"  1094.5",50784,32
604,5551.534,2018,42,"Female","European/Other","Secondary school","Employed","Partnered","Parent",3,"Rented",95974,8,"NZ with NZ parents","Non-disabled",5,10,10,"Very Good","Basic","Strongly agree","Very easy to be myself",6,8,7,7,"Yes",9,"Yes, sometimes","Yes, sometimes",0,"Easy","Easy","Easy",4,"A little more",1,0,"None of the time","Sometimes easy, sometimes hard","3","0","35-44",2,"  1316.2",60352,32
605,14783.53,2018,99,"Female","European/Other","Secondary school","Employed","Partnered","Not a parent",0,"Owned with mortgage",36974,3,"NZ with overseas parent(s)","Non-disabled",8,8,8,"Very Good","None or almost none","Disagree","Easy to be myself",5,3,2,2,"Yes",18,"No","No",1,"Easy","Easy","Easy",8,"About the same",0,0,"None of the time","Easy","0","1","65+",1,"   130.5",5888,5
606,8208.904,2018,36,"Female","European/Other","Degree","Employed","Partnered","Parent",2,"Owned with mortgage",194993,2,"Long-term migrant","Non-disabled",7,8,7,"Very Good","None or almost none","Disagree","Easy to be myself",4,6,5,5,"Yes",17,"No","No",0,"Easy","Easy","Easy",7,"About the same",0,0,"None of the time","Sometimes easy, sometimes hard","2","0","35-44",3,"  1191.1",54832,51
607,6215.988,2018,45,"Female","European/Other","Secondary school","Employed","Not partnered","Not a parent",0,"Owned without mortgage",271312,5,"NZ with overseas parent(s)","Non-disabled",7,7,8,"Very Good","None or almost none","Neither agree nor disagree","Easy to be myself",7,9,0,6,"Yes",19,"Yes, sometimes","No",0,"Very easy","Easy","Easy",7,"About the same",0,0,"None of the time","Very easy","0","0","45-54",3,"   408.4",19136,32
608,4349.893,2018,18,"Male","European/Other","Less than secondary school","Employed","Not partnered","Not a parent",0,"Rented",47469,9,"NZ with NZ parents","Non-disabled",9,7,9,"Good","None or almost none","Disagree","Easy to be myself",9,9,9,6,"Not eligible",13,"Yes, always","Yes, sometimes",0,"Easy","Easy","Easy",10,"A lot more",0,0,"None of the time","Very easy","0","0","15-24",1,"   447.4",20240,32
609,2741.002,2018,77,"Male","European/Other","Degree","Employed","Partnered","Not a parent",0,"Owned with mortgage",74145,2,"NZ with NZ parents","Non-disabled",10,8,9,"Very Good","Basic","Agree","Very easy to be myself",8,9,7,6,"Yes",15,"Yes, sometimes","No",1,"Neither easy nor difficult","Easy","Very difficult",8,"Moved here recently",0,0,"None of the time","Very easy","0","1","65+",2,"   279.7",12880,7
610,8762.069,2018,22,"Female","European/Other","Less than secondary school","Employed","Not partnered","Not a parent",0,"Rented",11864,10,"NZ with NZ parents","Non-disabled",5,3,7,"Excellent","None or almost none","Agree","Very easy to be myself",7,9,7,10,"Not eligible",15,"No","Yes, sometimes",0,"Very easy","Easy","Easy",6,"A lot less",1,0,"None of the time","Sometimes easy, sometimes hard","0","0","15-24",1,"   350.1",16560,2
611,4095.062,2018,57,"Female","European/Other","Secondary school","Employed","Partnered","Not a parent",0,"Owned without mortgage",262668,6,"NZ with NZ parents","Non-disabled",8,8,9,"Good","None or almost none","Neither agree nor disagree","Very easy to be myself",6,9,7,6,"Yes",20,"No","No",0,"Easy","Easy","Neither easy nor difficult",9,"No crime here",0,0,"None of the time","Easy","0","0","55-64",3,"   221.1",10304,6
612,5419.143,2018,72,"Female","European/Other","Secondary school","Employed","Not partnered","Not a parent",0,"Owned with mortgage",40448,7,"Long-term migrant","Non-disabled",7,8,10,"Very Good","None or almost none","Disagree","Easy to be myself",8,10,7,6,"Yes",16,"Yes, sometimes","No",0,"Very easy","Very easy","Very easy",10,"About the same",0,0,"None of the time","Very easy","0","0","65+",1,"   307.6",14352,30
613,2799.894,2018,25,"Male","European/Other","Degree","Employed","Partnered","Parent",1,"Owned with mortgage",139476,4,"Medium-term migrant","Non-disabled",4,10,10,"Very Good","None or almost none","Agree","Easy to be myself",6,7,8,5,"Yes",14,"No","No",0,"Very easy","Very easy","Very easy",7,"About the same",0,0,"None of the time","Easy","1","0","25-34",3,"    60.3",2944,1
614,3328.574,2018,25,"Male","European/Other","Less than secondary school","Employed","Partnered","Parent",1,"Owned without mortgage",81202,9,"NZ with NZ parents","Non-disabled",9,10,10,"Excellent","Basic","Agree","Easy to be myself",6,7,3,6,"Yes",17,"Not applicable","No",2,"Easy","Very easy","Neither easy nor difficult",2,"Moved here recently",1,0,"A little of the time","Easy","1","2","25-34",2,"   426.5",19504,32
615,9417.809,2018,44,"Female","European/Other","Post-secondary NCEA/diploma","Employed","Partnered","Parent",1,"Rented",44876,7,"NZ with NZ parents","Non-disabled",5,8,7,"Excellent","None or almost none","Neither agree nor disagree","Easy to be myself",8,10,5,6,"Yes",18,"No","No",3,"Neither easy nor difficult","Very easy","Very easy",3,"Moved here recently",0,0,"None of the time","Very easy","1","3","35-44",1,"   717.5",32752,32
616,2242.285,2018,63,"Female","European/Other","Post-secondary NCEA/diploma","Employed","Not partnered","Not a parent",0,"Owned with mortgage",112688,6,"NZ with NZ parents","Non-disabled",8,10,10,"Excellent","Basic","Strongly agree","Very easy to be myself",7,10,6,5,"Yes",18,"No","Yes, sometimes",0,"Very easy","Very easy","Very difficult",10,"About the same",0,0,"None of the time","Very easy","0","0","55-64",3,"   256.4",11776,16
617,3572.866,2018,16,"Male","European/Other","Less than secondary school","Employed","Not partnered","Not a parent",0,"Rented",137129,9,"NZ with overseas parent(s)","Non-disabled",5,6,9,"Good","Basic","Agree","Easy to be myself",6,8,7,6,"Not eligible",15,"Yes, sometimes","Yes, sometimes",1,"Easy","Easy","Easy",5,"About the same",0,0,"None of the time","Easy","0","1","15-24",3,"   228.0",10672,14
618,3779.673,2018,46,"Female","European/Other","Less than secondary school","Employed","Partnered","Not a parent",0,"Owned without mortgage",84181,8,"Long-term migrant","Non-disabled",4,4,5,"Good","None or almost none","Agree","Very easy to be myself",2,3,0,0,"Yes",12,"Yes, sometimes","No",2,"Easy","Very easy","Easy",3,"Moved here recently",0,1,"Some of the time","Very easy","0","2","45-54",2,"   300.2",13616,30
619,2413.52,2018,65,"Male","European/Other","Secondary school","Employed","Not partnered","Not a parent",0,"Owned without mortgage",37741,7,"Long-term migrant","Non-disabled",5,7,7,"Very Good","None or almost none","Neither agree nor disagree","Very easy to be myself",8,10,6,6,"Yes",15,"Yes, sometimes","Yes, sometimes",0,"Very easy","Very easy","Very easy",5,"About the same",0,0,"A little of the time","Very easy","0","0","65+",1,"   785.5",36432,45
620,1233.887,2018,25,"Female","European/Other","Less than secondary school","Employed","Not partnered","Not a parent",0,"Owned without mortgage",85838,6,"NZ with NZ parents","Non-disabled",5,8,9,"Good","None or almost none","Neither agree nor disagree","Very easy to be myself",7,9,7,7,"Yes",18,"Yes, often","Yes, always",2,"Very easy","Very easy","Very easy",5,"About the same",0,0,"None of the time","Easy","0","2","25-34",2,"   154.0",7360,6
621,5769.563,2018,59,"Female","European/Other","Secondary school","Employed","Partnered","Not a parent",0,"Owned with mortgage",117300,2,"NZ with NZ parents","Non-disabled",8,9,9,"Very Good","None or almost none","Disagree","Easy to be myself",7,7,4,5,"Yes",20,"Yes, sometimes","No",0,"Very easy","Very easy","Easy",2,"No crime here",0,0,"None of the time","Very easy","0","0","55-64",3,"   455.0",21344,23
622,2909.16,2018,25,"Male","European/Other","Degree","Employed","Partnered","Not a parent",0,"Owned without mortgage",118951,3,"Long-term migrant","Non-disabled",3,8,8,"Good","None or almost none","Strongly agree","Sometimes easy, sometimes hard",8,9,8,7,"Yes",16,"Not applicable","No",2,"Easy","Very easy","Very easy",6,"Moved here recently",1,1,"None of the time","Very easy","0","2","25-34",3,"   650.0",30176,48
623,1409.428,2018,47,"Female","European/Other","Post-secondary NCEA/diploma","Employed","Partnered","Not a parent",0,"Owned with mortgage",196331,5,"Long-term migrant","Non-disabled",10,9,8,"Very Good","None or almost none","Neither agree nor disagree","Easy to be myself",7,8,5,5,"Yes",19,"No","Yes, sometimes",0,"Neither easy nor difficult","Easy","Difficult",5,"About the same",0,0,"None of the time","Very easy","0","0","45-54",3,"   315.2",14720,23
624,4473.962,2018,38,"Female","European/Other","Post-secondary NCEA/diploma","Employed","Partnered","Parent",1,"Owned without mortgage",128740,5,"Long-term migrant","Non-disabled",5,8,8,"Good","None or almost none","Agree","Easy to be myself",8,7,6,5,"Yes",20,"No","No",0,"Very easy","Easy","Very easy",9,"A little less",0,0,"None of the time","Sometimes easy, sometimes hard","1","0","35-44",3,"   582.0",26864,28
625,2842.421,2018,78,"Female","European/Other","Secondary school","Employed","Partnered","Not a parent",0,"Owned with mortgage",70083,9,"NZ with overseas parent(s)","Disabled",10,10,10,"Excellent","Conversational","Agree","Easy to be myself",8,10,5,8,"Yes",20,"No","No",0,"Very easy","Very easy","Very difficult",10,"No crime here",0,0,"None of the time","Very easy","0","0","65+",2,"   488.3",22448,26
626,4597.662,2018,50,"Male","European/Other","Secondary school","Employed","Partnered","Parent",2,"Owned without mortgage",89982,5,"Long-term migrant","Non-disabled",7,9,8,"Good","None or almost none","Neither agree nor disagree","Sometimes easy, sometimes hard",8,10,9,10,"Yes",16,"Yes, sometimes","No",1,"Easy","Easy","Easy",7,"No crime here",0,0,"None of the time","Very easy","2","1","45-54",2,"  1002.1",46000,32
627,2502.686,2018,52,"Male","European/Other","Less than secondary school","Employed","Not partnered","Not a parent",0,"Rented",24501,8,"NZ with NZ parents","Non-disabled",8,5,3,"Poor","Basic","Neither agree nor disagree","Very easy to be myself",4,9,3,5,"Yes",3,"Yes, always","No",1,"Easy","Easy","Easy",2,"A lot less",1,1,"All of the time","Very easy","0","1","45-54",1,"   391.7",17664,22
628,9600.874,2018,32,"Male","European/Other","Less than secondary school","Employed","Partnered","Not a parent",0,"Rented",87454,7,"NZ with NZ parents","Disabled",6,4,5,"Poor","None or almost none","Neither agree nor disagree","Sometimes easy, sometimes hard",5,7,4,5,"No",11,"No","No",3,"Easy","Easy","Neither easy nor difficult",3,"About the same",0,1,"Most of the time","Sometimes easy, sometimes hard","0","3","25-34",2,"   447.2",20240,30
629,3969.759,2018,29,"Female","European/Other","Degree","Employed","Partnered","Parent",1,"Owned without mortgage",204817,8,"Medium-term migrant","Non-disabled",9,10,10,"Very Good","None or almost none","Disagree","Very easy to be myself",6,7,5,5,"Yes",14,"No","Yes, sometimes",1,"Very easy","Easy","Easy",4,"About the same",0,1,"Some of the time","Very easy","1","1","25-34",3,"   278.1",12512,17
630,7574.547,2018,98,"Female","European/Other","Secondary school","Employed","Partnered","Not a parent",0,"Owned with mortgage",32852,6,"NZ with NZ parents","Non-disabled",5,8,7,"Good","None or almost none","Agree","Easy to be myself",6,6,5,3,"Yes",16,"No","No",0,"Easy","Easy","Easy",3,"About the same",0,0,"None of the time","Hard","0","0","65+",1,"   284.2",13248,27
631,4331.652,2018,89,"Male","European/Other","Secondary school","Employed","Not partnered","Not a parent",0,"Owned with mortgage",159800,10,"NZ with NZ parents","Non-disabled",10,8,10,"Very Good","None or almost none","Agree","Very easy to be myself",7,8,3,3,"Yes",19,"No","No",0,"Easy","Very easy","Very easy",5,"About the same",0,0,"None of the time","Very easy","0","0","65+",3,"   820.7",37904,40
632,3491.362,2018,44,"Male","European/Other","Post-secondary NCEA/diploma","Employed","Partnered","Parent",2,"Rented",86643,6,"NZ with NZ parents","Non-disabled",2,10,9,"Good","None or almost none","Disagree","Easy to be myself",5,7,5,5,"No",11,"Yes, always","No",1,"Very easy","Very easy","Difficult",4,"A little more",0,0,"None of the time","Very easy","2","1","35-44",2,"  1089.3",50416,40
633,4116.556,2018,54,"Female","European/Other","Degree","Employed","Not partnered","Not a parent",0,"Owned without mortgage",115397,6,"NZ with overseas parent(s)","Disabled",10,7,7,"Good","None or almost none","Disagree","Sometimes easy, sometimes hard",8,7,3,3,"Yes",19,"No","No",1,"Very easy","Very easy","Easy",0,"Moved here recently",0,0,"None of the time","Sometimes easy, sometimes hard","0","1","45-54",3,"   782.4",35696,45
634,7926.789,2018,33,"Male","European/Other","Less than secondary school","Employed","Partnered","Parent",2,"Rented",98591,7,"NZ with NZ parents","Non-disabled",8,9,9,"Excellent","None or almost none","Neither agree nor disagree","Sometimes easy, sometimes hard",7,10,3,4,"No",9,"Yes, sometimes","Yes, sometimes",4,"Neither easy nor difficult","Very easy","Very difficult",7,"About the same",0,1,"Some of the time","Easy","2","4+","25-34",2,"   328.5",14720,32
635,4617.834,2018,37,"Male","European/Other","Degree","Employed","Partnered","Parent",3,"Rented",53136,7,"NZ with NZ parents","Disabled",2,3,6,"Good","Basic","Strongly agree","Easy to be myself",7,8,9,5,"Yes",0,"Yes, often","No",1,"Neither easy nor difficult","Easy","Very difficult",6,"A lot more",0,1,"Some of the time","Sometimes easy, sometimes hard","3","1","35-44",2,"  1470.9",67712,30
636,4546.467,2018,30,"Male","European/Other","Secondary school","Employed","Partnered","Parent",1,"Rented",88151,8,"Recent migrant","Non-disabled",8,8,8,"Very Good","None or almost none","Agree","Hard to be myself",8,10,10,6,"No",18,"Yes, sometimes","Yes, always",4,"Difficult","Very easy","Very difficult",6,"Moved here recently",0,1,"Some of the time","Hard","1","4+","25-34",2,"   572.2",26496,32
637,15766.04,2018,62,"Female","European/Other","Post-secondary NCEA/diploma","Employed","Partnered","Not a parent",0,"Rented",185893,6,"Long-term migrant","Non-disabled",5,8,8,"Very Good","None or almost none","Strongly agree","Very easy to be myself",8,9,5,7,"Yes",17,"No","No",1,"Easy","Very easy","Very easy",6,"About the same",0,0,"None of the time","Easy","0","1","55-64",3,"   317.3",14720,25
638,4973.434,2018,68,"Male","European/Other","Degree","Employed","Not partnered","Not a parent",0,"Owned with mortgage",27938,3,"NZ with NZ parents","Non-disabled",5,8,8,"Very Good","None or almost none","Agree","Very easy to be myself",5,7,6,5,"Yes",15,"No","No",0,"Easy","Very easy","Easy",8,"About the same",0,0,"None of the time","Easy","0","0","65+",1,"  1866.5",85744,56
639,7052.402,2018,76,"Male","European/Other","Less than secondary school","Employed","Not partnered","Not a parent",0,"Rented",37967,9,"NZ with overseas parent(s)","Disabled",8,10,9,"Fair","None or almost none","Agree","Very easy to be myself",6,8,8,7,"No",18,"No","No",0,"Easy","Easy","Easy",9,"About the same",0,0,"Some of the time","Easy","0","0","65+",1,"   349.5",15824,30
640,6554.268,2018,81,"Male","European/Other","Less than secondary school","Employed","Not partnered","Not a parent",0,"Owned without mortgage",24938,4,"NZ with overseas parent(s)","Non-disabled",7,8,8,"Good","None or almost none","Strongly agree","Very easy to be myself",6,8,7,6,"Yes",9,"Yes, often","No",0,"Neither easy nor difficult","Very easy","Very easy",7,"About the same",0,0,"A little of the time","Sometimes easy, sometimes hard","0","0","65+",1,"   652.3",30176,17
641,1421.475,2018,25,"Female","European/Other","Degree","Employed","Not partnered","Not a parent",0,"Rented",148159,7,"NZ with overseas parent(s)","Non-disabled",5,8,10,"Good","None or almost none","Agree","Very easy to be myself",8,7,6,5,"Yes",13,"Yes, always","Yes, sometimes",3,"Very easy","Very easy","Very easy",0,"About the same",0,0,"None of the time","Easy","0","3","25-34",3,"   780.8",35696,32
642,3975.247,2018,40,"Female","European/Other","Less than secondary school","Employed","Not partnered","Not a parent",0,"Owned without mortgage",105499,3,"Medium-term migrant","Non-disabled",3,8,8,"Excellent","None or almost none","Neither agree nor disagree","Very easy to be myself",9,8,7,7,"No",20,"No","No",0,"Very easy","Very easy","Easy",3,"No crime here",0,0,"A little of the time","Sometimes easy, sometimes hard","0","0","35-44",3,"   624.4",29072,58
643,4215.864,2018,29,"Male","European/Other","Secondary school","Employed","Partnered","Parent",2,"Owned without mortgage",70571,8,"NZ with NZ parents","Non-disabled",8,7,8,"Good","None or almost none","Neither agree nor disagree","Very easy to be myself",7,9,4,8,"Yes",12,"Not applicable","No",4,"Very easy","Very easy","Easy",6,"Moved here recently",0,0,"A little of the time","Easy","2","4+","25-34",2,"  4114.0",189520,48
644,2989.395,2018,78,"Female","European/Other","Degree","Employed","Partnered","Not a parent",0,"Owned with mortgage",110246,3,"NZ with NZ parents","Non-disabled",10,8,7,"Very Good","None or almost none","Agree","Very easy to be myself",8,8,5,7,"Yes",19,"Yes, sometimes","No",0,"Easy","Very easy","Easy",7,"About the same",0,0,"None of the time","Sometimes easy, sometimes hard","0","0","65+",3,"   550.6",25392,33
645,134.3099,2018,55,"Female","Māori","Post-secondary NCEA/diploma","Unemployed","Partnered","Not a parent",0,"Owned without mortgage",116939,5,"NZ with NZ parents","Non-disabled",8,7,8,"Good","Basic","Agree","Very easy to be myself",6,7,4,4,"Yes",17,"Yes, sometimes","Yes, sometimes",0,"Neither easy nor difficult","Very easy","Easy",7,"About the same",0,0,"None of the time","Very easy","0","0","55-64",3,"   957.5",43792,19
646,223.3826,2018,41,"Female","Māori","Secondary school","Unemployed","Partnered","Not a parent",0,"Rented",59250,8,"NZ with NZ parents","Non-disabled",9,8,8,"Good","Fluent","Strongly agree","Very easy to be myself",9,9,6,5,"Yes",9,"Yes, sometimes","Yes, sometimes",1,"Very easy","Easy","Very easy",9,"A little less",0,0,"None of the time","Very easy","0","1","35-44",2,"   224.1",10672,17
647,275.1071,2018,33,"Male","Māori","Degree","Unemployed","Not partnered","Not a parent",0,"Owned without mortgage",80655,3,"Long-term migrant","Non-disabled",7,7,9,"Very Good","None or almost none","Neither agree nor disagree","Easy to be myself",8,9,8,7,"Yes",16,"Yes, sometimes","No",2,"Easy","Very easy","Very easy",2,"No crime here",0,0,"A little of the time","Very easy","0","2","25-34",2,"  1067.9",48944,26
648,62.63198,2018,42,"Male","Māori","Post-secondary NCEA/diploma","Unemployed","Partnered","Parent",3,"Rented",84441,9,"NZ with overseas parent(s)","Non-disabled",4,7,9,"Good","Basic","Strongly agree","Easy to be myself",3,3,0,1,"Yes",4,"Yes, sometimes","No",4,"Very easy","Very easy","Easy",1,"About the same",1,1,"Most of the time","Very hard","3","4+","35-44",2,"   679.6",31280,40
649,71.09695,2018,55,"Female","Māori","Secondary school","Unemployed","Partnered","Not a parent",0,"Owned with mortgage",104304,1,"NZ with NZ parents","Disabled",10,9,10,"Very Good","None or almost none","Agree","Very easy to be myself",8,10,1,2,"Yes",19,"No","No",0,"Very easy","Very easy","Easy",9,"No crime here",0,0,"None of the time","Very easy","0","0","55-64",3,"   574.0",26496,25
650,47.32645,2018,71,"Female","Māori","Secondary school","Unemployed","Partnered","Not a parent",0,"Owned with mortgage",47038,8,"Long-term migrant","Non-disabled",9,8,7,"Fair","None or almost none","Strongly disagree","Easy to be myself",9,5,1,3,"Yes",19,"No","No",0,"Easy","Easy","Easy",9,"No crime here",0,0,"None of the time","Hard","0","0","65+",1,"   306.5",14352,25
651,76.14532,2018,79,"Male","Māori","Post-secondary NCEA/diploma","Unemployed","Not partnered","Not a parent",0,"Owned without mortgage",23210,6,"NZ with NZ parents","Disabled",3,7,8,"Fair","None or almost none","Strongly agree","Very easy to be myself",3,7,4,4,"Yes",6,"Yes, sometimes","No",0,"Very easy","Very easy","Very easy",8,"About the same",0,0,"None of the time","Very easy","0","0","65+",1,"   830.4",38640,48
652,79.03052,2018,58,"Male","Māori","Degree","Unemployed","Partnered","Not a parent",0,"Owned without mortgage",317359,7,"NZ with NZ parents","Non-disabled",6,7,9,"Very Good","None or almost none","Strongly agree","Very easy to be myself",7,8,5,8,"Yes",18,"Yes, sometimes","No",2,"Very easy","Very easy","Easy",3,"Moved here recently",0,0,"None of the time","Very easy","0","2","55-64",3,"  2075.2",95680,37
653,36.95128,2018,21,"Male","Māori","Less than secondary school","Unemployed","Not partnered","Not a parent",0,"Owned without mortgage",44975,9,"NZ with overseas parent(s)","Non-disabled",2,6,7,"Fair","Basic","Neither agree nor disagree","Very easy to be myself",8,10,6,6,"Not eligible",5,"No","Yes, sometimes",0,"Very difficult","Very easy","Difficult",10,"No crime here",0,0,"Some of the time","Hard","0","0","15-24",1,"   299.1",13984,26
654,82.62193,2018,51,"Male","Māori","Degree","Unemployed","Not partnered","Not a parent",0,"Rented",33561,7,"NZ with overseas parent(s)","Non-disabled",3,2,6,"Fair","None or almost none","Strongly agree","Easy to be myself",9,6,4,3,"Yes",7,"Yes, always","Yes, sometimes",1,"Easy","Very easy","Easy",7,"About the same",1,1,"All of the time","Very hard","0","1","45-54",1,"   423.4",19872,40
655,112.336,2018,33,"Male","Pacific","Post-secondary NCEA/diploma","Unemployed","Not partnered","Not a parent",0,"Rented",125597,6,"Recent migrant","Non-disabled",6,8,10,"Very Good","None or almost none","Neither agree nor disagree","Very easy to be myself",9,10,10,6,"No",14,"Not applicable","Yes, sometimes",1,"Very easy","Very easy","Very easy",6,"Moved here recently",0,0,"A little of the time","Sometimes easy, sometimes hard","0","1","25-34",3,"   681.0",31648,44
656,55.55608,2018,42,"Male","Pacific","Post-secondary NCEA/diploma","Unemployed","Partnered","Parent",2,"Rented",111627,6,"Medium-term migrant","Non-disabled",7,9,7,"Very Good","None or almost none","Neither agree nor disagree","Very easy to be myself",7,8,4,8,"Yes",19,"No","No",2,"Very easy","Very easy","Very easy",2,"A little more",1,0,"None of the time","Very easy","2","2","35-44",3,"   652.5",30176,33
657,40.49621,2018,77,"Male","Pacific","Secondary school","Unemployed","Partnered","Not a parent",0,"Owned with mortgage",28096,6,"NZ with NZ parents","Non-disabled",2,10,7,"Good","Conversational","Strongly agree","Very easy to be myself",8,8,3,8,"Yes",18,"Yes, sometimes","Yes, sometimes",0,"Easy","Very easy","Difficult",10,"About the same",0,0,"None of the time","Very easy","0","0","65+",1,"   239.6",11408,32
658,56.69716,2018,74,"Male","Asian","Secondary school","Unemployed","Partnered","Not a parent",0,"Owned with mortgage",97004,6,"Long-term migrant","Non-disabled",10,9,10,"Good","None or almost none","Disagree","Very easy to be myself",6,9,0,1,"Yes",17,"No","No",0,"Very difficult","Very easy","Very difficult",2,"No crime here",0,0,"None of the time","Very easy","0","0","65+",2,"  1804.3",82800,38
659,80.88434,2018,76,"Male","Asian","Degree","Unemployed","Not partnered","Not a parent",0,"Owned with mortgage",47374,7,"NZ with NZ parents","Non-disabled",8,10,10,"Excellent","None or almost none","Neither agree nor disagree","Easy to be myself",8,10,1,5,"Yes",16,"No","No",0,"Very easy","Very easy","Very easy",8,"No crime here",0,1,"A little of the time","Very easy","0","0","65+",1,"   259.3",12144,15
660,36.26963,2018,83,"Male","Asian","Less than secondary school","Unemployed","Not partnered","Not a parent",0,"Owned with mortgage",16942,8,"NZ with overseas parent(s)","Non-disabled",6,7,8,"Very Good","None or almost none","Agree","Very easy to be myself",6,10,4,4,"Yes",14,"No","No",0,"Very easy","Very easy","Very easy",8,"No crime here",0,0,"None of the time","Very easy","0","0","65+",1,"   158.0",7360,21
661,846.614,2018,40,"Male","European/Other","Degree","Unemployed","Partnered","Parent",1,"Owned without mortgage",183247,6,"NZ with overseas parent(s)","Non-disabled",5,8,8,"Very Good","None or almost none","Agree","Easy to be myself",7,8,5,7,"No",13,"No","No",1,"Easy","Easy","Very difficult",4,"No crime here",0,0,"None of the time","Sometimes easy, sometimes hard","1","1","35-44",3,"   588.7",26864,48
662,215.835,2018,80,"Male","European/Other","Post-secondary NCEA/diploma","Unemployed","Not partnered","Not a parent",0,"Owned with mortgage",75177,6,"NZ with unknown origin parents","Non-disabled",4,6,6,"Very Good","Fluent","Strongly agree","Sometimes easy, sometimes hard",7,5,4,6,"Yes",12,"Yes, sometimes","No",0,"Very easy","Very easy","Very difficult",10,"No crime here",0,0,"A little of the time","Very easy","0","0","65+",2,"   398.1",18032,31
663,151.0589,2018,52,"Male","European/Other","Post-secondary NCEA/diploma","Unemployed","Not partnered","Not a parent",0,"Owned with mortgage",83372,1,"Long-term migrant","Non-disabled",7,9,7,"Good","None or almost none","Neither agree nor disagree","Easy to be myself",5,9,4,5,"Yes",17,"Yes, sometimes","No",0,"Easy","Very easy","Very easy",7,"A lot less",1,0,"A little of the time","Easy","0","0","45-54",2,"  1028.3",47104,56
664,109.0873,2018,41,"Male","European/Other","Secondary school","Unemployed","Not partnered","Parent",3,"Rented",35992,1,"NZ with NZ parents","Non-disabled",1,4,8,"Fair","None or almost none","Agree","Very easy to be myself",7,8,5,3,"Yes",2,"Yes, often","Yes, sometimes",1,"Easy","Easy","Easy",6,"About the same",0,0,"None of the time","Easy","3","1","35-44",1,"   666.8",30544,32
665,73.03149,2018,65,"Female","European/Other","Less than secondary school","Unemployed","Not partnered","Not a parent",0,"Owned without mortgage",44605,10,"NZ with NZ parents","Non-disabled",10,8,10,"Good","None or almost none","Agree","Easy to be myself",8,10,7,6,"Yes",17,"Yes, sometimes","No",0,"Very easy","Very easy","Easy",9,"About the same",0,0,"Some of the time","Very easy","0","0","65+",1,"   524.0",23920,29
666,193.914,2018,44,"Male","European/Other","Secondary school","Unemployed","Partnered","Not a parent",0,"Owned without mortgage",66133,7,"NZ with overseas parent(s)","Non-disabled",8,8,8,"Good","Basic","Neither agree nor disagree","Very easy to be myself",7,5,5,5,"Yes",9,"Yes, sometimes","No",1,"Neither easy nor difficult","Very easy","Very difficult",4,"About the same",0,0,"None of the time","Easy","0","1","35-44",2,"   978.3",44896,32
667,912.1046,2018,90,"Male","European/Other","Less than secondary school","Unemployed","Partnered","Not a parent",0,"Owned with mortgage",110593,3,"NZ with NZ parents","Non-disabled",10,8,10,"Very Good","None or almost none","Agree","Very easy to be myself",8,9,8,8,"Yes",18,"No","No",3,"Easy","Very easy","Neither easy nor difficult",5,"About the same",0,0,"A little of the time","Easy","0","3","65+",3,"   617.1",28336,46
668,319.1861,2018,40,"Female","European/Other","Post-secondary NCEA/diploma","Unemployed","Partnered","Parent",1,"Rented",99048,5,"Recent migrant","Non-disabled",3,10,10,"Excellent","None or almost none","Strongly agree","Sometimes easy, sometimes hard",7,10,7,8,"Yes",12,"Yes, often","Yes, sometimes",3,"Easy","Neither easy nor difficult","Difficult",1,"Moved here recently",0,1,"None of the time","Sometimes easy, sometimes hard","1","3","35-44",2,"   221.1",9936,54
669,348.8088,2018,57,"Male","European/Other","Less than secondary school","Unemployed","Partnered","Not a parent",0,"Owned without mortgage",78087,7,"NZ with NZ parents","Non-disabled",4,10,10,"Excellent","None or almost none","Neither agree nor disagree","Very easy to be myself",8,10,7,5,"Yes",5,"Yes, sometimes","No",0,"Very easy","Very easy","Very easy",9,"A lot more",0,0,"A little of the time","Easy","0","0","55-64",2,"   502.8",23184,32
670,193.246,2018,36,"Female","European/Other","Secondary school","Unemployed","Not partnered","Not a parent",0,"Rented",120609,3,"NZ with NZ parents","Non-disabled",4,5,7,"Good","Basic","Neither agree nor disagree","Very hard to be myself",3,4,3,8,"Yes",5,"Yes, sometimes","No",1,"Very easy","Very easy","Very easy",6,"A lot less",0,0,"Most of the time","Easy","0","1","35-44",3,"   612.9",27968,16
671,137.1919,2018,35,"Female","European/Other","Less than secondary school","Unemployed","Not partnered","Not a parent",0,"Owned without mortgage",69017,9,"NZ with NZ parents","Non-disabled",10,7,3,"Good","None or almost none","Neither agree nor disagree","Very easy to be myself",3,7,0,2,"Yes",20,"No","No",3,"Easy","Very easy","Very easy",8,"A lot more",1,0,"A little of the time","Very easy","0","3","35-44",2,"   563.9",25760,24
672,816.6641,2018,86,"Male","European/Other","Post-secondary NCEA/diploma","Unemployed","Not partnered","Not a parent",0,"Owned with mortgage",36033,10,"NZ with overseas parent(s)","Disabled",8,8,8,"Very Good","None or almost none","Agree","Easy to be myself",8,8,8,7,"Yes",17,"No","No",0,"Easy","Easy","Easy",8,"No crime here",0,0,"None of the time","Very easy","0","0","65+",1,"  2262.1",104144,30
673,210.8946,2018,68,"Male","European/Other","Less than secondary school","Unemployed","Not partnered","Not a parent",0,"Rented",71228,9,"Medium-term migrant","Disabled",10,9,10,"Very Good","None or almost none","Agree","Hard to be myself",6,9,6,6,"Yes",4,"Yes, always","Yes, always",0,"Neither easy nor difficult","Very easy","Neither easy nor difficult",1,"About the same",0,0,"None of the time","Very easy","0","0","65+",2,"   598.9",27968,32
674,57.70557,2018,42,"Male","European/Other","Degree","Unemployed","Not partnered","Not a parent",0,"Rented",52742,8,"Medium-term migrant","Non-disabled",5,8,8,"Good","None or almost none","Agree","Very easy to be myself",7,8,5,7,"No",15,"Yes, sometimes","No",3,"Neither easy nor difficult","Easy","Easy",0,"Moved here recently",0,0,"None of the time","Sometimes easy, sometimes hard","0","3","35-44",2,"   703.3",32752,40
675,305.3317,2018,70,"Male","Māori","Post-secondary NCEA/diploma","Not in labour force","Not partnered","Not a parent",0,"Owned without mortgage",41655,8,"NZ with NZ parents","Disabled",0,9,10,"Very Good","None or almost none","Strongly agree","Very easy to be myself",8,10,9,9,"Yes",13,"Yes, often","No",0,"Easy","Very easy","Easy",10,"A lot less",0,1,"None of the time","Very easy","0","0","65+",1,"   572.3",26128,38
676,387.984,2018,60,"Female","Māori","Secondary school","Not in labour force","Partnered","Not a parent",0,"Owned with mortgage",127546,8,"NZ with NZ parents","Non-disabled",10,10,10,"Excellent","None or almost none","Neither agree nor disagree","Very easy to be myself",8,10,2,2,"Yes",19,"No","No",0,"Very easy","Very easy","Very easy",3,"About the same",0,0,"None of the time","Very easy","0","0","55-64",3,"   444.6",20240,22
677,564.068,2018,47,"Female","Māori","Post-secondary NCEA/diploma","Not in labour force","Not partnered","Not a parent",0,"Owned without mortgage",20405,8,"NZ with NZ parents","Non-disabled",5,0,9,"Good","None or almost none","Neither agree nor disagree","Very easy to be myself",0,5,0,1,"Yes",5,"No","Yes, sometimes",0,"Neither easy nor difficult","Easy","Neither easy nor difficult",5,"About the same",0,0,"Some of the time","Very easy","0","0","45-54",1,"   425.7",19504,24
678,224.7969,2018,69,"Male","Māori","Degree","Not in labour force","Not partnered","Not a parent",0,"Owned with mortgage",95066,4,"NZ with NZ parents","Non-disabled",4,8,10,"Very Good","None or almost none","Agree","Very easy to be myself",5,9,3,5,"Yes",19,"No","No",0,"Very easy","Very easy","Easy",10,"No crime here",0,0,"Some of the time","Sometimes easy, sometimes hard","0","0","65+",2,"   548.6",25392,10
679,142.9225,2018,53,"Female","Māori","Secondary school","Not in labour force","Not partnered","Not a parent",0,"Owned with mortgage",58346,5,"NZ with overseas parent(s)","Non-disabled",5,7,7,"Poor","None or almost none","Neither agree nor disagree","Very easy to be myself",9,9,5,5,"Yes",20,"Yes, often","Yes, sometimes",0,"Very easy","Very easy","Very difficult",3,"No crime here",0,0,"A little of the time","Very easy","0","0","45-54",2,"   314.3",14720,15
680,1373.068,2018,48,"Female","Māori","Degree","Not in labour force","Partnered","Parent",2,"Owned with mortgage",180451,1,"Long-term migrant","Non-disabled",5,4,5,"Good","None or almost none","Strongly agree","Easy to be myself",5,2,5,6,"Yes",12,"Yes, often","Yes, sometimes",0,"Easy","Easy","Easy",5,"About the same",0,0,"Some of the time","Hard","2","0","45-54",3,"   582.6",26864,34
681,190.2927,2018,65,"Female","Māori","Less than secondary school","Not in labour force","Partnered","Not a parent",0,"Owned with mortgage",40352,5,"NZ with NZ parents","Non-disabled",6,8,10,"Good","None or almost none","Strongly agree","Very easy to be myself",8,9,6,8,"Yes",14,"Not applicable","No",1,"Easy","Easy","Neither easy nor difficult",5,"Moved here recently",0,0,"None of the time","Hard","0","1","65+",1,"   404.5",18768,34
682,985.6938,2018,64,"Female","Māori","Less than secondary school","Not in labour force","Partnered","Parent",2,"Owned without mortgage",72362,3,"NZ with NZ parents","Non-disabled",5,5,7,"Fair","None or almost none","Disagree","Easy to be myself",6,7,3,7,"No",19,"No","No",0,"Easy","Very easy","Very easy",6,"About the same",0,0,"A little of the time","Hard","2","0","55-64",2,"   537.4",25024,16
683,90.30967,2018,62,"Female","Māori","Secondary school","Not in labour force","Partnered","Not a parent",0,"Owned without mortgage",87442,7,"Long-term migrant","Disabled",5,8,9,"Good","None or almost none","Neither agree nor disagree","Very easy to be myself",2,7,7,3,"No",9,"Yes, sometimes","No",0,"Very easy","Very easy","Very easy",3,"A lot more",0,0,"None of the time","Very easy","0","0","55-64",2,"   572.0",26496,27
684,409.6727,2018,15,"Male","Māori","Degree","Not in labour force","Not partnered","Not a parent",0,"Rented",35064,6,"Recent migrant","Non-disabled",5,5,5,"Very Good","None or almost none","Neither agree nor disagree","Easy to be myself",7,10,8,8,"No",14,"Yes, sometimes","Yes, sometimes",4,"Neither easy nor difficult","Neither easy nor difficult","Neither easy nor difficult",0,"No crime here",1,0,"Most of the time","Sometimes easy, sometimes hard","0","4+","15-24",1,"   850.6",39008,14
685,372.8812,2018,68,"Male","Māori","Less than secondary school","Not in labour force","Not partnered","Not a parent",0,"Owned without mortgage",47892,8,"NZ with NZ parents","Disabled",8,8,5,"Very Good","None or almost none","Agree","Very easy to be myself",8,9,6,9,"Yes",7,"Yes, always","No",0,"Very easy","Very easy","Easy",5,"A little more",0,1,"A little of the time","Very easy","0","0","65+",1,"   480.9",22080,33
686,264.3091,2018,70,"Male","Māori","Post-secondary NCEA/diploma","Not in labour force","Not partnered","Not a parent",0,"Owned without mortgage",83245,2,"Long-term migrant","Non-disabled",7,8,9,"Very Good","None or almost none","Neither agree nor disagree","Very easy to be myself",9,10,6,6,"Yes",20,"Yes, sometimes","No",0,"Easy","Very easy","Easy",6,"No crime here",0,0,"None of the time","Very easy","0","0","65+",2,"   369.0",16560,27
687,136.7153,2018,58,"Male","Māori","Secondary school","Not in labour force","Partnered","Not a parent",0,"Owned without mortgage",231671,7,"Medium-term migrant","Non-disabled",10,8,10,"Fair","None or almost none","Neither agree nor disagree","Sometimes easy, sometimes hard",10,9,10,9,"Yes",8,"Yes, sometimes","Yes, sometimes",1,"Easy","Very easy","Very easy",6,"About the same",0,1,"A little of the time","Very easy","0","1","55-64",3,"   157.0",6992,17
688,709.6282,2018,78,"Male","Māori","Less than secondary school","Not in labour force","Not partnered","Not a parent",0,"Owned with mortgage",19564,2,"NZ with NZ parents","Non-disabled",6,7,10,"Very Good","Basic","Agree","Very easy to be myself",9,10,0,5,"Yes",10,"Yes, sometimes","Yes, sometimes",0,"Easy","Very easy","Very easy",5,"A little less",0,0,"Some of the time","Easy","0","0","65+",1,"   368.8",16560,27
689,290.6084,2018,96,"Female","Māori","Less than secondary school","Not in labour force","Not partnered","Not a parent",0,"Rented",44543,9,"NZ with NZ parents","Disabled",8,5,6,"Good","None or almost none","Neither agree nor disagree","Very easy to be myself",8,8,8,8,"Yes",13,"Yes, sometimes","No",0,"Very easy","Very easy","Very easy",5,"A little more",0,0,"A little of the time","Sometimes easy, sometimes hard","0","0","65+",1,"   313.6",14720,11
690,235.3175,2018,17,"Female","Māori","Post-secondary NCEA/diploma","Not in labour force","Not partnered","Not a parent",0,"Owned without mortgage",158119,9,"NZ with NZ parents","Non-disabled",8,8,7,"Very Good","None or almost none","Neither agree nor disagree","Very easy to be myself",7,9,4,6,"Yes",15,"Yes, sometimes","No",4,"Very easy","Very easy","Very easy",3,"Moved here recently",0,0,"A little of the time","Easy","0","4+","15-24",3,"   302.2",13616,22
691,162.7435,2018,45,"Male","Māori","Less than secondary school","Not in labour force","Partnered","Not a parent",0,"Owned without mortgage",212003,7,"NZ with NZ parents","Non-disabled",5,5,8,"Fair","Basic","Disagree","Very easy to be myself",1,5,0,0,"Yes",3,"No","No",1,"Neither easy nor difficult","Very easy","Very easy",5,"Moved here recently",1,0,"Some of the time","Sometimes easy, sometimes hard","0","1","45-54",3,"   713.1",32752,39
692,1052.445,2018,57,"Female","Māori","Less than secondary school","Not in labour force","Partnered","Not a parent",0,"Owned without mortgage",143150,9,"NZ with overseas parent(s)","Disabled",5,10,8,"Very Good","Basic","Disagree","Very easy to be myself",7,10,0,2,"Yes",17,"No","No",0,"Easy","Very easy","Easy",7,"A little more",0,1,"A little of the time","Easy","0","0","55-64",3,"   306.6",14352,26
693,327.0244,2018,81,"Male","Māori","Less than secondary school","Not in labour force","Not partnered","Not a parent",0,"Owned with mortgage",42263,10,"NZ with NZ parents","Disabled",5,6,6,"Fair","None or almost none","Strongly agree","Easy to be myself",7,10,4,10,"Yes",6,"Yes, sometimes","Yes, sometimes",0,"Easy","Easy","Very difficult",1,"No crime here",0,0,"Some of the time","Sometimes easy, sometimes hard","0","0","65+",1,"  1196.3",54832,30
694,313.234,2018,29,"Male","Māori","Secondary school","Not in labour force","Partnered","Parent",4,"Rented",45332,8,"Recent migrant","Non-disabled",5,7,7,"Very Good","Basic","Agree","Easy to be myself",10,6,6,6,"Yes",13,"No","No",1,"Very easy","Easy","Neither easy nor difficult",5,"No crime here",0,0,"None of the time","Very easy","4+","1","25-34",1,"   179.7",8096,21
695,118.4832,2018,73,"Female","Māori","Secondary school","Not in labour force","Partnered","Not a parent",0,"Owned with mortgage",73989,5,"NZ with NZ parents","Non-disabled",8,10,10,"Very Good","None or almost none","Agree","Very easy to be myself",8,9,5,7,"Yes",16,"No","No",0,"Easy","Very easy","Easy",9,"A lot less",0,0,"None of the time","Easy","0","0","65+",2,"   540.3",24656,16
696,212.2904,2018,50,"Female","Māori","Degree","Not in labour force","Partnered","Parent",1,"Owned without mortgage",72320,3,"Long-term migrant","Non-disabled",7,8,8,"Good","None or almost none","Agree","Easy to be myself",8,9,5,8,"Yes",15,"Yes, often","Yes, sometimes",1,"Very easy","Very easy","Very easy",8,"About the same",0,0,"None of the time","Easy","1","1","45-54",2,"   688.3",32016,38
697,620.3228,2018,40,"Male","Māori","Degree","Not in labour force","Partnered","Parent",1,"Owned with mortgage",87861,5,"Long-term migrant","Non-disabled",6,8,10,"Very Good","None or almost none","Strongly disagree","Easy to be myself",8,9,7,7,"Yes",12,"No","No",0,"Easy","Easy","Easy",8,"A little less",0,0,"None of the time","Easy","1","0","35-44",2,"   944.8",43424,20
698,159.6201,2018,56,"Male","Māori","Post-secondary NCEA/diploma","Not in labour force","Partnered","Not a parent",0,"Owned without mortgage",62128,2,"NZ with NZ parents","Non-disabled",6,9,10,"Very Good","None or almost none","Disagree","Sometimes easy, sometimes hard",1,8,6,6,"Yes",18,"No","No",0,"Very easy","Very easy","Very easy",10,"A little more",1,0,"None of the time","Very easy","0","0","55-64",2,"   824.4",37904,34
699,310.0065,2018,52,"Male","Māori","Post-secondary NCEA/diploma","Not in labour force","Partnered","Not a parent",0,"Owned without mortgage",78271,10,"Long-term migrant","Non-disabled",7,9,9,"Good","None or almost none","Neither agree nor disagree","Sometimes easy, sometimes hard",9,9,9,10,"Yes",10,"Yes, always","Yes, sometimes",0,"Easy","Easy","Easy",8,"A little less",0,0,"None of the time","Easy","0","0","45-54",2,"  1255.9",57408,34
700,170.98,2018,51,"Male","Māori","Less than secondary school","Not in labour force","Not partnered","Not a parent",0,"Owned with mortgage",99606,6,"NZ with NZ parents","Non-disabled",7,7,8,"Very Good","None or almost none","Disagree","Very easy to be myself",7,8,4,4,"Yes",18,"Yes, sometimes","No",0,"Easy","Very easy","Very difficult",4,"No crime here",0,0,"None of the time","Easy","0","0","45-54",2,"   543.1",25024,32
701,401.7059,2018,42,"Male","Māori","Secondary school","Not in labour force","Not partnered","Parent",2,"Rented",30102,5,"NZ with NZ parents","Non-disabled",2,8,8,"Good","Conversational","Agree","Sometimes easy, sometimes hard",5,7,2,5,"No",5,"Yes, sometimes","Yes, sometimes",0,"Easy","Easy","Easy",9,"A little more",0,0,"None of the time","Sometimes easy, sometimes hard","2","0","35-44",1,"   260.8",11776,23
702,218.1352,2018,43,"Female","Māori","Post-secondary NCEA/diploma","Not in labour force","Not partnered","Not a parent",0,"Owned without mortgage",77946,7,"NZ with NZ parents","Non-disabled",3,6,8,"Excellent","None or almost none","Disagree","Very easy to be myself",8,2,1,1,"Yes",13,"No","No",1,"Difficult","Very easy","Easy",9,"About the same",0,1,"None of the time","Very easy","0","1","35-44",2,"   459.2",21344,5
703,279.3281,2018,45,"Male","Māori","Degree","Not in labour force","Partnered","Parent",2,"Rented",65184,5,"NZ with NZ parents","Non-disabled",6,8,9,"Good","None or almost none","Neither agree nor disagree","Very easy to be myself",7,8,8,8,"Yes",12,"No","No",4,"Very easy","Very easy","Very easy",7,"Moved here recently",0,0,"None of the time","Very easy","2","4+","45-54",2,"  1345.5",61456,36
704,399.6346,2018,41,"Male","Māori","Less than secondary school","Not in labour force","Not partnered","Parent",4,"Rented",38974,4,"NZ with overseas parent(s)","Non-disabled",7,7,8,"Good","Conversational","Strongly agree","Very easy to be myself",8,7,2,2,"Yes",9,"Yes, always","Yes, always",3,"Neither easy nor difficult","Neither easy nor difficult","Neither easy nor difficult",7,"A little more",0,1,"Some of the time","Sometimes easy, sometimes hard","4+","3","35-44",1,"   404.7",18400,30
705,601.7291,2018,67,"Male","Māori","Less than secondary school","Not in labour force","Partnered","Not a parent",0,"Owned with mortgage",45136,9,"NZ with NZ parents","Disabled",10,8,10,"Excellent","None or almost none","Disagree","Easy to be myself",8,10,3,6,"Yes",20,"No","No",0,"Very easy","Very easy","Very easy",9,"No crime here",0,0,"None of the time","Very easy","0","0","65+",1,"   635.0",29072,21
706,183.7344,2018,49,"Female","Māori","Secondary school","Not in labour force","Partnered","Not a parent",0,"Owned with mortgage",44307,5,"NZ with NZ parents","Non-disabled",7,10,10,"Very Good","Basic","Disagree","Very easy to be myself",5,7,2,2,"No",19,"No","No",1,"Easy","Very easy","Very easy",5,"About the same",0,0,"None of the time","Very easy","0","1","45-54",1,"   520.9",24288,33
707,234.332,2018,77,"Female","Māori","Degree","Not in labour force","Not partnered","Not a parent",0,"Owned with mortgage",26785,3,"NZ with NZ parents","Non-disabled",7,7,7,"Excellent","None or almost none","Agree","Easy to be myself",8,8,5,4,"Yes",18,"Yes, often","No",0,"Very easy","Very easy","Very easy",3,"About the same",0,0,"A little of the time","Sometimes easy, sometimes hard","0","0","65+",1,"   319.7",14352,25
708,175.0812,2018,58,"Male","Māori","Less than secondary school","Not in labour force","Partnered","Not a parent",0,"Owned with mortgage",127954,6,"Long-term migrant","Non-disabled",7,7,8,"Very Good","None or almost none","Agree","Very easy to be myself",7,7,6,7,"Yes",18,"No","No",0,"Easy","Easy","Neither easy nor difficult",3,"About the same",0,0,"None of the time","Very easy","0","0","55-64",3,"   799.7",37168,45
709,197.4564,2018,29,"Female","Māori","Post-secondary NCEA/diploma","Not in labour force","Partnered","Parent",1,"Owned without mortgage",177354,6,"Recent migrant","Non-disabled",8,9,8,"Very Good","None or almost none","Agree","Easy to be myself",9,10,3,9,"Yes",18,"No","Yes, sometimes",2,"Easy","Very easy","Very easy",4,"Moved here recently",0,1,"None of the time","Very easy","1","2","25-34",3,"   431.3",20240,28
710,176.1486,2018,58,"Female","Māori","Post-secondary NCEA/diploma","Not in labour force","Partnered","Not a parent",0,"Owned without mortgage",327848,4,"NZ with NZ parents","Non-disabled",10,7,9,"Very Good","None or almost none","Strongly disagree","Very easy to be myself",6,8,2,4,"No",17,"No","No",0,"Very easy","Very easy","Very easy",8,"No crime here",0,0,"None of the time","Very easy","0","0","55-64",3,"   959.5",43792,19
711,552.6096,2018,40,"Male","Māori","Post-secondary NCEA/diploma","Not in labour force","Not partnered","Not a parent",0,"Rented",89070,10,"Medium-term migrant","Non-disabled",10,7,8,"Very Good","None or almost none","Agree","Easy to be myself",6,7,4,3,"Yes",3,"Yes, often","No",3,"Very easy","Very easy","Very easy",3,"About the same",0,0,"Some of the time","Sometimes easy, sometimes hard","0","3","35-44",2,"   490.0",22080,28
712,269.0148,2018,80,"Male","Māori","Less than secondary school","Not in labour force","Not partnered","Not a parent",0,"Owned with mortgage",43521,2,"Long-term migrant","Non-disabled",4,8,7,"Good","None or almost none","Neither agree nor disagree","Easy to be myself",6,10,5,5,"Yes",15,"Yes, sometimes","No",0,"Difficult","Easy","Easy",5,"About the same",0,0,"A little of the time","Very easy","0","0","65+",1,"   516.2",23552,24
713,156.9465,2018,19,"Male","Māori","Post-secondary NCEA/diploma","Not in labour force","Partnered","Parent",2,"Rented",87675,5,"NZ with NZ parents","Non-disabled",10,10,9,"Very Good","None or almost none","Agree","Very easy to be myself",5,5,5,5,"No",10,"No","Yes, sometimes",2,"Easy","Very easy","Very difficult",1,"A little more",0,0,"None of the time","Easy","2","2","15-24",2,"   748.0",34224,29
714,382.156,2018,27,"Female","Māori","Post-secondary NCEA/diploma","Not in labour force","Partnered","Not a parent",0,"Owned without mortgage",104661,5,"NZ with NZ parents","Non-disabled",10,7,8,"Excellent","None or almost none","Agree","Hard to be myself",7,10,0,3,"Yes",20,"Yes, sometimes","Yes, sometimes",2,"Neither easy nor difficult","Very easy","Very difficult",3,"A little more",0,0,"Some of the time","Very easy","0","2","25-34",3,"   336.1",15456,18
715,238.5148,2018,67,"Male","Māori","Post-secondary NCEA/diploma","Not in labour force","Not partnered","Not a parent",0,"Owned with mortgage",28044,4,"Long-term migrant","Non-disabled",9,8,8,"Good","None or almost none","Agree","Very easy to be myself",7,7,8,8,"Yes",12,"Yes, sometimes","No",0,"Easy","Easy","Easy",7,"A little more",0,0,"None of the time","Sometimes easy, sometimes hard","0","0","65+",1,"   262.8",11776,20
716,1683.095,2018,31,"Female","Pacific","Less than secondary school","Not in labour force","Partnered","Parent",4,"Owned without mortgage",203757,10,"NZ with NZ parents","Non-disabled",10,10,10,"Excellent","Conversational","Strongly agree","Very easy to be myself",10,7,2,6,"Yes",9,"Yes, often","Yes, sometimes",0,"Easy","Very easy","Very difficult",10,"No crime here",0,0,"None of the time","Sometimes easy, sometimes hard","4+","0","25-34",3,"   346.2",16192,32
717,553.6976,2018,54,"Male","Pacific","Secondary school","Not in labour force","Not partnered","Parent",3,"Rented",40677,10,"Long-term migrant","Non-disabled",7,7,7,"Fair","None or almost none","Disagree","Easy to be myself",5,7,5,6,"Yes",4,"Yes, sometimes","Yes, always",0,"Easy","Easy","Easy",3,"A lot more",1,0,"None of the time","Easy","3","0","45-54",1,"   552.8",25760,34
718,208.0554,2018,87,"Male","Pacific","Post-secondary NCEA/diploma","Not in labour force","Not partnered","Not a parent",0,"Owned without mortgage",23747,9,"NZ with NZ parents","Non-disabled",3,9,10,"Good","Basic","Agree","Very easy to be myself",7,10,6,7,"Yes",8,"No","No",0,"Very easy","Very easy","Difficult",10,"About the same",0,1,"A little of the time","Very easy","0","0","65+",1,"   456.0",20608,33
719,395.5991,2018,71,"Male","Pacific","Less than secondary school","Not in labour force","Not partnered","Not a parent",0,"Owned without mortgage",39310,8,"NZ with NZ parents","Non-disabled",10,10,10,"Excellent","None or almost none","Disagree","Very easy to be myself",10,10,8,5,"Yes",18,"No","No",0,"Very easy","Very easy","Easy",8,"About the same",0,0,"None of the time","Very easy","0","0","65+",1,"   164.7",7360,21
720,386.1248,2018,56,"Female","Pacific","Less than secondary school","Not in labour force","Partnered","Not a parent",0,"Owned with mortgage",204692,5,"NZ with NZ parents","Non-disabled",6,8,8,"Very Good","None or almost none","Strongly disagree","Very easy to be myself",6,9,5,5,"Yes",19,"No","No",1,"Easy","Very easy","Very easy",7,"About the same",0,0,"None of the time","Easy","0","1","55-64",3,"   243.7",11040,20
721,604.7834,2018,66,"Female","Pacific","Secondary school","Not in labour force","Partnered","Not a parent",0,"Owned with mortgage",45034,6,"NZ with NZ parents","Non-disabled",10,9,5,"Good","Conversational","Strongly disagree","Very easy to be myself",10,10,2,5,"Yes",14,"No","No",0,"Very easy","Very easy","Very difficult",10,"About the same",0,0,"None of the time","Very easy","0","0","65+",1,"   531.8",24656,28
722,324.0685,2018,89,"Female","Pacific","Less than secondary school","Not in labour force","Partnered","Not a parent",0,"Owned with mortgage",225369,7,"NZ with NZ parents","Disabled",6,7,7,"Poor","Basic","Agree","Easy to be myself",7,9,3,5,"Yes",19,"No","No",0,"Very easy","Very easy","Neither easy nor difficult",6,"About the same",0,0,"None of the time","Very easy","0","0","65+",3,"   615.5",28336,37
723,149.0788,2018,19,"Male","Pacific","Less than secondary school","Not in labour force","Not partnered","Not a parent",0,"Rented",130071,5,"NZ with NZ parents","Non-disabled",7,5,7,"Fair","None or almost none","Neither agree nor disagree","Easy to be myself",5,5,5,5,"Not eligible",10,"Yes, sometimes","Yes, sometimes",4,"Neither easy nor difficult","Very easy","Very easy",0,"Moved here recently",0,0,"Some of the time","Very hard","0","4+","15-24",3,"   226.8",10672,18
724,190.5526,2018,52,"Female","Pacific","Secondary school","Not in labour force","Partnered","Parent",2,"Rented",65009,5,"NZ with NZ parents","Non-disabled",5,9,8,"Very Good","None or almost none","Agree","Very easy to be myself",7,10,7,6,"Yes",18,"No","Yes, sometimes",0,"Very difficult","Very easy","Very difficult",9,"A little more",0,0,"None of the time","Easy","2","0","45-54",2,"   159.4",7728,22
725,158.3639,2018,69,"Female","Pacific","Secondary school","Not in labour force","Partnered","Not a parent",0,"Owned with mortgage",223608,1,"NZ with overseas parent(s)","Non-disabled",10,10,10,"Very Good","None or almost none","Strongly disagree","Very easy to be myself",7,10,8,8,"Yes",17,"No","No",1,"Very easy","Very easy","Very easy",10,"About the same",0,0,"None of the time","Very easy","0","1","65+",3,"   695.4",31648,24
726,292.7683,2018,64,"Female","Pacific","Less than secondary school","Not in labour force","Partnered","Not a parent",0,"Owned with mortgage",92585,1,"NZ with NZ parents","Disabled",8,9,9,"Very Good","None or almost none","Disagree","Easy to be myself",7,8,2,0,"Yes",13,"Yes, often","No",0,"Easy","Very easy","Very difficult",6,"A lot more",0,0,"None of the time","Very easy","0","0","55-64",2,"   208.3",9936,27
727,128.8745,2018,79,"Female","Pacific","Secondary school","Not in labour force","Partnered","Not a parent",0,"Owned with mortgage",144962,7,"Long-term migrant","Disabled",7,10,8,"Poor","None or almost none","Disagree","Easy to be myself",7,2,0,1,"Yes",17,"Yes, sometimes","No",0,"Easy","Easy","Easy",3,"About the same",0,0,"None of the time","Very easy","0","0","65+",3,"   758.6",34960,38
728,138.8932,2018,82,"Male","Pacific","Less than secondary school","Not in labour force","Partnered","Not a parent",0,"Owned with mortgage",30792,7,"NZ with overseas parent(s)","Non-disabled",7,10,10,"Fair","None or almost none","Strongly disagree","Easy to be myself",8,10,1,0,"Yes",18,"No","No",0,"Very easy","Very easy","Very easy",9,"A lot more",0,0,"None of the time","Very easy","0","0","65+",1,"   630.2",28704,43
729,137.2994,2018,47,"Male","Pacific","Less than secondary school","Not in labour force","Partnered","Not a parent",0,"Owned without mortgage",143260,2,"NZ with overseas parent(s)","Non-disabled",5,9,8,"Good","None or almost none","Disagree","Very easy to be myself",7,7,0,6,"Yes",19,"Yes, sometimes","Yes, sometimes",0,"Very easy","Very easy","Very easy",5,"No crime here",0,0,"A little of the time","Easy","0","0","45-54",3,"   601.6",27232,56
730,378.4899,2018,55,"Male","Pacific","Less than secondary school","Not in labour force","Not partnered","Not a parent",0,"Owned without mortgage",47583,10,"NZ with NZ parents","Disabled",0,6,7,"Good","Basic","Strongly agree","Sometimes easy, sometimes hard",1,0,0,0,"No",3,"No","Yes, sometimes",0,"Easy","Easy","Easy",6,"About the same",0,0,"None of the time","Easy","0","0","55-64",1,"   710.1",33120,40
731,178.284,2018,83,"Male","Pacific","Post-secondary NCEA/diploma","Not in labour force","Not partnered","Not a parent",0,"Owned with mortgage",77109,7,"Long-term migrant","Non-disabled",5,7,7,"Good","None or almost none","Neither agree nor disagree","Sometimes easy, sometimes hard",9,5,3,4,"Yes",13,"No","No",0,"Very easy","Very easy","Very easy",8,"About the same",0,0,"None of the time","Easy","0","0","65+",2,"   453.6",20976,14
732,518.0939,2018,63,"Female","Pacific","Less than secondary school","Not in labour force","Partnered","Not a parent",0,"Owned without mortgage",66879,8,"NZ with NZ parents","Non-disabled",6,9,8,"Very Good","Fluent","Agree","Very easy to be myself",5,5,5,5,"Yes",11,"Yes, often","Yes, sometimes",0,"Neither easy nor difficult","Easy","Difficult",8,"No crime here",0,0,"A little of the time","Easy","0","0","55-64",2,"   232.4",10304,30
733,239.0913,2018,35,"Male","Pacific","Degree","Not in labour force","Not partnered","Parent",3,"Rented",40259,5,"Long-term migrant","Non-disabled",1,8,8,"Very Good","None or almost none","Neither agree nor disagree","Very easy to be myself",9,10,10,10,"Yes",16,"No","No",2,"Very easy","Very easy","Very easy",4,"About the same",0,0,"None of the time","Very easy","3","2","35-44",1,"  1577.4",72128,78
734,445.9359,2018,35,"Female","Pacific","Secondary school","Not in labour force","Partnered","Parent",2,"Owned without mortgage",255844,6,"Long-term migrant","Non-disabled",5,7,9,"Good","None or almost none","Disagree","Very easy to be myself",8,9,4,5,"Yes",12,"Yes, sometimes","Yes, sometimes",0,"Very easy","Easy","Difficult",8,"About the same",0,0,"A little of the time","Hard","2","0","35-44",3,"   350.0",16560,28
735,381.5932,2018,45,"Female","Asian","Secondary school","Not in labour force","Partnered","Not a parent",0,"Owned without mortgage",184004,1,"NZ with NZ parents","Non-disabled",5,8,7,"Excellent","Basic","Neither agree nor disagree","Very easy to be myself",8,10,8,8,"Yes",17,"Yes, sometimes","Yes, sometimes",0,"Very easy","Very easy","Very easy",8,"No crime here",0,0,"None of the time","Very easy","0","0","45-54",3,"   576.4",26864,32
736,1019.615,2018,25,"Male","Asian","Less than secondary school","Not in labour force","Not partnered","Parent",2,"Rented",87217,5,"NZ with NZ parents","Non-disabled",8,8,7,"Excellent","Basic","Strongly agree","Very easy to be myself",8,8,6,8,"Yes",10,"Yes, sometimes","No",2,"Easy","Very easy","Difficult",8,"No crime here",1,0,"A little of the time","Sometimes easy, sometimes hard","2","2","25-34",2,"   542.6",25024,37
737,894.301,2018,61,"Male","Asian","Secondary school","Not in labour force","Not partnered","Not a parent",0,"Rented",38329,10,"Long-term migrant","Disabled",5,0,8,"Poor","None or almost none","Agree","Very hard to be myself",10,6,4,5,"No",8,"Yes, always","Yes, sometimes",0,"Neither easy nor difficult","Very easy","Very easy",0,"A little less",0,1,"Most of the time","Very easy","0","0","55-64",1,"   319.7",14720,28
738,1369.852,2018,52,"Male","Asian","Less than secondary school","Not in labour force","Not partnered","Not a parent",0,"Rented",25085,7,"NZ with NZ parents","Non-disabled",4,5,7,"Good","None or almost none","Neither agree nor disagree","Easy to be myself",5,10,5,5,"Yes",6,"No","No",0,"Very easy","Very easy","Easy",7,"A little less",0,0,"None of the time","Hard","0","0","45-54",1,"   370.9",16928,20
739,2308.478,2018,46,"Female","Asian","Degree","Not in labour force","Partnered","Not a parent",0,"Owned with mortgage",219484,3,"Long-term migrant","Non-disabled",4,8,9,"Very Good","Basic","Disagree","Easy to be myself",8,8,6,7,"Yes",19,"Yes, sometimes","No",0,"Easy","Easy","Easy",5,"About the same",0,0,"None of the time","Sometimes easy, sometimes hard","0","0","45-54",3,"  1120.1",51888,24
740,499.3966,2018,32,"Male","Asian","Secondary school","Not in labour force","Not partnered","Not a parent",0,"Owned without mortgage",61715,9,"NZ with NZ parents","Non-disabled",0,5,5,"Good","Basic","Neither agree nor disagree","Easy to be myself",6,5,4,4,"Yes",8,"Yes, sometimes","Yes, sometimes",1,"Easy","Easy","Easy",4,"About the same",0,0,"None of the time","Easy","0","1","25-34",2,"   383.1",18032,28
741,3143.151,2018,72,"Female","Asian","Degree","Not in labour force","Partnered","Not a parent",0,"Owned with mortgage",88468,7,"NZ with NZ parents","Non-disabled",8,9,9,"Very Good","None or almost none","Agree","Very easy to be myself",8,10,5,10,"Yes",20,"Yes, sometimes","No",0,"Easy","Very easy","Very easy",6,"About the same",1,0,"None of the time","Very easy","0","0","65+",2,"   180.4",8464,13
742,592.2206,2018,48,"Female","Asian","Less than secondary school","Not in labour force","Not partnered","Not a parent",0,"Rented",128217,2,"NZ with NZ parents","Non-disabled",8,5,5,"Fair","None or almost none","Neither agree nor disagree","Easy to be myself",5,5,0,0,"Not eligible",1,"Yes, often","Yes, sometimes",1,"Difficult","Easy","Difficult",6,"Moved here recently",0,1,"Some of the time","Hard","0","1","45-54",3,"   873.8",39744,44
743,1630.205,2018,50,"Male","Asian","Less than secondary school","Not in labour force","Not partnered","Not a parent",0,"Owned without mortgage",81126,5,"NZ with NZ parents","Non-disabled",7,8,8,"Very Good","None or almost none","Strongly agree","Easy to be myself",9,9,5,5,"Yes",16,"No","No",1,"Easy","Easy","Easy",8,"About the same",0,0,"A little of the time","Easy","0","1","45-54",2,"   430.1",20240,44
744,235.5811,2018,91,"Male","Asian","Post-secondary NCEA/diploma","Not in labour force","Partnered","Not a parent",0,"Owned with mortgage",154439,1,"NZ with NZ parents","Non-disabled",10,9,10,"Very Good","Basic","Agree","Very easy to be myself",8,9,6,7,"Yes",18,"No","No",0,"Very easy","Very easy","Easy",9,"About the same",1,0,"A little of the time","Sometimes easy, sometimes hard","0","0","65+",3,"   341.9",15456,41
745,1282.327,2018,29,"Female","Asian","Degree","Not in labour force","Partnered","Parent",1,"Owned without mortgage",204096,3,"Medium-term migrant","Non-disabled",8,8,8,"Very Good","None or almost none","Strongly agree","Very easy to be myself",9,9,8,9,"Yes",19,"No","No",2,"Very easy","Very easy","Easy",2,"A little more",0,0,"None of the time","Very easy","1","2","25-34",3,"   310.6",14720,26
746,1214.202,2018,68,"Male","Asian","Less than secondary school","Not in labour force","Partnered","Not a parent",0,"Owned with mortgage",47593,7,"NZ with NZ parents","Non-disabled",10,8,10,"Excellent","None or almost none","Agree","Very easy to be myself",9,10,5,7,"Yes",15,"No","No",0,"Very easy","Very easy","Very easy",1,"About the same",0,0,"None of the time","Very easy","0","0","65+",1,"   646.4",30176,17
747,637.2223,2018,34,"Female","Asian","Less than secondary school","Not in labour force","Not partnered","Not a parent",0,"Rented",52749,6,"NZ with NZ parents","Non-disabled",9,5,5,"Very Good","Basic","Agree","Sometimes easy, sometimes hard",7,5,7,7,"No",16,"No","No",1,"Easy","Easy","Very difficult",6,"A little more",0,1,"A little of the time","Hard","0","1","25-34",2,"   184.4",8464,17
748,896.147,2018,41,"Male","Asian","Degree","Not in labour force","Partnered","Parent",4,"Owned without mortgage",91461,5,"NZ with NZ parents","Non-disabled",5,6,8,"Very Good","Conversational","Strongly agree","Very easy to be myself",7,9,5,6,"Yes",18,"Yes, sometimes","Yes, sometimes",0,"Easy","Very easy","Very difficult",8,"About the same",0,0,"A little of the time","Easy","4+","0","35-44",2,"   587.3",26864,48
749,296.0289,2018,26,"Male","Asian","Secondary school","Not in labour force","Partnered","Parent",2,"Rented",36323,10,"NZ with NZ parents","Non-disabled",4,4,7,"Good","Basic","Agree","Very easy to be myself",5,7,4,5,"Yes",5,"No","Yes, sometimes",3,"Neither easy nor difficult","Easy","Very difficult",3,"A lot less",0,0,"None of the time","Hard","2","3","25-34",1,"  1151.5",52992,53
750,1111.508,2018,64,"Male","Asian","Post-secondary NCEA/diploma","Not in labour force","Partnered","Not a parent",0,"Rented",48476,7,"Long-term migrant","Non-disabled",3,7,9,"Good","None or almost none","Agree","Easy to be myself",6,10,4,4,"Yes",8,"Yes, sometimes","No",2,"Neither easy nor difficult","Very easy","Very easy",3,"Moved here recently",0,0,"A little of the time","Sometimes easy, sometimes hard","0","2","55-64",1,"   351.7",16560,19
751,375.2737,2018,57,"Female","Asian","Post-secondary NCEA/diploma","Not in labour force","Not partnered","Parent",2,"Rented",25861,8,"NZ with NZ parents","Non-disabled",8,7,9,"Fair","None or almost none","Disagree","Sometimes easy, sometimes hard",2,7,2,4,"Yes",13,"Not applicable","No",1,"Very easy","Very easy","Very easy",5,"Moved here recently",1,0,"None of the time","Easy","2","1","55-64",1,"   532.2",24656,26
752,665.2936,2018,45,"Male","Asian","Less than secondary school","Not in labour force","Partnered","Parent",3,"Owned with mortgage",118699,3,"NZ with overseas parent(s)","Non-disabled",0,5,9,"Very Good","None or almost none","Disagree","Very easy to be myself",7,7,1,4,"Yes",9,"Yes, often","Yes, sometimes",0,"Very easy","Easy","Difficult",5,"A little more",0,0,"A little of the time","Very easy","3","0","45-54",3,"   481.4",22448,62
753,838.7592,2018,87,"Male","Asian","Secondary school","Not in labour force","Not partnered","Not a parent",0,"Rented",72481,6,"Long-term migrant","Disabled",3,4,5,"Fair","None or almost none","Strongly disagree","Sometimes easy, sometimes hard",5,8,1,3,"No",5,"Not applicable","Yes, sometimes",4,"Easy","Very easy","Easy",5,"No crime here",0,0,"None of the time","Easy","0","4+","65+",2,"  1808.9",82800,38
754,338.3269,2018,72,"Male","Asian","Degree","Not in labour force","Partnered","Not a parent",0,"Owned without mortgage",43467,9,"Long-term migrant","Non-disabled",6,8,9,"Very Good","Basic","Agree","Very easy to be myself",4,10,8,4,"Yes",19,"No","No",1,"Very easy","Very easy","Easy",8,"About the same",0,0,"None of the time","Very easy","0","1","65+",1,"   518.5",24288,38
755,251.0874,2018,57,"Male","Asian","Degree","Not in labour force","Partnered","Not a parent",0,"Owned with mortgage",172688,1,"NZ with NZ parents","Non-disabled",9,8,7,"Very Good","Basic","Strongly agree","Easy to be myself",8,7,6,7,"Yes",16,"Yes, sometimes","Yes, sometimes",0,"Easy","Very easy","Easy",8,"About the same",0,1,"None of the time","Easy","0","0","55-64",3,"   982.9",44896,24
756,932.2206,2018,56,"Female","Asian","Secondary school","Not in labour force","Partnered","Not a parent",0,"Rented",10450,8,"NZ with unknown origin parents","Disabled",3,3,6,"Poor","Conversational","Strongly agree","Easy to be myself",4,5,3,4,"Yes",0,"No","No",1,"Neither easy nor difficult","Very easy","Easy",7,"About the same",1,0,"Some of the time","Hard","0","1","55-64",1,"   226.1",10304,34
757,412.0106,2018,70,"Male","Asian","Degree","Not in labour force","Not partnered","Not a parent",0,"Owned with mortgage",50389,3,"Long-term migrant","Non-disabled",8,9,9,"Good","Conversational","Agree","Very easy to be myself",5,7,1,8,"Yes",16,"No","Yes, sometimes",0,"Easy","Easy","Easy",9,"About the same",0,0,"None of the time","Very easy","0","0","65+",2,"  1306.8",60352,12
758,490.0883,2018,44,"Female","Asian","Degree","Not in labour force","Not partnered","Parent",3,"Rented",136180,3,"Medium-term migrant","Non-disabled",6,6,6,"Very Good","None or almost none","Strongly agree","Sometimes easy, sometimes hard",8,10,8,7,"Yes",13,"Yes, sometimes","Yes, sometimes",1,"Very easy","Easy","Easy",1,"A little more",1,0,"Some of the time","Sometimes easy, sometimes hard","3","1","35-44",3,"   615.6",28336,25
759,1281.134,2018,18,"Male","Asian","Less than secondary school","Not in labour force","Not partnered","Not a parent",0,"Owned without mortgage",124090,3,"Medium-term migrant","Non-disabled",7,10,10,"Excellent","Basic","Agree","Very easy to be myself",10,10,5,7,"Not eligible",19,"No","No",0,"Very easy","Very easy","Very easy",10,"No crime here",0,0,"None of the time","Very easy","0","0","15-24",3,"   235.6",10672,18
760,250.7505,2018,52,"Male","Asian","Less than secondary school","Not in labour force","Partnered","Not a parent",0,"Owned without mortgage",70954,7,"NZ with NZ parents","Non-disabled",7,7,8,"Very Good","None or almost none","Neither agree nor disagree","Very easy to be myself",8,9,6,5,"Yes",14,"Yes, sometimes","No",0,"Very easy","Very easy","Very easy",8,"About the same",0,0,"None of the time","Very easy","0","0","45-54",2,"   343.6",16192,78
761,226.1211,2018,56,"Male","Asian","Secondary school","Not in labour force","Not partnered","Parent",1,"Owned with mortgage",26467,8,"NZ with NZ parents","Disabled",4,5,8,"Fair","None or almost none","Strongly disagree","Easy to be myself",8,8,5,8,"Yes",2,"Yes, sometimes","No",0,"Easy","Very easy","Very easy",5,"About the same",1,0,"Some of the time","Sometimes easy, sometimes hard","1","0","55-64",1,"  1118.6",51152,28
762,324.0957,2018,50,"Female","Asian","Degree","Not in labour force","Partnered","Parent",2,"Owned with mortgage",126487,2,"Long-term migrant","Non-disabled",8,5,5,"Good","None or almost none","Neither agree nor disagree","Very easy to be myself",6,6,3,3,"Yes",20,"Yes, sometimes","No",0,"Neither easy nor difficult","Neither easy nor difficult","Neither easy nor difficult",5,"No crime here",0,0,"None of the time","Very easy","2","0","45-54",3,"   464.7",20976,44
763,3699.964,2018,59,"Female","European/Other","Less than secondary school","Not in labour force","Partnered","Not a parent",0,"Owned without mortgage",137004,8,"NZ with NZ parents","Non-disabled",7,7,7,"Good","None or almost none","Neither agree nor disagree","Easy to be myself",8,8,7,6,"Yes",20,"No","No",0,"Very easy","Very easy","Easy",6,"A lot less",0,0,"None of the time","Easy","0","0","55-64",3,"   423.1",19136,32
764,1913.348,2018,59,"Female","European/Other","Secondary school","Not in labour force","Partnered","Parent",2,"Rented",115650,5,"NZ with NZ parents","Non-disabled",10,8,9,"Good","None or almost none","Disagree","Very easy to be myself",8,8,4,5,"Yes",18,"Yes, always","Yes, sometimes",1,"Easy","Easy","Neither easy nor difficult",7,"About the same",1,0,"None of the time","Very easy","2","1","55-64",3,"   297.0",13984,24
765,2402.467,2018,53,"Female","European/Other","Less than secondary school","Not in labour force","Not partnered","Not a parent",0,"Rented",71890,1,"NZ with NZ parents","Non-disabled",0,5,1,"Poor","None or almost none","Disagree","Very easy to be myself",10,5,0,0,"No",20,"No","Yes, sometimes",3,"Easy","Very easy","Easy",0,"No crime here",1,1,"All of the time",NA,"0","3","45-54",2,"   152.2",6624,12
766,2987.849,2018,52,"Male","European/Other","Secondary school","Not in labour force","Partnered","Not a parent",0,"Owned with mortgage",125467,4,"NZ with NZ parents","Non-disabled",6,9,7,"Excellent","None or almost none","Neither agree nor disagree","Very easy to be myself",7,9,5,5,"Yes",16,"No","Yes, sometimes",0,"Very easy","Very easy","Easy",5,"A little more",1,1,"None of the time","Very easy","0","0","45-54",3,"   466.8",21712,32
767,3554.957,2018,25,"Male","European/Other","Secondary school","Not in labour force","Not partnered","Not a parent",0,"Rented",44939,9,"NZ with NZ parents","Non-disabled",10,10,10,"Poor","Basic","Strongly agree","Very easy to be myself",0,10,0,10,"Yes",14,"Yes, often","Yes, sometimes",3,"Easy","Easy","Easy",0,"A lot more",1,0,"Some of the time","Easy","0","3","25-34",1,"  1269.2",58512,32
768,2607.397,2018,43,"Male","European/Other","Degree","Not in labour force","Not partnered","Not a parent",0,"Rented",44473,3,"NZ with NZ parents","Non-disabled",10,8,8,"Excellent","None or almost none","Strongly agree","Very easy to be myself",7,10,6,6,"Yes",16,"Yes, often","No",3,"Very easy","Very easy","Very easy",7,"Moved here recently",1,0,"None of the time","Sometimes easy, sometimes hard","0","3","35-44",1,"   767.8",34960,32
769,1693.753,2018,41,"Male","European/Other","Degree","Not in labour force","Partnered","Parent",2,"Owned without mortgage",182553,5,"NZ with NZ parents","Non-disabled",9,7,9,"Fair","Conversational","Strongly agree","Sometimes easy, sometimes hard",7,9,2,6,"Yes",14,"Yes, often","Yes, sometimes",3,"Very easy","Very easy","Neither easy nor difficult",1,"About the same",0,1,"None of the time","Easy","2","3","35-44",3,"  2365.9",108928,32
770,3357.475,2018,21,"Male","European/Other","Less than secondary school","Not in labour force","Not partnered","Not a parent",0,"Rented",40242,5,"NZ with NZ parents","Non-disabled",9,8,8,"Excellent","None or almost none","Disagree","Easy to be myself",7,8,4,5,"Yes",15,"No","No",1,"Very easy","Very easy","Very easy",7,"No crime here",0,0,"None of the time","Easy","0","1","15-24",1,"   946.1",43424,27
771,1865.326,2018,30,"Male","European/Other","Degree","Not in labour force","Partnered","Not a parent",0,"Rented",143548,6,"NZ with NZ parents","Non-disabled",8,7,5,"Very Good","Basic","Strongly agree","Very easy to be myself",9,9,3,5,"Yes",17,"Yes, always","No",4,"Very easy","Very easy","Very easy",1,"A little less",0,1,"Some of the time","Very easy","0","4+","25-34",3,"  1458.5",67344,36
772,1226.004,2018,27,"Male","European/Other","Secondary school","Not in labour force","Not partnered","Not a parent",0,"Rented",177628,4,"NZ with NZ parents","Disabled",10,0,0,"Fair","None or almost none","Strongly agree","Very hard to be myself",0,0,0,0,"No",13,"No","No",4,"Very easy","Very easy","Very difficult",10,"Moved here recently",0,0,"None of the time","Easy","0","4+","25-34",3,"   401.9",18768,21
773,2100.248,2018,65,"Female","European/Other","Degree","Not in labour force","Not partnered","Not a parent",0,"Owned with mortgage",27675,9,"NZ with NZ parents","Non-disabled",10,9,9,"Good","None or almost none","Agree","Very easy to be myself",7,8,6,10,"Yes",17,"No","No",0,"Very easy","Very easy","Very easy",8,"About the same",0,0,"A little of the time","Sometimes easy, sometimes hard","0","0","65+",1,"   497.3",22448,22
774,2264.483,2018,34,"Male","European/Other","Less than secondary school","Not in labour force","Partnered","Parent",2,"Rented",45316,6,"NZ with NZ parents","Disabled",7,7,9,"Good","Basic","Disagree","Hard to be myself",2,2,0,0,"No",7,"Yes, sometimes","Yes, sometimes",4,"Easy","Easy","Easy",3,"No crime here",1,1,"None of the time","Very easy","2","4+","25-34",1,"   487.3",22080,32
775,1766.192,2018,58,"Female","European/Other","Degree","Not in labour force","Partnered","Not a parent",0,"Owned without mortgage",197577,4,"Long-term migrant","Disabled",3,5,6,"Excellent","Basic","Strongly agree","Sometimes easy, sometimes hard",7,8,5,9,"Yes",2,"Yes, always","Yes, sometimes",0,"Easy","Easy","Easy",6,"A little less",0,0,"Some of the time","Sometimes easy, sometimes hard","0","0","55-64",3,"   377.1",17296,23
776,7442.735,2018,30,"Male","European/Other","Post-secondary NCEA/diploma","Not in labour force","Partnered","Parent",1,"Rented",62445,5,"NZ with NZ parents","Non-disabled",7,9,9,"Excellent","Conversational","Strongly agree","Easy to be myself",8,10,7,10,"Yes",16,"Not applicable","No",1,"Easy","Very easy","Very easy",10,"Moved here recently",0,0,"None of the time","Easy","1","1","25-34",2,"   699.1",32384,31
777,6632.997,2018,18,"Female","European/Other","Less than secondary school","Not in labour force","Not partnered","Not a parent",0,"Owned with mortgage",115937,2,"NZ with overseas parent(s)","Non-disabled",5,8,10,"Good","None or almost none","Neither agree nor disagree","Easy to be myself",8,8,5,6,"Yes",13,"No","No",2,"Neither easy nor difficult","Easy","Very difficult",5,"A lot more",1,0,"None of the time","Very easy","0","2","15-24",3,"   280.2",12880,2
778,2352.401,2018,39,"Male","European/Other","Less than secondary school","Not in labour force","Not partnered","Not a parent",0,"Owned without mortgage",97337,6,"NZ with NZ parents","Non-disabled",5,8,5,"Excellent","None or almost none","Neither agree nor disagree","Very easy to be myself",7,6,3,3,"Yes",17,"Yes, sometimes","No",0,"Very easy","Very easy","Very easy",5,"A little more",0,0,"A little of the time","Very easy","0","0","35-44",2,"  1270.6",58512,60
779,2371.723,2018,65,"Female","European/Other","Secondary school","Not in labour force","Not partnered","Not a parent",0,"Owned with mortgage",27088,5,"NZ with NZ parents","Non-disabled",7,9,10,"Good","Fluent","Strongly disagree","Very easy to be myself",10,10,1,5,"Yes",20,"No","No",0,"Very easy","Very easy","Easy",8,"A little more",0,0,"None of the time","Very easy","0","0","65+",1,"   159.6",7360,13
780,4276.648,2018,30,"Male","European/Other","Less than secondary school","Not in labour force","Partnered","Parent",2,"Rented",69016,9,"NZ with NZ parents","Non-disabled",6,7,5,"Good","None or almost none","Agree","Very easy to be myself",9,8,6,6,"Yes",14,"Yes, often","Yes, sometimes",1,"Neither easy nor difficult","Very easy","Easy",3,"A little less",0,0,"A little of the time","Sometimes easy, sometimes hard","2","1","25-34",2,"   704.9",32752,32
781,2732.853,2018,22,"Male","European/Other","Less than secondary school","Not in labour force","Not partnered","Not a parent",0,"Rented",104261,3,"NZ with NZ parents","Non-disabled",5,7,9,"Excellent","None or almost none","Disagree","Very easy to be myself",3,7,4,4,"No",4,"Yes, often","No",4,"Very easy","Very easy","Difficult",1,"No crime here",0,1,"A little of the time","Easy","0","4+","15-24",3,"   577.5",26496,78
782,1783.027,2018,16,"Male","European/Other","Post-secondary NCEA/diploma","Not in labour force","Not partnered","Not a parent",0,"Owned without mortgage",84430,5,"Long-term migrant","Non-disabled",0,7,5,"Very Good","None or almost none","Neither agree nor disagree","Very easy to be myself",5,4,3,5,"Yes",14,"No","No",0,"Very easy","Very easy","Very easy",6,"A lot less",0,0,"Some of the time","Sometimes easy, sometimes hard","0","0","15-24",2,"   777.1",35328,33
783,2086.932,2018,55,"Male","European/Other","Degree","Not in labour force","Not partnered","Not a parent",0,"Rented",82131,4,"Long-term migrant","Non-disabled",8,9,10,"Very Good","None or almost none","Agree","Sometimes easy, sometimes hard",6,9,8,8,"Yes",15,"No","No",3,"Easy","Easy","Easy",5,"About the same",0,0,"None of the time","Sometimes easy, sometimes hard","0","3","55-64",2,"   407.6",18400,26
784,2381.121,2018,48,"Male","European/Other","Less than secondary school","Not in labour force","Partnered","Parent",1,"Owned without mortgage",110715,3,"NZ with NZ parents","Non-disabled",10,10,10,"Very Good","Basic","Agree","Very easy to be myself",8,10,0,0,"Yes",7,"Yes, always","Yes, sometimes",0,"Very easy","Very easy","Very easy",4,"No crime here",0,0,"A little of the time","Easy","1","0","45-54",3,"   696.2",31648,30
785,1231.386,2018,19,"Female","European/Other","Less than secondary school","Not in labour force","Not partnered","Not a parent",0,"Owned with mortgage",33456,3,"NZ with NZ parents","Non-disabled",8,7,7,"Fair","None or almost none","Strongly agree","Easy to be myself",4,5,5,6,"Yes",9,"No","No",0,"Very easy","Very easy","Very easy",6,"A lot less",1,0,"A little of the time","Sometimes easy, sometimes hard","0","0","15-24",1,"   104.4",4784,6
786,1738.512,2018,36,"Male","European/Other","Less than secondary school","Not in labour force","Partnered","Parent",3,"Owned without mortgage",87297,7,"NZ with overseas parent(s)","Non-disabled",6,9,10,"Very Good","None or almost none","Disagree","Very easy to be myself",6,8,3,6,"Yes",14,"Yes, sometimes","Yes, sometimes",0,"Very easy","Very easy","Very difficult",10,"A little more",0,0,"None of the time","Very easy","3","0","35-44",2,"   498.2",22816,35
787,2165.969,2018,59,"Male","European/Other","Less than secondary school","Not in labour force","Not partnered","Not a parent",0,"Owned with mortgage",30866,8,"NZ with overseas parent(s)","Non-disabled",7,10,9,"Excellent","None or almost none","Strongly disagree","Very easy to be myself",8,9,2,3,"Yes",18,"No","No",0,"Very easy","Very easy","Very difficult",10,"No crime here",0,0,"Some of the time","Easy","0","0","55-64",1,"   766.0",34960,36
788,3222.764,2018,49,"Male","European/Other","Less than secondary school","Not in labour force","Not partnered","Not a parent",0,"Owned with mortgage",46302,3,"NZ with NZ parents","Non-disabled",5,10,8,"Fair","None or almost none","Disagree","Easy to be myself",8,10,5,7,"Yes",17,"Yes, sometimes","Yes, sometimes",0,"Very easy","Very easy","Very easy",9,"About the same",0,0,"A little of the time","Easy","0","0","45-54",1,"   540.9",24656,77
789,3393.957,2018,71,"Female","European/Other","Less than secondary school","Not in labour force","Partnered","Not a parent",0,"Owned with mortgage",92405,6,"Long-term migrant","Non-disabled",7,8,8,"Good","None or almost none","Neither agree nor disagree","Very easy to be myself",7,6,4,6,"Yes",18,"Yes, sometimes","No",0,"Easy","Very easy","Very easy",7,"No crime here",0,0,"None of the time","Easy","0","0","65+",2,"   341.1",15824,32
790,1910.432,2018,48,"Male","European/Other","Degree","Not in labour force","Partnered","Parent",3,"Owned without mortgage",101015,2,"NZ with NZ parents","Non-disabled",4,10,10,"Excellent","Basic","Strongly agree","Very easy to be myself",9,10,6,7,"Yes",18,"No","No",0,"Very easy","Very easy","Neither easy nor difficult",8,"About the same",0,1,"None of the time","Very easy","3","0","45-54",3,"   948.8",43424,29
791,1213.261,2018,49,"Female","European/Other","Secondary school","Not in labour force","Partnered","Parent",1,"Owned without mortgage",250482,9,"NZ with overseas parent(s)","Non-disabled",7,7,9,"Very Good","Basic","Strongly agree","Very easy to be myself",8,7,5,2,"Yes",15,"No","No",1,"Easy","Very easy","Neither easy nor difficult",5,"Moved here recently",0,0,"None of the time","Very easy","1","1","45-54",3,"   258.5",12144,22
792,2410.17,2018,37,"Female","European/Other","Post-secondary NCEA/diploma","Not in labour force","Not partnered","Not a parent",0,"Rented",146944,1,"NZ with NZ parents","Non-disabled",10,10,10,"Very Good","Basic","Neither agree nor disagree","Very easy to be myself",9,10,6,7,"Yes",18,"Yes, always","No",2,"Very easy","Very easy","Very easy",9,"No crime here",0,0,"None of the time","Very easy","0","2","35-44",3,"   583.9",26864,23
793,1789.226,2018,68,"Male","European/Other","Less than secondary school","Not in labour force","Not partnered","Not a parent",0,"Owned with mortgage",47090,8,"NZ with NZ parents","Non-disabled",6,9,8,"Good","None or almost none","Neither agree nor disagree","Very easy to be myself",9,9,8,7,"Yes",15,"Yes, always","No",0,"Very easy","Very easy","Very easy",6,"About the same",0,0,"Some of the time","Hard","0","0","65+",1,"   623.5",28336,43
794,3562.648,2018,66,"Male","European/Other","Degree","Not in labour force","Not partnered","Not a parent",0,"Rented",17942,10,"Long-term migrant","Non-disabled",10,9,8,"Good","None or almost none","Agree","Easy to be myself",8,8,6,7,"Yes",8,"No","No",0,"Very easy","Easy","Very easy",3,"A little less",0,0,"Some of the time","Sometimes easy, sometimes hard","0","0","65+",1,"  1657.0",76544,72
795,3913.134,2018,28,"Male","European/Other","Degree","Not in labour force","Not partnered","Not a parent",0,"Owned with mortgage",158045,6,"Medium-term migrant","Non-disabled",10,8,10,"Excellent","None or almost none","Agree","Easy to be myself",9,9,8,8,"No",16,"Yes, sometimes","Yes, sometimes",0,"Neither easy nor difficult","Very easy","Very difficult",4,"No crime here",0,0,"None of the time","Very easy","0","0","25-34",3,"   536.6",24288,32
796,1269.611,2018,46,"Male","European/Other","Degree","Not in labour force","Not partnered","Parent",1,"Rented",31906,4,"NZ with NZ parents","Non-disabled",4,7,9,"Good","Basic","Agree","Sometimes easy, sometimes hard",6,9,5,7,"Yes",9,"Yes, often","Yes, sometimes",0,"Very easy","Very easy","Very easy",7,"About the same",0,1,"Some of the time","Very easy","1","0","45-54",1,"   776.2",35696,44
797,823.4178,2018,32,"Male","European/Other","Degree","Not in labour force","Partnered","Not a parent",0,"Rented",84169,7,"Medium-term migrant","Non-disabled",5,8,8,"Very Good","None or almost none","Disagree","Easy to be myself",8,10,8,8,"No",14,"No","Yes, sometimes",0,"Very easy","Very easy","Very easy",7,"No crime here",0,0,"None of the time","Very easy","0","0","25-34",2,"   626.0",28704,32
798,1323.363,2018,52,"Female","European/Other","Secondary school","Not in labour force","Partnered","Parent",1,"Owned with mortgage",78697,6,"NZ with NZ parents","Non-disabled",7,7,8,"Good","None or almost none","Disagree","Very easy to be myself",7,9,3,5,"Yes",12,"No","Yes, sometimes",0,"Easy","Easy","Easy",8,"A little more",0,0,"None of the time","Hard","1","0","45-54",2,"   348.1",16192,36
799,3985.773,2018,46,"Female","European/Other","Less than secondary school","Not in labour force","Partnered","Not a parent",0,"Owned without mortgage",213384,1,"NZ with NZ parents","Non-disabled",4,8,8,"Good","None or almost none","Strongly agree","Easy to be myself",7,6,2,5,"Yes",17,"No","No",1,"Very easy","Very easy","Easy",8,"No crime here",0,0,"None of the time","Easy","0","1","45-54",3,"   662.4",30544,37
800,3107.137,2018,59,"Male","European/Other","Less than secondary school","Not in labour force","Not partnered","Not a parent",0,"Owned with mortgage",49709,5,"NZ with overseas parent(s)","Non-disabled",5,10,10,"Very Good","None or almost none","Disagree","Easy to be myself",8,10,3,1,"Yes",18,"No","No",0,"Very easy","Easy","Very easy",7,"About the same",0,0,"None of the time","Very easy","0","0","55-64",1,"   700.7",32016,41
801,1328.024,2018,76,"Female","European/Other","Less than secondary school","Not in labour force","Not partnered","Not a parent",0,"Owned without mortgage",9833,7,"NZ with NZ parents","Disabled",1,5,10,"Fair","None or almost none","Strongly agree","Hard to be myself",1,5,1,5,"No",0,"Yes, often","Yes, sometimes",0,"Easy","Very easy","Very difficult",5,"A lot less",0,1,"None of the time","Very easy","0","0","65+",1,"   510.4",23184,29
802,3369.829,2018,50,"Male","European/Other","Less than secondary school","Not in labour force","Partnered","Parent",1,"Owned without mortgage",146132,2,"NZ with NZ parents","Non-disabled",7,10,10,"Very Good","Basic","Disagree","Sometimes easy, sometimes hard",8,8,2,5,"Yes",12,"No","No",1,"Difficult","Very easy","Easy",7,"A little more",0,1,"None of the time","Very easy","1","1","45-54",3,"   878.0",40480,46
803,1033.435,2018,55,"Female","European/Other","Less than secondary school","Not in labour force","Not partnered","Not a parent",0,"Owned with mortgage",35023,10,"Long-term migrant","Non-disabled",5,6,8,"Poor","None or almost none","Disagree","Very easy to be myself",8,10,5,6,"Yes",11,"Yes, always","Yes, sometimes",0,"Easy","Very easy","Easy",6,"A lot more",0,0,"None of the time","Very easy","0","0","55-64",1,"   162.8",7728,24
804,3636.734,2018,21,"Male","European/Other","Less than secondary school","Not in labour force","Not partnered","Not a parent",0,"Owned without mortgage",25033,10,"NZ with NZ parents","Non-disabled",7,6,5,"Very Good","None or almost none","Strongly agree","Easy to be myself",5,6,4,6,"Not eligible",13,"Yes, sometimes","No",0,"Easy","Very easy","Very easy",9,"A little more",0,0,"Some of the time","Easy","0","0","15-24",1,"   310.9",14720,32
805,1485.274,2018,34,"Female","European/Other","Degree","Not in labour force","Partnered","Parent",2,"Owned without mortgage",121631,1,"NZ with NZ parents","Non-disabled",8,6,6,"Very Good","None or almost none","Agree","Very easy to be myself",8,9,6,7,"Yes",17,"No","Yes, sometimes",2,"Easy","Very easy","Easy",8,"A little more",0,0,"A little of the time","Sometimes easy, sometimes hard","2","2","25-34",3,"   480.4",22448,28
806,1165.464,2018,28,"Female","European/Other","Post-secondary NCEA/diploma","Not in labour force","Not partnered","Not a parent",0,"Owned without mortgage",105626,10,"Long-term migrant","Non-disabled",6,7,9,"Good","None or almost none","Agree","Very easy to be myself",6,8,2,5,"Yes",7,"No","Yes, always",0,"Easy","Easy","Easy",5,"About the same",0,0,"None of the time","Very easy","0","0","25-34",3,"   528.7",23920,37
807,1537.071,2018,40,"Female","European/Other","Degree","Not in labour force","Partnered","Parent",1,"Owned without mortgage",51779,10,"NZ with NZ parents","Non-disabled",8,4,7,"Good","None or almost none","Strongly agree","Very easy to be myself",4,5,3,1,"Yes",12,"No","Yes, sometimes",0,"Easy","Very easy","Neither easy nor difficult",1,"About the same",1,0,"A little of the time","Easy","1","0","35-44",2,"   978.1",45264,25
808,2692.407,2018,35,"Male","European/Other","Degree","Not in labour force","Partnered","Parent",1,"Owned without mortgage",153401,5,"Recent migrant","Non-disabled",2,2,5,"Very Good","None or almost none","Neither agree nor disagree","Sometimes easy, sometimes hard",9,8,5,6,"No",10,"Yes, sometimes","Yes, sometimes",4,"Very easy","Very easy","Easy",4,"Moved here recently",0,0,"None of the time","Very hard","1","4+","35-44",3,"  1192.4",54464,29
809,6241.489,2018,50,"Female","European/Other","Degree","Not in labour force","Partnered","Parent",2,"Owned without mortgage",299221,1,"Long-term migrant","Non-disabled",9,8,10,"Very Good","None or almost none","Neither agree nor disagree","Very easy to be myself",8,9,7,6,"Yes",17,"No","No",1,"Difficult","Very easy","Very difficult",6,"No crime here",0,0,"A little of the time","Easy","2","1","45-54",3,"   560.9",26128,32
810,4000.914,2018,95,"Female","European/Other","Secondary school","Not in labour force","Partnered","Not a parent",0,"Owned with mortgage",42621,7,"Long-term migrant","Disabled",8,7,7,"Very Good","Basic","Neither agree nor disagree","Easy to be myself",8,8,7,8,"Yes",15,"No","No",0,"Very easy","Very easy","Very easy",9,"About the same",0,1,"Some of the time","Easy","0","0","65+",1,"   434.9",20240,12
811,1437.138,2018,41,"Male","European/Other","Less than secondary school","Not in labour force","Partnered","Not a parent",0,"Rented",150245,5,"NZ with NZ parents","Non-disabled",5,7,8,"Excellent","Basic","Agree","Easy to be myself",7,7,4,5,"Yes",14,"Yes, sometimes","Yes, sometimes",2,"Very easy","Very easy","Very easy",7,"Moved here recently",0,0,"None of the time","Very easy","0","2","35-44",3,"   736.8",33856,32
812,1781.332,2018,42,"Male","European/Other","Degree","Not in labour force","Partnered","Parent",4,"Owned without mortgage",167080,2,"Long-term migrant","Non-disabled",9,7,7,"Very Good","None or almost none","Agree","Very easy to be myself",8,6,6,6,"Yes",15,"Yes, sometimes","Yes, sometimes",2,"Very easy","Very easy","Very easy",9,"About the same",0,0,"Some of the time","Easy","4+","2","35-44",3,"  1285.1",58880,44
813,3844.28,2018,75,"Female","European/Other","Less than secondary school","Not in labour force","Not partnered","Not a parent",0,"Owned with mortgage",31895,7,"NZ with overseas parent(s)","Non-disabled",6,7,8,"Good","None or almost none","Neither agree nor disagree","Very easy to be myself",8,9,9,9,"Yes",14,"Yes, sometimes","Yes, sometimes",0,"Easy","Very easy","Easy",4,"About the same",0,0,"A little of the time","Sometimes easy, sometimes hard","0","0","65+",1,"    13.1",736,2
814,8405.188,2018,67,"Male","European/Other","Less than secondary school","Not in labour force","Not partnered","Not a parent",0,"Rented",35391,6,"NZ with overseas parent(s)","Non-disabled",8,8,8,"Good","None or almost none","Agree","Very easy to be myself",9,8,9,3,"Yes",16,"Yes, always","Yes, always",0,"Very easy","Very easy","Very difficult",10,"About the same",0,0,"None of the time","Very easy","0","0","65+",1,"   332.5",15456,30
815,5130.291,2018,28,"Female","European/Other","Post-secondary NCEA/diploma","Not in labour force","Partnered","Not a parent",0,"Rented",88107,7,"Recent migrant","Disabled",0,1,1,"Poor","Basic","Strongly agree","Very hard to be myself",1,3,0,0,"No",6,"Yes, sometimes","Yes, sometimes",4,"Neither easy nor difficult","Very easy","Neither easy nor difficult",1,"No crime here",0,1,"Some of the time","Hard","0","4+","25-34",2,"   201.7",8832,5
816,1365.213,2018,71,"Female","European/Other","Degree","Not in labour force","Partnered","Not a parent",0,"Owned without mortgage",145035,8,"Medium-term migrant","Non-disabled",4,8,9,"Good","None or almost none","Disagree","Hard to be myself",9,9,9,9,"No",13,"Yes, sometimes","No",1,"Easy","Easy","Easy",0,"About the same",0,0,"None of the time","Easy","0","1","65+",3,"   574.1",26496,26
817,4632.487,2018,71,"Female","European/Other","Less than secondary school","Not in labour force","Not partnered","Not a parent",0,"Owned with mortgage",14310,10,"NZ with overseas parent(s)","Non-disabled",7,9,8,"Very Good","None or almost none","Strongly agree","Easy to be myself",5,5,5,0,"Yes",18,"Yes, sometimes","No",0,"Easy","Easy","Easy",4,"About the same",0,0,"None of the time","Very easy","0","0","65+",1,"   446.7",20240,32
818,3105.442,2018,63,"Male","European/Other","Less than secondary school","Not in labour force","Partnered","Not a parent",0,"Owned without mortgage",72500,8,"NZ with NZ parents","Non-disabled",3,7,8,"Good","None or almost none","Agree","Easy to be myself",7,9,1,5,"Yes",13,"No","No",0,"Very easy","Very easy","Very easy",4,"About the same",0,0,"None of the time","Easy","0","0","55-64",2,"   494.6",22448,34
819,1470.379,2018,53,"Male","European/Other","Degree","Not in labour force","Partnered","Not a parent",0,"Owned without mortgage",129852,2,"Long-term migrant","Disabled",6,7,8,"Good","None or almost none","Agree","Very easy to be myself",8,9,6,4,"Yes",9,"Yes, often","Yes, sometimes",2,"Very easy","Easy","Easy",4,"About the same",0,0,"A little of the time","Hard","0","2","45-54",3,"   248.8",11776,9
820,4634.007,2018,99,"Male","European/Other","Less than secondary school","Not in labour force","Not partnered","Not a parent",0,"Owned with mortgage",47900,3,"NZ with overseas parent(s)","Non-disabled",8,9,9,"Very Good","None or almost none","Agree","Easy to be myself",8,9,5,7,"Yes",16,"No","No",0,"Easy","Very easy","Neither easy nor difficult",2,"About the same",0,0,"None of the time","Very easy","0","0","65+",1,"   350.6",15824,30
821,2336.705,2018,24,"Male","European/Other","Less than secondary school","Not in labour force","Not partnered","Not a parent",0,"Owned with mortgage",132686,9,"NZ with NZ parents","Non-disabled",1,9,10,"Good","Conversational","Agree","Very easy to be myself",6,8,5,6,"Yes",15,"Yes, sometimes","No",0,"Neither easy nor difficult","Easy","Very difficult",3,"No crime here",0,0,"A little of the time","Very easy","0","0","15-24",3,"   520.7",23552,25
822,3165.928,2018,18,"Female","European/Other","Less than secondary school","Not in labour force","Not partnered","Not a parent",0,"Owned without mortgage",79436,5,"NZ with NZ parents","Non-disabled",5,4,4,"Fair","Basic","Agree","Very easy to be myself",7,8,5,6,"Not eligible",15,"No","No",2,"Neither easy nor difficult","Neither easy nor difficult","Neither easy nor difficult",5,"About the same",0,0,"Most of the time","Easy","0","2","15-24",2,"   151.6",6624,13
823,1631.401,2018,45,"Male","European/Other","Degree","Not in labour force","Not partnered","Not a parent",0,"Owned without mortgage",53248,8,"NZ with NZ parents","Disabled",10,6,6,"Good","Basic","Agree","Easy to be myself",7,0,5,5,"Yes",20,"Yes, often","Yes, sometimes",0,"Very easy","Very easy","Difficult",1,"About the same",0,1,"None of the time","Easy","0","0","45-54",2,"  2699.7",124016,40
824,1067.146,2018,89,"Female","European/Other","Secondary school","Not in labour force","Partnered","Not a parent",0,"Owned with mortgage",56648,2,"NZ with NZ parents","Non-disabled",10,9,10,"Very Good","None or almost none","Disagree","Very easy to be myself",8,6,3,9,"Yes",19,"No","No",0,"Very easy","Very easy","Easy",8,"No crime here",0,0,"None of the time","Very easy","0","0","65+",2,"   322.7",14720,20
825,4185.089,2018,55,"Female","European/Other","Secondary school","Not in labour force","Partnered","Not a parent",0,"Owned with mortgage",100356,7,"NZ with NZ parents","Non-disabled",8,9,8,"Good","None or almost none","Neither agree nor disagree","Sometimes easy, sometimes hard",8,8,3,6,"Yes",18,"Yes, sometimes","Yes, sometimes",0,"Easy","Very easy","Difficult",8,"About the same",0,1,"A little of the time","Sometimes easy, sometimes hard","0","0","55-64",3,"   479.4",22448,20
826,1344.967,2018,87,"Female","European/Other","Less than secondary school","Not in labour force","Not partnered","Not a parent",0,"Owned with mortgage",40626,9,"Long-term migrant","Non-disabled",8,5,8,"Good","None or almost none","Disagree","Easy to be myself",8,8,8,8,"Yes",16,"Yes, sometimes","No",0,"Easy","Easy","Difficult",8,"About the same",1,0,"None of the time","Easy","0","0","65+",1,"   515.1",23552,32
827,1947.142,2018,55,"Female","European/Other","Degree","Not in labour force","Partnered","Not a parent",0,"Owned without mortgage",141472,6,"NZ with unknown origin parents","Non-disabled",3,9,9,"Very Good","None or almost none","Agree","Sometimes easy, sometimes hard",7,8,5,6,"Yes",12,"No","Yes, sometimes",0,"Easy","Very easy","Very easy",6,"A little less",0,0,"A little of the time","Very easy","0","0","55-64",3,"   353.1",15824,17
828,2160.642,2018,89,"Male","European/Other","Less than secondary school","Not in labour force","Partnered","Not a parent",0,"Owned with mortgage",19405,4,"NZ with overseas parent(s)","Disabled",7,8,7,"Fair","None or almost none","Disagree","Sometimes easy, sometimes hard",6,9,6,4,"Yes",12,"No","No",0,"Neither easy nor difficult","Easy","Easy",0,"About the same",0,0,"None of the time","Easy","0","0","65+",1,"   496.6",22816,27
829,1760.889,2018,58,"Female","European/Other","Secondary school","Not in labour force","Not partnered","Not a parent",0,"Owned with mortgage",37973,3,"NZ with NZ parents","Disabled",5,7,6,"Good","None or almost none","Agree","Easy to be myself",7,9,7,8,"Yes",18,"No","No",0,"Very easy","Very easy","Very easy",8,"No crime here",0,0,"None of the time","Very easy","0","0","55-64",1,"   323.0",14720,32
830,1718.535,2018,91,"Female","European/Other","Less than secondary school","Not in labour force","Partnered","Not a parent",0,"Owned with mortgage",65466,8,"NZ with NZ parents","Non-disabled",7,8,8,"Excellent","None or almost none","Disagree","Easy to be myself",7,9,6,6,"Yes",18,"No","No",0,"Very easy","Very easy","Very easy",5,"A lot less",0,0,"A little of the time","Easy","0","0","65+",2,"   513.9",23552,32
831,2627.509,2018,26,"Male","European/Other","Secondary school","Not in labour force","Not partnered","Parent",2,"Owned without mortgage",150029,7,"NZ with NZ parents","Non-disabled",8,7,9,"Very Good","Basic","Agree","Easy to be myself",7,10,8,8,"Yes",8,"No","Yes, sometimes",0,"Easy","Very easy","Very easy",8,"About the same",0,1,"Some of the time","Very easy","2","0","25-34",3,"   737.5",33856,40
832,3307.896,2018,58,"Male","European/Other","Post-secondary NCEA/diploma","Not in labour force","Not partnered","Not a parent",0,"Owned with mortgage",54482,3,"NZ with overseas parent(s)","Non-disabled",7,6,9,"Good","None or almost none","Agree","Sometimes easy, sometimes hard",6,8,4,5,"Yes",4,"Yes, sometimes","No",0,"Easy","Easy","Easy",4,"Moved here recently",0,1,"None of the time","Hard","0","0","55-64",2,"   589.6",27232,78
833,2887.745,2018,57,"Female","European/Other","Post-secondary NCEA/diploma","Not in labour force","Partnered","Parent",1,"Owned without mortgage",209875,4,"NZ with NZ parents","Non-disabled",6,8,8,"Very Good","None or almost none","Disagree","Very easy to be myself",6,7,5,8,"Yes",20,"No","No",1,"Very easy","Very easy","Very difficult",8,"About the same",1,0,"None of the time","Very easy","1","1","55-64",3,"   638.8",29072,32
834,1836.126,2018,67,"Female","European/Other","Degree","Not in labour force","Partnered","Not a parent",0,"Owned without mortgage",100728,4,"NZ with NZ parents","Non-disabled",10,10,9,"Very Good","Basic","Strongly agree","Very easy to be myself",9,10,6,10,"Yes",20,"No","No",1,"Very easy","Very easy","Very easy",8,"About the same",0,0,"None of the time","Very easy","0","1","65+",3,"   957.9",44160,21
835,2672.342,2018,28,"Male","European/Other","Degree","Not in labour force","Not partnered","Not a parent",0,"Owned with mortgage",72205,2,"NZ with overseas parent(s)","Non-disabled",6,8,10,"Very Good","None or almost none","Agree","Easy to be myself",7,10,7,7,"Yes",14,"Yes, often","Yes, sometimes",2,"Very easy","Very easy","Very easy",2,"No crime here",0,0,"None of the time","Very easy","0","2","25-34",2,"  1256.0",58144,32
836,1566.088,2018,41,"Male","European/Other","Post-secondary NCEA/diploma","Not in labour force","Not partnered","Not a parent",0,"Rented",85522,4,"NZ with overseas parent(s)","Non-disabled",4,5,7,"Good","None or almost none","Strongly agree","Easy to be myself",8,6,3,5,"Yes",4,"Yes, always","Yes, sometimes",4,"Easy","Easy","Easy",3,"A little more",0,1,"None of the time","Hard","0","4+","35-44",2,"   586.6",26864,31
837,2197.461,2018,18,"Female","European/Other","Less than secondary school","Not in labour force","Not partnered","Not a parent",0,"Owned without mortgage",151177,7,"NZ with overseas parent(s)","Non-disabled",7,9,9,"Excellent","None or almost none","Disagree","Very easy to be myself",7,9,7,8,"Yes",18,"No","No",1,"Very easy","Very easy","Easy",2,"About the same",0,0,"None of the time","Very easy","0","1","15-24",3,"   241.4",11040,13
838,1411.502,2018,32,"Male","European/Other","Degree","Not in labour force","Not partnered","Not a parent",0,"Owned without mortgage",24243,4,"Long-term migrant","Non-disabled",3,5,6,"Good","None or almost none","Neither agree nor disagree","Easy to be myself",5,4,5,5,"Yes",10,"Yes, sometimes","No",2,"Very easy","Very easy","Very easy",5,"A lot more",1,1,"Most of the time","Hard","0","2","25-34",1,"   599.6",27600,36
839,1489.83,2018,19,"Male","European/Other","Less than secondary school","Not in labour force","Not partnered","Not a parent",0,"Rented",33533,2,"NZ with NZ parents","Disabled",5,5,4,"Poor","None or almost none","Neither agree nor disagree","Very easy to be myself",5,7,5,8,"Yes",16,"Not applicable","No",4,"Neither easy nor difficult","Neither easy nor difficult","Easy",0,"Moved here recently",1,1,"Most of the time","Very hard","0","4+","15-24",1,"   359.5",16928,38
840,1470.199,2018,41,"Male","European/Other","Less than secondary school","Not in labour force","Partnered","Parent",2,"Owned without mortgage",86119,5,"NZ with NZ parents","Non-disabled",5,7,7,"Good","None or almost none","Neither agree nor disagree","Easy to be myself",3,9,1,4,"No",10,"No","Yes, sometimes",0,"Very easy","Very easy","Very easy",5,"A lot more",0,0,"None of the time","Easy","2","0","35-44",2,"   398.1",18768,40
841,720.73,2018,52,"Female","European/Other","Less than secondary school","Not in labour force","Partnered","Parent",2,"Rented",33139,8,"NZ with NZ parents","Disabled",6,6,8,"Fair","None or almost none","Agree","Easy to be myself",6,6,5,5,"No",8,"Yes, sometimes","Yes, sometimes",0,"Easy","Easy","Easy",7,"About the same",1,0,"Some of the time","Sometimes easy, sometimes hard","2","0","45-54",1,"   346.1",16192,18
842,4947.042,2018,84,"Female","European/Other","Secondary school","Not in labour force","Partnered","Not a parent",0,"Owned with mortgage",48044,7,"Long-term migrant","Disabled",6,7,8,"Very Good","None or almost none","Disagree","Very easy to be myself",7,10,4,3,"Yes",16,"Yes, often","Yes, sometimes",0,"Very difficult","Easy","Very difficult",7,"A lot less",0,0,"None of the time","Very hard","0","0","65+",1,"   484.6",22448,26
843,1156.23,2018,29,"Male","European/Other","Degree","Not in labour force","Not partnered","Not a parent",0,"Owned without mortgage",177891,1,"NZ with overseas parent(s)","Non-disabled",4,8,8,"Excellent","Basic","Neither agree nor disagree","Very easy to be myself",9,10,3,3,"Yes",13,"No","No",0,"Very easy","Very easy","Very easy",7,"No crime here",0,0,"None of the time","Very easy","0","0","25-34",3,"  1648.0",75440,32
844,1075.129,2018,33,"Male","European/Other","Secondary school","Not in labour force","Partnered","Parent",2,"Owned without mortgage",46811,9,"NZ with NZ parents","Non-disabled",10,9,10,"Excellent","None or almost none","Strongly agree","Very easy to be myself",6,10,3,5,"Yes",15,"No","No",0,"Neither easy nor difficult","Easy","Easy",10,"A little more",0,0,"All of the time","Easy","2","0","25-34",1,"   567.7",25760,35
845,901.881,2018,44,"Male","European/Other","Secondary school","Not in labour force","Partnered","Parent",2,"Rented",42390,4,"Long-term migrant","Non-disabled",4,10,7,"Good","None or almost none","Agree","Easy to be myself",9,9,8,9,"Yes",14,"Yes, sometimes","No",2,"Easy","Easy","Very easy",9,"No crime here",0,0,"None of the time","Sometimes easy, sometimes hard","2","2","35-44",1,"   865.0",39744,46
846,1246.82,2018,51,"Female","European/Other","Degree","Not in labour force","Partnered","Parent",2,"Owned without mortgage",155509,2,"Long-term migrant","Non-disabled",3,8,8,"Very Good","Basic","Strongly agree","Very easy to be myself",8,8,5,8,"Yes",18,"Yes, sometimes","No",1,"Very easy","Very easy","Very easy",9,"A lot more",1,0,"None of the time","Easy","2","1","45-54",3,"   190.7",8832,11
847,845.1061,2018,82,"Male","European/Other","Less than secondary school","Not in labour force","Not partnered","Not a parent",0,"Rented",31770,10,"Long-term migrant","Non-disabled",7,7,8,"Very Good","Basic","Agree","Easy to be myself",2,0,3,4,"Yes",9,"Yes, sometimes","No",0,"Very easy","Easy","Easy",4,"About the same",0,0,"Some of the time","Sometimes easy, sometimes hard","0","0","65+",1,"   958.0",44528,42
848,3854.798,2018,46,"Male","European/Other","Degree","Not in labour force","Partnered","Parent",1,"Rented",113599,1,"Long-term migrant","Non-disabled",4,6,8,"Very Good","None or almost none","Strongly agree","Very easy to be myself",8,9,8,9,"Yes",14,"No","No",1,"Very easy","Very easy","Easy",5,"No crime here",1,0,"None of the time","Easy","1","1","45-54",3,"  5615.5",257968,48
849,7947.6,2018,58,"Male","European/Other","Degree","Not in labour force","Partnered","Not a parent",0,"Owned with mortgage",134236,6,"NZ with NZ parents","Non-disabled",9,9,10,"Excellent","None or almost none","Agree","Very easy to be myself",8,10,5,5,"Yes",13,"No","Yes, sometimes",0,"Very easy","Very easy","Neither easy nor difficult",5,"About the same",0,0,"None of the time","Very easy","0","0","55-64",3,"  1242.6",57040,108
850,2522.447,2018,78,"Female","European/Other","Less than secondary school","Not in labour force","Not partnered","Not a parent",0,"Owned without mortgage",26712,10,"Long-term migrant","Non-disabled",8,8,8,"Good","None or almost none","Neither agree nor disagree","Hard to be myself",7,4,7,4,"Yes",15,"No","No",0,"Neither easy nor difficult","Very easy","Neither easy nor difficult",5,"About the same",1,0,"A little of the time","Easy","0","0","65+",1,"   400.3",18768,10
851,3157.104,2018,51,"Female","European/Other","Post-secondary NCEA/diploma","Not in labour force","Partnered","Parent",2,"Rented",105099,4,"NZ with NZ parents","Non-disabled",4,5,8,"Very Good","None or almost none","Agree","Very easy to be myself",5,5,1,3,"Yes",9,"No","No",2,"Very easy","Very easy","Very easy",5,"Moved here recently",0,1,"None of the time","Sometimes easy, sometimes hard","2","2","45-54",3,"   673.8",30544,33
852,2799.98,2018,82,"Female","European/Other","Degree","Not in labour force","Not partnered","Not a parent",0,"Owned with mortgage",102060,2,"NZ with NZ parents","Non-disabled",0,8,9,"Very Good","None or almost none","Neither agree nor disagree","Very easy to be myself",9,9,7,9,"Yes",20,"Yes, sometimes","No",0,"Neither easy nor difficult","Easy","Easy",8,"No crime here",0,0,"A little of the time","Very easy","0","0","65+",3,"  1438.5",65872,29
853,1775.062,2018,56,"Female","European/Other","Less than secondary school","Not in labour force","Partnered","Parent",2,"Rented",117778,7,"NZ with NZ parents","Non-disabled",5,4,7,"Very Good","Basic","Agree","Sometimes easy, sometimes hard",5,5,2,1,"Yes",14,"No","No",0,"Very easy","Very easy","Easy",5,"About the same",0,0,"None of the time","Hard","2","0","55-64",3,"   169.4",7360,11
854,2141.854,2018,55,"Male","European/Other","Degree","Not in labour force","Not partnered","Not a parent",0,"Owned without mortgage",77336,5,"NZ with unknown origin parents","Non-disabled",7,9,10,"Excellent","Conversational","Strongly agree","Easy to be myself",8,8,7,8,"Yes",9,"No","No",0,"Very easy","Very easy","Very easy",10,"About the same",0,1,"None of the time","Sometimes easy, sometimes hard","0","0","55-64",2,"   969.2",44160,32
855,1245.571,2018,46,"Male","European/Other","Secondary school","Not in labour force","Not partnered","Parent",3,"Rented",39289,10,"NZ with NZ parents","Non-disabled",10,8,10,"Good","Conversational","Strongly agree","Sometimes easy, sometimes hard",7,9,7,9,"Yes",9,"No","No",0,"Very easy","Very easy","Very easy",7,"About the same",0,0,"None of the time","Sometimes easy, sometimes hard","3","0","45-54",1,"   391.6",18032,14
856,782.113,2018,88,"Female","European/Other","Secondary school","Not in labour force","Not partnered","Not a parent",0,"Owned with mortgage",37177,5,"Long-term migrant","Disabled",5,7,7,"Good","None or almost none","Disagree","Very easy to be myself",3,8,0,1,"Yes",17,"No","Yes, sometimes",0,"Easy","Very easy","Easy",10,"About the same",0,0,"None of the time","Easy","0","0","65+",1,"   161.6",7728,9
857,4491.577,2018,69,"Female","European/Other","Less than secondary school","Not in labour force","Partnered","Not a parent",0,"Owned with mortgage",244935,8,"NZ with NZ parents","Disabled",3,8,9,"Good","Basic","Agree","Very easy to be myself",5,7,5,4,"Yes",19,"Yes, sometimes","No",0,"Very easy","Very easy","Easy",10,"A little less",0,0,"A little of the time","Sometimes easy, sometimes hard","0","0","65+",3,"   543.2",25024,47
858,1871.212,2018,37,"Male","European/Other","Degree","Not in labour force","Partnered","Parent",2,"Rented",114863,4,"Long-term migrant","Non-disabled",2,9,9,"Very Good","None or almost none","Agree","Very easy to be myself",9,7,4,3,"Yes",15,"Yes, often","Yes, sometimes",0,"Easy","Very easy","Very easy",6,"No crime here",0,0,"A little of the time","Very easy","2","0","35-44",3,"  2410.8",111136,32
859,1060.957,2018,46,"Male","European/Other","Degree","Not in labour force","Partnered","Parent",2,"Owned without mortgage",127242,3,"NZ with NZ parents","Non-disabled",6,8,8,"Very Good","None or almost none","Agree","Very easy to be myself",9,9,7,6,"Yes",14,"Yes, sometimes","No",0,"Very easy","Very easy","Very easy",10,"No crime here",0,0,"None of the time","Very easy","2","0","45-54",3,"  1131.2",52256,34
860,4144.81,2018,73,"Female","European/Other","Secondary school","Not in labour force","Partnered","Not a parent",0,"Owned with mortgage",62242,2,"Long-term migrant","Disabled",7,10,10,"Very Good","None or almost none","Strongly disagree","Very easy to be myself",8,8,0,1,"Yes",18,"No","No",0,"Very easy","Very easy","Very difficult",7,"No crime here",0,0,"None of the time","Sometimes easy, sometimes hard","0","0","65+",2,"   486.6",22080,32
861,2683.972,2018,57,"Male","European/Other","Less than secondary school","Not in labour force","Partnered","Not a parent",0,"Owned without mortgage",215782,10,"NZ with NZ parents","Non-disabled",5,3,3,"Fair","None or almost none","Neither agree nor disagree","Sometimes easy, sometimes hard",1,1,0,1,"Yes",1,"No","Yes, sometimes",0,"Very easy","Very easy","Easy",9,"About the same",0,0,"None of the time","Very easy","0","0","55-64",3,"   645.4",29808,41
862,927.4888,2018,75,"Female","European/Other","Secondary school","Not in labour force","Partnered","Not a parent",0,"Owned with mortgage",87349,1,"Long-term migrant","Non-disabled",6,8,10,"Very Good","None or almost none","Agree","Very easy to be myself",8,10,8,8,"Yes",15,"No","No",0,"Very easy","Very easy","Very difficult",8,"No crime here",0,0,"None of the time","Very easy","0","0","65+",2,"   327.2",14720,20
863,3549.215,2018,32,"Male","European/Other","Less than secondary school","Not in labour force","Not partnered","Parent",2,"Owned without mortgage",30996,7,"Long-term migrant","Non-disabled",7,6,7,"Good","Conversational","Agree","Easy to be myself",7,8,6,6,"Yes",10,"Yes, sometimes","No",1,"Very easy","Very easy","Easy",6,"About the same",1,0,"None of the time","Easy","2","1","25-34",1,"   914.9",41952,55
864,841.9268,2018,42,"Male","European/Other","Less than secondary school","Not in labour force","Not partnered","Parent",1,"Rented",38095,7,"NZ with NZ parents","Non-disabled",10,9,10,"Very Good","None or almost none","Neither agree nor disagree","Easy to be myself",7,8,9,5,"Yes",20,"Yes, sometimes","Yes, sometimes",0,"Very easy","Very easy","Very difficult",8,"A little less",0,0,"None of the time","Very easy","1","0","35-44",1,"   586.3",27232,26
865,1458.17,2018,55,"Male","European/Other","Less than secondary school","Not in labour force","Not partnered","Not a parent",0,"Rented",44916,10,"NZ with unknown origin parents","Disabled",10,7,10,"Fair","Basic","Strongly agree","Sometimes easy, sometimes hard",8,9,2,0,"Yes",3,"No","No",0,"Easy","Very easy","Difficult",10,"A little more",0,1,"None of the time","Very easy","0","0","55-64",1,"   397.8",18032,35
866,1472.709,2018,60,"Male","European/Other","Secondary school","Not in labour force","Not partnered","Not a parent",0,"Owned with mortgage",34978,4,"Long-term migrant","Non-disabled",8,10,10,"Excellent","None or almost none","Neither agree nor disagree","Very easy to be myself",8,5,5,5,"Yes",20,"No","No",0,"Very easy","Very easy","Very easy",8,"About the same",0,0,"None of the time","Very easy","0","0","55-64",1,"   713.2",32752,32
867,1848.906,2018,22,"Female","European/Other","Less than secondary school","Not in labour force","Not partnered","Not a parent",0,"Rented",39867,10,"NZ with overseas parent(s)","Non-disabled",7,10,10,"Excellent","Basic","Strongly agree","Very easy to be myself",10,10,10,10,"Not eligible",15,"Yes, often","No",2,"Very easy","Very easy","Very easy",1,"No crime here",0,0,"None of the time","Very easy","0","2","15-24",1,"   159.6",7728,19
868,390.895,2018,31,"Male","European/Other","Degree","Not in labour force","Partnered","Not a parent",0,"Rented",66865,2,"NZ with overseas parent(s)","Non-disabled",7,6,6,"Fair","None or almost none","Agree","Very easy to be myself",8,8,6,7,"No",11,"No","No",4,"Very easy","Very easy","Difficult",3,"Moved here recently",0,0,"Some of the time","Very easy","0","4+","25-34",2,"  1048.9",48576,36
869,2189.872,2018,54,"Female","European/Other","Post-secondary NCEA/diploma","Not in labour force","Not partnered","Not a parent",0,"Owned with mortgage",75213,3,"NZ with NZ parents","Non-disabled",8,5,5,"Good","None or almost none","Disagree","Easy to be myself",8,8,5,7,"Yes",19,"No","No",0,"Easy","Very easy","Very difficult",7,"About the same",0,0,"A little of the time","Sometimes easy, sometimes hard","0","0","45-54",2,"   402.7",18768,32
870,1529.973,2018,69,"Male","European/Other","Less than secondary school","Not in labour force","Not partnered","Not a parent",0,"Owned with mortgage",47365,9,"NZ with NZ parents","Non-disabled",5,8,8,"Fair","None or almost none","Agree","Very easy to be myself",5,9,5,8,"Yes",16,"No","No",0,"Easy","Very easy","Easy",7,"About the same",0,0,"None of the time","Very easy","0","0","65+",1,"   447.3",20976,36
871,455.6676,2018,64,"Male","European/Other","Secondary school","Not in labour force","Not partnered","Not a parent",0,"Owned with mortgage",29693,4,"NZ with NZ parents","Non-disabled",10,8,7,"Very Good","None or almost none","Strongly agree","Very easy to be myself",9,10,8,8,"Yes",13,"Yes, sometimes","Yes, sometimes",0,"Neither easy nor difficult","Very easy","Very easy",5,"About the same",0,0,"None of the time","Hard","0","0","55-64",1,"   593.8",26864,32
872,943.4811,2018,74,"Female","European/Other","Secondary school","Not in labour force","Partnered","Not a parent",0,"Owned with mortgage",34285,8,"Long-term migrant","Non-disabled",3,10,9,"Fair","None or almost none","Disagree","Easy to be myself",7,9,7,7,"Yes",15,"No","No",0,"Easy","Easy","Easy",7,"A lot more",0,0,"None of the time","Easy","0","0","65+",1,"   308.8",14352,14
873,1554.744,2018,24,"Female","European/Other","Less than secondary school","Not in labour force","Not partnered","Not a parent",0,"Rented",116268,3,"NZ with overseas parent(s)","Non-disabled",6,7,8,"Good","None or almost none","Agree","Easy to be myself",8,6,5,5,"Not eligible",15,"Yes, sometimes","No",4,"Easy","Very easy","Very easy",0,"Moved here recently",0,0,"None of the time","Very easy","0","4+","15-24",3,"   273.3",12880,2
874,1846.573,2018,26,"Male","European/Other","Degree","Not in labour force","Partnered","Parent",1,"Owned without mortgage",133350,5,"NZ with NZ parents","Non-disabled",7,8,8,"Very Good","Basic","Strongly agree","Very easy to be myself",7,8,3,5,"Yes",15,"Yes, sometimes","Yes, sometimes",0,"Very easy","Very easy","Easy",5,"No crime here",0,0,"A little of the time","Very easy","1","0","25-34",3,"   333.5",15088,32
875,680.0428,2018,51,"Male","European/Other","Degree","Not in labour force","Partnered","Parent",1,"Owned without mortgage",110403,1,"NZ with NZ parents","Non-disabled",5,7,8,"Good","Basic","Strongly agree","Very easy to be myself",7,10,6,9,"Yes",12,"No","No",0,"Very easy","Very easy","Very easy",7,"About the same",0,0,"Some of the time","Very easy","1","0","45-54",3,"  2457.0",113344,36
876,896.8965,2018,91,"Female","European/Other","Less than secondary school","Not in labour force","Partnered","Not a parent",0,"Rented",162430,9,"NZ with NZ parents","Non-disabled",7,8,7,"Very Good","None or almost none","Disagree","Very easy to be myself",6,8,6,0,"Yes",18,"No","No",1,"Difficult","Very easy","Very easy",1,"About the same",0,0,"A little of the time","Sometimes easy, sometimes hard","0","1","65+",3,"   131.6",6256,1
877,2781.848,2018,40,"Male","European/Other","Less than secondary school","Not in labour force","Not partnered","Parent",2,"Rented",39141,4,"NZ with NZ parents","Non-disabled",0,8,8,"Good","Conversational","Strongly agree","Very easy to be myself",10,7,4,5,"Yes",8,"Yes, sometimes","No",1,"Very easy","Very easy","Very easy",9,"About the same",0,0,"A little of the time","Very easy","2","1","35-44",1,"   533.2",24656,32
878,2105.052,2018,34,"Female","European/Other","Degree","Not in labour force","Partnered","Not a parent",0,"Owned with mortgage",66792,4,"Recent migrant","Non-disabled",8,9,8,"Excellent","None or almost none","Strongly agree","Sometimes easy, sometimes hard",9,8,8,6,"No",17,"Yes, sometimes","No",4,"Easy","Easy","Easy",6,"A lot less",0,0,"A little of the time","Easy","0","4+","25-34",2,"   517.3",23552,26
879,2097.324,2018,91,"Male","European/Other","Less than secondary school","Not in labour force","Partnered","Not a parent",0,"Owned with mortgage",75114,10,"NZ with NZ parents","Non-disabled",10,10,10,"Very Good","None or almost none","Disagree","Very easy to be myself",8,10,10,7,"Yes",17,"Yes, always","Yes, sometimes",1,"Easy","Easy","Easy",7,"About the same",0,0,"None of the time","Easy","0","1","65+",2,"   624.4",28336,43
880,694.5012,2018,26,"Female","European/Other","Post-secondary NCEA/diploma","Not in labour force","Not partnered","Not a parent",0,"Rented",46699,7,"NZ with NZ parents","Non-disabled",7,8,7,"Good","None or almost none","Agree","Sometimes easy, sometimes hard",7,5,8,7,"Yes",11,"Yes, sometimes","Yes, sometimes",0,"Very easy","Very easy","Easy",2,"No crime here",0,0,"A little of the time","Very hard","0","0","25-34",1,"   370.7",16928,32
881,1631.88,2018,78,"Female","European/Other","Less than secondary school","Not in labour force","Partnered","Not a parent",0,"Owned with mortgage",36460,7,"NZ with overseas parent(s)","Non-disabled",5,8,9,"Good","None or almost none","Neither agree nor disagree","Very easy to be myself",5,7,7,7,"Yes",10,"No","No",0,"Easy","Very easy","Easy",4,"No crime here",0,0,"None of the time","Easy","0","0","65+",1,"   199.6",8832,6
882,2240.027,2018,79,"Male","European/Other","Less than secondary school","Not in labour force","Not partnered","Not a parent",0,"Owned with mortgage",46809,9,"NZ with overseas parent(s)","Non-disabled",8,8,7,"Fair","None or almost none","Agree","Easy to be myself",8,8,6,6,"Yes",17,"Yes, sometimes","Yes, sometimes",1,"Very easy","Very easy","Easy",8,"About the same",0,0,"A little of the time","Very easy","0","1","65+",1,"  1232.3",56672,50
883,2224.29,2018,35,"Female","European/Other","Less than secondary school","Not in labour force","Partnered","Parent",4,"Owned without mortgage",124982,9,"NZ with NZ parents","Non-disabled",0,6,5,"Very Good","None or almost none","Agree","Easy to be myself",6,6,4,3,"Yes",8,"Yes, often","No",0,"Easy","Easy","Easy",3,"No crime here",0,0,"A little of the time","Easy","4+","0","35-44",3,"   501.3",23184,23
884,1443.63,2018,79,"Male","European/Other","Less than secondary school","Not in labour force","Partnered","Not a parent",0,"Owned with mortgage",35163,8,"NZ with NZ parents","Non-disabled",5,10,10,"Good","None or almost none","Agree","Easy to be myself",5,10,5,6,"Yes",19,"Yes, sometimes","No",0,"Easy","Easy","Easy",5,"No crime here",0,0,"None of the time","Easy","0","0","65+",1,"   973.0",44528,42
885,770.65,2018,78,"Female","European/Other","Less than secondary school","Not in labour force","Partnered","Not a parent",0,"Rented",37698,4,"NZ with NZ parents","Non-disabled",6,8,9,"Very Good","None or almost none","Strongly disagree","Very easy to be myself",8,10,3,6,"Yes",17,"Yes, sometimes","No",0,"Neither easy nor difficult","Neither easy nor difficult","Very difficult",9,"About the same",0,0,"None of the time","Very easy","0","0","65+",1,"   193.8",8464,4
886,1592.053,2018,47,"Male","European/Other","Degree","Not in labour force","Not partnered","Not a parent",0,"Owned with mortgage",32397,2,"Long-term migrant","Non-disabled",5,8,9,"Very Good","None or almost none","Disagree","Very easy to be myself",7,7,4,1,"Yes",16,"Yes, sometimes","No",0,"Neither easy nor difficult","Very easy","Very difficult",7,"A lot more",0,0,"None of the time","Easy","0","0","45-54",1,"   671.4",31280,34
887,1612.445,2018,63,"Female","European/Other","Less than secondary school","Not in labour force","Partnered","Not a parent",0,"Owned without mortgage",92542,8,"NZ with NZ parents","Non-disabled",8,7,8,"Good","None or almost none","Agree","Very easy to be myself",9,10,7,6,"Yes",4,"No","No",2,"Difficult","Easy","Easy",5,"About the same",1,1,"Some of the time","Hard","0","2","55-64",2,"    87.1",3680,6
888,623.2885,2018,35,"Female","European/Other","Less than secondary school","Not in labour force","Partnered","Parent",1,"Owned without mortgage",170108,4,"NZ with NZ parents","Non-disabled",8,10,10,"Very Good","Conversational","Neither agree nor disagree","Very easy to be myself",5,7,5,2,"Yes",20,"No","No",0,"Very easy","Very easy","Neither easy nor difficult",10,"About the same",0,0,"None of the time","Sometimes easy, sometimes hard","1","0","35-44",3,"   159.2",6992,6
889,1210.321,2018,70,"Male","European/Other","Less than secondary school","Not in labour force","Not partnered","Not a parent",0,"Owned with mortgage",26825,1,"NZ with NZ parents","Non-disabled",8,7,8,"Fair","None or almost none","Agree","Very easy to be myself",4,4,0,8,"Yes",10,"No","No",1,"Easy","Easy","Neither easy nor difficult",3,"No crime here",0,0,"A little of the time","Hard","0","1","65+",1,"  2120.2",97152,14
890,1051.928,2018,28,"Male","European/Other","Degree","Not in labour force","Not partnered","Not a parent",0,"Rented",124168,10,"Long-term migrant","Non-disabled",9,7,8,"Fair","Basic","Strongly agree","Easy to be myself",7,8,7,7,"Yes",12,"Yes, sometimes","Yes, sometimes",0,"Easy","Easy","Easy",4,"No crime here",0,0,"A little of the time","Sometimes easy, sometimes hard","0","0","25-34",3,"   469.7",21712,25
891,913.1831,2018,49,"Male","European/Other","Degree","Not in labour force","Partnered","Parent",1,"Owned without mortgage",128465,3,"NZ with NZ parents","Non-disabled",7,8,8,"Good","Basic","Strongly agree","Very easy to be myself",8,10,6,7,"Yes",15,"No","No",0,"Very easy","Very easy","Very easy",6,"A little less",0,0,"None of the time","Easy","1","0","45-54",3,"  1016.1",46368,30
892,933.368,2018,15,"Male","European/Other","Less than secondary school","Not in labour force","Partnered","Not a parent",0,"Rented",48858,1,"NZ with overseas parent(s)","Non-disabled",8,6,8,"Very Good","Conversational","Strongly agree","Easy to be myself",8,9,6,7,"Not eligible",9,"Yes, often","Yes, sometimes",1,"Easy","Very easy","Very easy",4,"No crime here",0,0,"A little of the time","Easy","0","1","15-24",1,"   424.6",19504,32
893,751.9731,2018,26,"Male","European/Other","Secondary school","Not in labour force","Partnered","Parent",2,"Rented",82058,5,"NZ with overseas parent(s)","Non-disabled",5,7,10,"Excellent","None or almost none","Strongly agree","Easy to be myself",7,9,6,8,"Yes",15,"Yes, sometimes","Yes, sometimes",1,"Easy","Easy","Very easy",6,"About the same",0,0,"A little of the time","Very easy","2","1","25-34",2,"   928.3",42688,70
894,2207.776,2018,54,"Male","European/Other","Degree","Not in labour force","Not partnered","Not a parent",0,"Owned without mortgage",52574,5,"Long-term migrant","Non-disabled",7,8,9,"Excellent","None or almost none","Disagree","Very easy to be myself",7,10,6,8,"Yes",9,"Yes, sometimes","Yes, sometimes",0,"Very easy","Very easy","Very easy",0,"About the same",0,0,"None of the time","Sometimes easy, sometimes hard","0","0","45-54",2,"   649.1",29440,18
895,6840.643,2018,43,"Female","European/Other","Degree","Not in labour force","Partnered","Parent",2,"Owned without mortgage",102922,5,"Recent migrant","Non-disabled",5,9,9,"Very Good","None or almost none","Strongly agree","Very easy to be myself",9,8,6,7,"No",17,"Not applicable","No",2,"Very easy","Easy","Easy",4,"Moved here recently",0,0,"None of the time","Hard","2","2","35-44",3,"   477.6",21712,36
896,1384.812,2018,81,"Male","European/Other","Post-secondary NCEA/diploma","Not in labour force","Partnered","Not a parent",0,"Owned with mortgage",144586,6,"NZ with NZ parents","Non-disabled",7,9,6,"Very Good","None or almost none","Neither agree nor disagree","Very easy to be myself",8,9,6,7,"Yes",15,"Yes, sometimes","No",0,"Very easy","Very easy","Very easy",8,"A little more",0,0,"None of the time","Sometimes easy, sometimes hard","0","0","65+",3,"   735.9",33488,34
897,1671.632,2018,33,"Female","European/Other","Degree","Not in labour force","Not partnered","Not a parent",0,"Owned with mortgage",137061,7,"Recent migrant","Non-disabled",7,8,8,"Excellent","None or almost none","Strongly agree","Very easy to be myself",10,9,4,6,"No",15,"Not applicable","No",3,"Very easy","Very easy","Difficult",0,"Moved here recently",0,0,"None of the time","Very easy","0","3","25-34",3,"   581.3",26864,35
898,1917.305,2018,33,"Female","European/Other","Less than secondary school","Not in labour force","Not partnered","Not a parent",0,"Owned without mortgage",170121,8,"NZ with NZ parents","Non-disabled",6,10,10,"Excellent","None or almost none","Neither agree nor disagree","Very easy to be myself",2,0,0,0,"No",18,"Yes, sometimes","No",0,"Very easy","Very easy","Very easy",8,"About the same",1,0,"None of the time","Very easy","0","0","25-34",3,"   282.1",12880,26
899,1966.266,2018,26,"Male","European/Other","Degree","Not in labour force","Partnered","Parent",1,"Owned with mortgage",179519,5,"NZ with NZ parents","Non-disabled",7,10,10,"Excellent","Basic","Strongly agree","Very easy to be myself",8,10,5,5,"Yes",20,"Yes, sometimes","No",2,"Very easy","Very easy","Very difficult",8,"No crime here",0,0,"None of the time","Very easy","1","2","25-34",3,"  1535.1",70288,26
900,3655.752,2018,33,"Female","European/Other","Post-secondary NCEA/diploma","Not in labour force","Partnered","Not a parent",0,"Owned with mortgage",141559,3,"NZ with NZ parents","Non-disabled",10,8,8,"Good","Basic","Agree","Sometimes easy, sometimes hard",7,7,2,5,"Yes",17,"No","No",2,"Very easy","Very easy","Very easy",6,"No crime here",0,0,"A little of the time","Easy","0","2","25-34",3,"   443.1",20608,33
901,2270.223,2018,15,"Male","European/Other","Degree","Not in labour force","Partnered","Not a parent",0,"Rented",120314,8,"NZ with NZ parents","Non-disabled",7,7,7,"Very Good","Basic","Agree","Very easy to be myself",7,10,7,7,"Yes",19,"No","No",4,"Very easy","Very easy","Very easy",3,"Moved here recently",0,0,"A little of the time","Very easy","0","4+","15-24",3,"   684.5",31280,32
902,1400.572,2018,51,"Female","European/Other","Less than secondary school","Not in labour force","Not partnered","Not a parent",0,"Rented",92698,7,"NZ with NZ parents","Non-disabled",5,5,8,"Fair","None or almost none","Agree","Very easy to be myself",7,8,5,6,"No",20,"No","No",1,"Very easy","Very easy","Very easy",2,"About the same",0,0,"Some of the time","Hard","0","1","45-54",2,"   271.0",12512,32
903,2976.911,2018,34,"Male","European/Other","Degree","Not in labour force","Partnered","Not a parent",0,"Rented",91470,6,"Recent migrant","Non-disabled",0,9,8,"Very Good","None or almost none","Neither agree nor disagree","Easy to be myself",6,9,8,9,"No",11,"No","No",2,"Easy","Easy","Easy",0,"Moved here recently",0,0,"A little of the time","Easy","0","2","25-34",2,"   852.4",39376,32
904,1560.076,2018,38,"Male","European/Other","Degree","Not in labour force","Not partnered","Parent",1,"Rented",43422,10,"Recent migrant","Non-disabled",5,5,5,"Very Good","None or almost none","Neither agree nor disagree","Sometimes easy, sometimes hard",7,9,9,8,"No",16,"Yes, often","Yes, sometimes",2,"Easy","Very easy","Easy",4,"Moved here recently",1,0,"A little of the time","Sometimes easy, sometimes hard","1","2","35-44",1,"   565.0",26128,44
905,4455.902,2018,69,"Female","European/Other","Secondary school","Not in labour force","Partnered","Not a parent",0,"Owned with mortgage",142827,2,"NZ with overseas parent(s)","Non-disabled",9,9,9,"Very Good","None or almost none","Disagree","Easy to be myself",7,9,3,5,"Yes",19,"Yes, often","No",0,"Very easy","Very easy","Very easy",7,"About the same",0,1,"None of the time","Easy","0","0","65+",3,"   175.2",8096,9
906,2048.617,2018,36,"Male","European/Other","Post-secondary NCEA/diploma","Not in labour force","Not partnered","Not a parent",0,"Owned without mortgage",70150,4,"NZ with NZ parents","Non-disabled",7,7,7,"Fair","None or almost none","Strongly agree","Very easy to be myself",8,10,4,8,"Yes",12,"No","No",0,"Neither easy nor difficult","Very easy","Difficult",3,"A lot less",0,0,"None of the time","Easy","0","0","35-44",2,"   602.3",27968,36
907,2355.802,2018,38,"Female","European/Other","Less than secondary school","Not in labour force","Partnered","Parent",2,"Owned without mortgage",108860,1,"NZ with overseas parent(s)","Non-disabled",7,7,8,"Good","None or almost none","Neither agree nor disagree","Easy to be myself",6,7,6,5,"Yes",17,"No","No",1,"Easy","Easy","Neither easy nor difficult",8,"No crime here",0,0,"None of the time","Sometimes easy, sometimes hard","2","1","35-44",3,"   404.7",18768,37
908,2027.591,2018,34,"Female","European/Other","Post-secondary NCEA/diploma","Not in labour force","Not partnered","Not a parent",0,"Rented",47216,2,"NZ with NZ parents","Non-disabled",10,8,8,"Very Good","None or almost none","Disagree","Very easy to be myself",7,7,2,6,"No",18,"Yes, sometimes","Yes, sometimes",4,"Neither easy nor difficult","Easy","Very difficult",8,"About the same",0,0,"None of the time","Very easy","0","4+","25-34",1,"   293.5",13248,27
909,4323.429,2018,93,"Male","European/Other","Less than secondary school","Not in labour force","Partnered","Not a parent",0,"Rented",48315,5,"NZ with overseas parent(s)","Disabled",6,10,10,"Good","None or almost none","Strongly disagree","Very easy to be myself",7,10,0,9,"Yes",16,"No","No",0,"Very easy","Very easy","Very easy",10,"No crime here",0,0,"None of the time","Very easy","0","0","65+",1,"   616.4",28336,43
910,1074.78,2018,37,"Male","European/Other","Less than secondary school","Not in labour force","Partnered","Parent",2,"Owned without mortgage",226909,1,"NZ with NZ parents","Non-disabled",6,8,9,"Excellent","None or almost none","Disagree","Very easy to be myself",8,9,7,7,"Yes",19,"No","No",2,"Very easy","Very easy","Very easy",9,"No crime here",0,0,"None of the time","Easy","2","2","35-44",3,"    45.0",1840,13
911,2477.756,2018,90,"Female","European/Other","Less than secondary school","Not in labour force","Partnered","Not a parent",0,"Owned with mortgage",43790,7,"NZ with NZ parents","Non-disabled",8,8,8,"Good","None or almost none","Disagree","Very easy to be myself",8,9,1,5,"Yes",20,"No","No",0,"Easy","Easy","Easy",8,"About the same",0,0,"None of the time","Easy","0","0","65+",1,"  1150.7",52624,35
912,1913.558,2018,56,"Male","European/Other","Degree","Not in labour force","Not partnered","Not a parent",0,"Owned with mortgage",42907,8,"Long-term migrant","Non-disabled",10,9,9,"Excellent","None or almost none","Agree","Very easy to be myself",8,8,7,6,"Yes",16,"No","No",0,"Very easy","Very easy","Very easy",8,"A lot less",0,0,"None of the time","Easy","0","0","55-64",1,"  1482.4",68448,49
913,898.2134,2018,29,"Female","European/Other","Degree","Not in labour force","Not partnered","Not a parent",0,"Rented",161577,4,"NZ with NZ parents","Non-disabled",2,7,8,"Very Good","None or almost none","Neither agree nor disagree","Very easy to be myself",9,9,6,4,"Yes",17,"Yes, sometimes","Yes, sometimes",4,"Easy","Easy","Very easy",5,"Moved here recently",0,0,"None of the time","Sometimes easy, sometimes hard","0","4+","25-34",3,"   495.2",23184,32
914,2558.833,2018,63,"Female","European/Other","Less than secondary school","Not in labour force","Partnered","Not a parent",0,"Owned without mortgage",159142,9,"NZ with NZ parents","Non-disabled",10,10,10,"Very Good","None or almost none","Disagree","Very easy to be myself",7,10,5,6,"Yes",20,"No","No",0,"Very easy","Very easy","Easy",7,"About the same",0,0,"None of the time","Very easy","0","0","55-64",3,"   409.1",19136,32
915,831.4459,2018,16,"Male","European/Other","Less than secondary school","Not in labour force","Not partnered","Parent",2,"Rented",19010,10,"NZ with NZ parents","Non-disabled",5,8,8,"Good","None or almost none","Agree","Sometimes easy, sometimes hard",3,10,7,7,"No",0,"Yes, always","Yes, always",4,"Very easy","Very easy","Very easy",0,"About the same",1,1,"None of the time","Sometimes easy, sometimes hard","2","4+","15-24",1,"   286.3",13616,48
916,1129.877,2018,25,"Female","European/Other","Less than secondary school","Not in labour force","Partnered","Parent",2,"Rented",86960,4,"NZ with NZ parents","Non-disabled",5,10,10,"Very Good","Basic","Agree","Very easy to be myself",7,6,7,4,"No",10,"No","No",4,"Easy","Very easy","Very difficult",2,"No crime here",0,0,"None of the time","Very easy","2","4+","25-34",2,"   145.0",6256,15
917,1274.682,2018,58,"Male","European/Other","Less than secondary school","Not in labour force","Partnered","Not a parent",0,"Owned with mortgage",154643,1,"NZ with NZ parents","Non-disabled",5,7,9,"Very Good","None or almost none","Disagree","Easy to be myself",5,8,5,0,"Yes",17,"Yes, sometimes","No",0,"Easy","Easy","Easy",4,"A little more",1,0,"None of the time","Easy","0","0","55-64",3,"   681.0",31280,32
918,2011.934,2018,31,"Female","European/Other","Post-secondary NCEA/diploma","Not in labour force","Not partnered","Not a parent",0,"Rented",69463,8,"NZ with NZ parents","Non-disabled",5,7,7,"Good","None or almost none","Disagree","Sometimes easy, sometimes hard",6,7,5,5,"Yes",19,"No","No",2,"Easy","Easy","Easy",0,"About the same",0,0,"All of the time","Hard","0","2","25-34",2,"   650.7",29808,39
919,2655.162,2018,45,"Female","European/Other","Less than secondary school","Not in labour force","Not partnered","Not a parent",0,"Rented",42059,9,"NZ with NZ parents","Non-disabled",10,10,10,"Fair","Conversational","Agree","Easy to be myself",1,1,1,1,"Yes",6,"Yes, always","No",0,"Difficult","Easy","Difficult",2,"A little less",0,0,"None of the time","Sometimes easy, sometimes hard","0","0","45-54",1,"   407.6",18400,15
920,1222.783,2018,22,"Male","European/Other","Secondary school","Not in labour force","Partnered","Parent",1,"Rented",51200,6,"NZ with NZ parents","Non-disabled",8,9,9,"Good","None or almost none","Disagree","Easy to be myself",5,7,5,6,"Yes",18,"Yes, sometimes","No",3,"Easy","Very easy","Very difficult",8,"A lot less",0,0,"None of the time","Sometimes easy, sometimes hard","1","3","15-24",2,"   592.8",27232,36
921,1520.958,2018,49,"Male","European/Other","Degree","Not in labour force","Partnered","Parent",4,"Owned without mortgage",100709,5,"NZ with NZ parents","Non-disabled",8,9,9,"Very Good","None or almost none","Agree","Very easy to be myself",8,8,5,8,"No",20,"No","No",1,"Very easy","Very easy","Very easy",7,"A little more",1,1,"None of the time","Very easy","4+","1","45-54",3,"   731.8",33856,32
922,2865.143,2018,63,"Female","European/Other","Post-secondary NCEA/diploma","Not in labour force","Partnered","Not a parent",0,"Owned with mortgage",77788,2,"NZ with NZ parents","Non-disabled",6,8,7,"Very Good","None or almost none","Strongly disagree","Easy to be myself",4,4,1,4,"Yes",20,"No","Yes, sometimes",0,"Very easy","Easy","Very difficult",4,"About the same",0,0,"None of the time",NA,"0","0","55-64",2,"   559.6",26128,32
923,2060.034,2018,38,"Male","European/Other","Less than secondary school","Not in labour force","Not partnered","Not a parent",0,"Rented",15225,7,"NZ with NZ parents","Non-disabled",7,5,7,"Very Good","None or almost none","Disagree","Very easy to be myself",7,6,2,5,"Yes",7,"Yes, always","Yes, sometimes",0,"Very easy","Very easy","Easy",5,"A little more",0,0,"None of the time","Sometimes easy, sometimes hard","0","0","35-44",1,"   458.0",20976,32
924,1472.97,2018,64,"Female","European/Other","Degree","Not in labour force","Partnered","Not a parent",0,"Owned without mortgage",174605,9,"Long-term migrant","Non-disabled",10,7,10,"Good","Basic","Neither agree nor disagree","Very easy to be myself",8,6,3,7,"Yes",20,"No","No",0,"Easy","Easy","Easy",10,"No crime here",0,1,"None of the time","Hard","0","0","55-64",3,"   305.7",13616,17
925,2256.527,2018,34,"Male","European/Other","Secondary school","Not in labour force","Not partnered","Parent",1,"Rented",25322,4,"NZ with NZ parents","Non-disabled",3,8,9,"Excellent","None or almost none","Disagree","Very easy to be myself",6,8,5,7,"Yes",11,"No","No",4,"Very easy","Very easy","Easy",8,"About the same",0,0,"None of the time","Very easy","1","4+","25-34",1,"   241.5",11040,31
926,1720.379,2018,16,"Female","European/Other","Secondary school","Not in labour force","Not partnered","Not a parent",0,"Rented",191475,4,"NZ with NZ parents","Non-disabled",8,8,8,"Very Good","None or almost none","Disagree","Easy to be myself",8,6,6,7,"Not eligible",19,"No","No",0,"Neither easy nor difficult","Very easy","Neither easy nor difficult",5,"No crime here",0,0,"None of the time","Very easy","0","0","15-24",3,"   507.8",23184,31
927,1193.05,2018,39,"Male","European/Other","Less than secondary school","Not in labour force","Not partnered","Parent",4,"Rented",48015,10,"NZ with overseas parent(s)","Non-disabled",10,8,8,"Good","None or almost none","Strongly agree","Very easy to be myself",9,10,6,10,"Yes",3,"Yes, often","No",2,"Very easy","Easy","Neither easy nor difficult",3,"Moved here recently",0,0,"None of the time","Hard","4+","2","35-44",1,"   560.6",25760,48
928,2943.12,2018,37,"Female","European/Other","Degree","Not in labour force","Not partnered","Parent",2,"Owned without mortgage",120506,6,"NZ with overseas parent(s)","Non-disabled",8,8,9,"Excellent","None or almost none","Agree","Very easy to be myself",7,8,6,8,"Yes",18,"No","No",0,"Easy","Very easy","Very easy",8,"A little less",1,0,"None of the time","Very easy","2","0","35-44",3,"   981.7",45264,30
929,953.2634,2018,20,"Male","European/Other","Less than secondary school","Not in labour force","Not partnered","Not a parent",0,"Owned without mortgage",13932,5,"Medium-term migrant","Non-disabled",7,8,8,"Excellent","None or almost none","Agree","Easy to be myself",7,8,5,6,"Yes",18,"Yes, sometimes","Yes, sometimes",0,"Very easy","Very easy","Very easy",6,"A little more",0,0,"A little of the time","Easy","0","0","15-24",1,"   438.3",20240,32
930,754.3647,2018,17,"Female","European/Other","Less than secondary school","Not in labour force","Not partnered","Not a parent",0,"Rented",123367,6,"NZ with NZ parents","Non-disabled",10,8,6,"Very Good","None or almost none","Neither agree nor disagree","Easy to be myself",7,8,5,5,"Not eligible",15,"No","Yes, sometimes",0,"Easy","Neither easy nor difficult","Neither easy nor difficult",7,"No crime here",0,0,"A little of the time","Easy","0","0","15-24",3,"   350.1",16560,2
931,1911.481,2018,27,"Male","European/Other","Less than secondary school","Not in labour force","Partnered","Parent",3,"Rented",75396,10,"NZ with NZ parents","Non-disabled",8,9,9,"Good","Basic","Strongly agree","Easy to be myself",5,4,5,4,"Yes",10,"Yes, sometimes","Yes, always",2,"Easy","Very easy","Easy",2,"A little more",0,0,"A little of the time","Sometimes easy, sometimes hard","3","2","25-34",2,"   232.0",10672,14
932,684.8625,2018,68,"Female","European/Other","Less than secondary school","Not in labour force","Partnered","Not a parent",0,"Owned with mortgage",10086,1,"NZ with NZ parents","Non-disabled",5,9,8,"Very Good","None or almost none","Agree","Very easy to be myself",8,8,6,3,"Yes",14,"No","Yes, sometimes",0,"Easy","Very easy","Easy",10,"A little more",0,0,"None of the time","Hard","0","0","65+",1,"   137.5",6256,1
933,849.1486,2018,41,"Male","European/Other","Degree","Not in labour force","Partnered","Parent",1,"Rented",53956,6,"Recent migrant","Non-disabled",6,8,8,"Very Good","None or almost none","Neither agree nor disagree","Sometimes easy, sometimes hard",5,7,6,7,"No",12,"Not applicable","No",4,"Very easy","Very easy","Easy",5,"No crime here",0,1,"A little of the time","Easy","1","4+","35-44",2,"   831.5",37904,42
934,1265.398,2018,25,"Male","European/Other","Post-secondary NCEA/diploma","Not in labour force","Partnered","Parent",3,"Rented",26332,2,"NZ with overseas parent(s)","Non-disabled",4,1,2,"Excellent","Basic","Agree","Very easy to be myself",7,8,0,5,"Yes",8,"Yes, always","Yes, sometimes",1,"Very easy","Very easy","Very difficult",8,"About the same",1,0,"Most of the time","Very easy","3","1","25-34",1,"   638.2",29808,34
935,887.2428,2018,72,"Male","European/Other","Less than secondary school","Not in labour force","Partnered","Not a parent",0,"Owned with mortgage",51278,9,"Long-term migrant","Non-disabled",8,7,7,"Good","Conversational","Agree","Easy to be myself",7,7,7,7,"Yes",18,"Yes, often","Yes, sometimes",0,"Easy","Easy","Easy",6,"A lot less",0,0,"A little of the time","Easy","0","0","65+",2,"   129.6",5888,10
936,634.7062,2018,97,"Male","European/Other","Degree","Not in labour force","Not partnered","Not a parent",0,"Rented",47241,5,"NZ with NZ parents","Disabled",5,5,7,"Good","Conversational","Strongly agree","Sometimes easy, sometimes hard",7,6,1,6,"Yes",12,"Yes, often","No",1,"Easy","Easy","Very difficult",3,"No crime here",0,1,"Most of the time","Very hard","0","1","65+",1,"  1317.0",60352,12
937,631.9344,2018,67,"Male","European/Other","Less than secondary school","Not in labour force","Partnered","Not a parent",0,"Owned with mortgage",86622,2,"NZ with overseas parent(s)","Non-disabled",5,10,10,"Very Good","None or almost none","Disagree","Very easy to be myself",8,9,6,5,"Yes",15,"No","No",0,"Very easy","Very easy","Very difficult",5,"No crime here",0,0,"None of the time","Very easy","0","0","65+",2,"   466.3",21344,36
938,2364.725,2018,22,"Female","European/Other","Less than secondary school","Not in labour force","Not partnered","Not a parent",0,"Rented",178195,3,"NZ with overseas parent(s)","Non-disabled",3,7,8,"Very Good","None or almost none","Agree","Very easy to be myself",7,8,6,8,"Not eligible",16,"Yes, sometimes","No",3,"Neither easy nor difficult","Very easy","Easy",7,"No crime here",0,0,"None of the time","Easy","0","3","15-24",3,"   153.8",7360,19
939,3329.442,2018,63,"Male","European/Other","Post-secondary NCEA/diploma","Not in labour force","Partnered","Not a parent",0,"Owned without mortgage",157791,2,"Long-term migrant","Non-disabled",4,9,10,"Excellent","None or almost none","Agree","Easy to be myself",7,8,7,8,"Yes",14,"Yes, always","Yes, sometimes",1,"Very easy","Very easy","Easy",6,"A little more",0,0,"None of the time","Very easy","0","1","55-64",3,"   654.6",30176,32
940,1671.241,2018,78,"Male","European/Other","Less than secondary school","Not in labour force","Not partnered","Not a parent",0,"Rented",44878,9,"NZ with NZ parents","Non-disabled",10,7,9,"Very Good","None or almost none","Strongly agree","Very easy to be myself",6,5,4,3,"Yes",17,"No","Yes, sometimes",1,"Very easy","Very easy","Very easy",9,"About the same",0,0,"A little of the time","Very easy","0","1","65+",1,"   703.5",32752,39
941,3015.342,2018,82,"Male","European/Other","Post-secondary NCEA/diploma","Not in labour force","Partnered","Not a parent",0,"Owned without mortgage",105710,9,"NZ with NZ parents","Disabled",5,6,8,"Good","None or almost none","Neither agree nor disagree","Easy to be myself",5,10,0,5,"Yes",15,"No","No",0,"Easy","Neither easy nor difficult","Difficult",1,"About the same",0,0,"None of the time","Easy","0","0","65+",3,"   582.6",27232,30
942,2493.748,2018,66,"Male","European/Other","Less than secondary school","Not in labour force","Partnered","Not a parent",0,"Owned with mortgage",22506,1,"NZ with overseas parent(s)","Disabled",8,10,10,"Good","None or almost none","Disagree","Easy to be myself",8,10,8,8,"Yes",14,"No","No",0,"Very easy","Very easy","Very easy",10,"No crime here",0,0,"None of the time","Very easy","0","0","65+",1,"  1042.9",48208,36
943,1484.745,2018,72,"Male","European/Other","Degree","Not in labour force","Not partnered","Not a parent",0,"Owned with mortgage",41866,1,"NZ with unknown origin parents","Non-disabled",6,8,8,"Good","None or almost none","Agree","Very easy to be myself",7,7,6,6,"Yes",16,"No","No",0,"Easy","Easy","Difficult",6,"No crime here",1,0,"Some of the time","Sometimes easy, sometimes hard","0","0","65+",1,"   808.8",36800,46
944,2109.094,2018,69,"Male","European/Other","Less than secondary school","Not in labour force","Partnered","Not a parent",0,"Rented",75951,6,"NZ with overseas parent(s)","Non-disabled",10,8,8,"Excellent","None or almost none","Agree","Very easy to be myself",7,8,7,6,"Yes",20,"No","No",0,"Easy","Very easy","Very difficult",3,"About the same",0,0,"None of the time","Easy","0","0","65+",2,"   330.1",15456,30
945,2639.217,2018,32,"Male","European/Other","Less than secondary school","Not in labour force","Partnered","Parent",1,"Rented",153204,8,"NZ with overseas parent(s)","Non-disabled",7,8,10,"Very Good","Basic","Strongly agree","Very easy to be myself",8,6,8,4,"Yes",15,"Yes, sometimes","Yes, sometimes",4,"Easy","Very easy","Difficult",10,"About the same",0,1,"None of the time","Sometimes easy, sometimes hard","1","4+","25-34",3,"   517.1",23920,26
946,2464.349,2018,28,"Female","European/Other","Degree","Not in labour force","Not partnered","Not a parent",0,"Rented",121997,6,"Recent migrant","Non-disabled",3,5,6,"Very Good","None or almost none","Agree","Very easy to be myself",7,8,7,7,"No",18,"No","No",1,"Neither easy nor difficult","Very easy","Very easy",1,"About the same",0,0,"Some of the time","Sometimes easy, sometimes hard","0","1","25-34",3,"   207.8",9200,14
947,1709.827,2018,73,"Male","European/Other","Less than secondary school","Not in labour force","Not partnered","Not a parent",0,"Owned without mortgage",69880,8,"NZ with NZ parents","Disabled",8,8,7,"Very Good","None or almost none","Agree","Very easy to be myself",8,8,7,7,"Yes",19,"No","No",0,"Easy","Neither easy nor difficult","Neither easy nor difficult",7,"No crime here",0,0,"None of the time","Very easy","0","0","65+",2,"   338.5",15824,30
948,2071.43,2018,32,"Male","European/Other","Less than secondary school","Not in labour force","Partnered","Parent",1,"Rented",46322,4,"NZ with NZ parents","Non-disabled",5,6,10,"Fair","Basic","Strongly agree","Very easy to be myself",5,5,4,5,"Yes",7,"Yes, sometimes","No",1,"Difficult","Easy","Easy",0,"No crime here",0,0,"None of the time","Very easy","1","1","25-34",1,"   566.4",26128,34
949,4261.002,2018,29,"Male","European/Other","Degree","Not in labour force","Partnered","Parent",2,"Owned without mortgage",116037,5,"NZ with NZ parents","Non-disabled",5,6,8,"Very Good","Basic","Neither agree nor disagree","Easy to be myself",8,8,6,5,"Yes",16,"No","Yes, sometimes",0,"Very easy","Very easy","Very easy",5,"About the same",0,0,"None of the time","Easy","2","0","25-34",3,"  1369.0",63296,35
950,3314.883,2018,79,"Female","European/Other","Less than secondary school","Not in labour force","Partnered","Not a parent",0,"Owned with mortgage",66665,6,"NZ with NZ parents","Non-disabled",7,9,9,"Very Good","None or almost none","Agree","Very easy to be myself",6,7,3,3,"Yes",18,"Yes, sometimes","No",0,"Easy","Easy","Easy",7,"About the same",0,0,"None of the time","Easy","0","0","65+",2,"   459.3",20976,29
951,4130.443,2018,52,"Female","European/Other","Degree","Not in labour force","Partnered","Not a parent",0,"Owned without mortgage",143857,2,"Long-term migrant","Non-disabled",8,9,9,"Very Good","None or almost none","Neither agree nor disagree","Very easy to be myself",8,9,6,6,"Yes",19,"Yes, sometimes","No",4,"Very easy","Very easy","Very easy",4,"About the same",1,0,"None of the time","Easy","0","4+","45-54",3,"   620.6",28704,18
952,2608.764,2018,52,"Male","European/Other","Less than secondary school","Not in labour force","Partnered","Parent",1,"Owned with mortgage",142360,2,"NZ with overseas parent(s)","Non-disabled",10,7,7,"Very Good","None or almost none","Neither agree nor disagree","Very easy to be myself",7,8,6,7,"Yes",18,"Yes, sometimes","Yes, sometimes",0,"Very easy","Very easy","Easy",8,"About the same",0,0,"A little of the time","Sometimes easy, sometimes hard","1","0","45-54",3,"   580.2",26496,32
953,2809.659,2018,38,"Male","European/Other","Degree","Not in labour force","Partnered","Parent",2,"Owned without mortgage",60106,4,"Long-term migrant","Non-disabled",5,8,10,"Excellent","None or almost none","Agree","Easy to be myself",8,8,7,7,"Yes",14,"No","No",0,"Easy","Very easy","Very difficult",6,"A lot more",0,0,"None of the time","Very easy","2","0","35-44",2,"  1076.4",49680,30
954,2698.066,2018,18,"Male","European/Other","Less than secondary school","Not in labour force","Not partnered","Not a parent",0,"Owned without mortgage",44439,3,"Long-term migrant","Non-disabled",8,8,6,"Very Good","None or almost none","Strongly agree","Easy to be myself",9,7,2,7,"Yes",14,"Yes, sometimes","No",0,"Easy","Very easy","Neither easy nor difficult",4,"About the same",0,0,"Some of the time","Easy","0","0","15-24",1,"   229.4",10672,14
955,2362.675,2018,15,"Female","European/Other","Less than secondary school","Not in labour force","Not partnered","Not a parent",0,"Rented",134343,8,"NZ with NZ parents","Non-disabled",8,5,5,"Good","Basic","Agree","Sometimes easy, sometimes hard",7,5,4,6,"No",3,"No","No",4,"Very easy","Very easy","Very easy",7,"Moved here recently",1,1,"Some of the time","Sometimes easy, sometimes hard","0","4+","15-24",3,"   134.9",6624,14
956,1532.233,2018,74,"Male","European/Other","Less than secondary school","Not in labour force","Partnered","Not a parent",0,"Owned with mortgage",31750,6,"NZ with NZ parents","Non-disabled",5,7,8,"Good","None or almost none","Neither agree nor disagree","Easy to be myself",8,9,3,8,"Yes",15,"No","No",0,"Very easy","Very easy","Easy",4,"No crime here",0,0,"None of the time","Very easy","0","0","65+",1,"   128.6",5888,10
957,1383.432,2018,38,"Female","European/Other","Secondary school","Not in labour force","Partnered","Parent",1,"Rented",99665,9,"Long-term migrant","Non-disabled",5,7,7,"Good","None or almost none","Agree","Easy to be myself",6,6,4,2,"Yes",3,"Yes, sometimes","Yes, sometimes",0,"Very easy","Very easy","Very easy",5,"About the same",0,0,"None of the time","Easy","1","0","35-44",2,"   863.2",39744,32
958,929.1224,2018,48,"Female","European/Other","Secondary school","Not in labour force","Not partnered","Parent",1,"Owned without mortgage",191445,3,"NZ with NZ parents","Non-disabled",7,8,7,"Fair","None or almost none","Strongly agree","Easy to be myself",7,7,5,6,"No",20,"No","Yes, sometimes",2,"Very easy","Very easy","Very difficult",8,"No crime here",0,0,"None of the time","Very easy","1","2","45-54",3,"   284.2",12880,24
959,2463.562,2018,31,"Female","European/Other","Secondary school","Not in labour force","Partnered","Parent",4,"Rented",53913,8,"NZ with NZ parents","Non-disabled",3,10,9,"Excellent","Basic","Neither agree nor disagree","Hard to be myself",10,8,2,4,"No",1,"Yes, always","Yes, sometimes",2,"Very easy","Very easy","Very easy",5,"Moved here recently",0,1,"A little of the time","Easy","4+","2","25-34",2,"   245.2",11040,21
960,2623.257,2018,59,"Male","European/Other","Less than secondary school","Not in labour force","Not partnered","Parent",1,"Owned without mortgage",70781,6,"NZ with NZ parents","Non-disabled",5,8,10,"Excellent","None or almost none","Neither agree nor disagree","Easy to be myself",5,8,5,3,"No",20,"No","No",1,"Very easy","Very easy","Easy",5,"About the same",0,0,"None of the time","Very easy","1","1","55-64",2,"   240.0",11040,22
961,2623.257,2018,72,"Female","European/Other","Less than secondary school","Not in labour force","Partnered","Not a parent",0,"Owned without mortgage",26374,10,"NZ with NZ parents","Non-disabled",7,6,7,"Very Good","None or almost none","Strongly disagree","Easy to be myself",6,9,8,8,"Yes",15,"Yes, sometimes","No",0,"Very easy","Very easy","Very easy",3,"No crime here",0,0,"None of the time","Very easy","0","0","65+",1,"   451.5",20976,29
962,2575.078,2018,52,"Female","European/Other","Degree","Not in labour force","Not partnered","Not a parent",0,"Owned with mortgage",69374,7,"NZ with overseas parent(s)","Non-disabled",8,7,7,"Very Good","None or almost none","Agree","Very easy to be myself",8,10,3,7,"Yes",20,"Yes, often","No",0,"Easy","Very easy","Very easy",6,"About the same",0,0,"None of the time","Hard","0","0","45-54",2,"   424.2",19504,37
963,2380.48,2018,24,"Male","European/Other","Less than secondary school","Not in labour force","Not partnered","Not a parent",0,"Owned without mortgage",55521,9,"NZ with NZ parents","Disabled",10,5,3,"Fair","Conversational","Strongly agree","Sometimes easy, sometimes hard",5,6,5,2,"Yes",4,"Yes, sometimes","Yes, sometimes",0,"Neither easy nor difficult","Very easy","Very easy",4,"A lot less",1,1,"A little of the time","Very easy","0","0","15-24",2,"   800.5",37168,51
964,998.8071,2018,64,"Male","European/Other","Post-secondary NCEA/diploma","Not in labour force","Partnered","Not a parent",0,"Owned with mortgage",113199,5,"NZ with NZ parents","Non-disabled",6,7,7,"Good","None or almost none","Neither agree nor disagree","Easy to be myself",5,9,8,7,"Yes",15,"No","No",0,"Very easy","Easy","Very easy",10,"No crime here",0,0,"None of the time","Very easy","0","0","55-64",3,"  2272.2",104144,30
965,1708.968,2018,29,"Female","European/Other","Secondary school","Not in labour force","Partnered","Parent",1,"Owned without mortgage",96888,4,"Long-term migrant","Non-disabled",5,9,8,"Very Good","None or almost none","Neither agree nor disagree","Very easy to be myself",8,7,1,1,"Yes",10,"No","No",0,"Easy","Very easy","Very easy",9,"No crime here",0,0,"A little of the time","Very easy","1","0","25-34",2,"   787.1",36064,71
966,711.5802,2018,54,"Male","European/Other","Degree","Not in labour force","Not partnered","Not a parent",0,"Rented",65563,4,"NZ with NZ parents","Non-disabled",4,2,10,"Fair","None or almost none","Disagree","Easy to be myself",4,7,4,4,"Yes",11,"Yes, always","No",0,"Easy","Very easy","Very easy",3,"About the same",0,1,"Some of the time","Sometimes easy, sometimes hard","0","0","45-54",2,"   922.8",42320,30
967,723.0052,2018,42,"Female","European/Other","Less than secondary school","Not in labour force","Partnered","Parent",2,"Owned without mortgage",190399,1,"NZ with overseas parent(s)","Non-disabled",5,8,8,"Good","None or almost none","Neither agree nor disagree","Easy to be myself",6,8,6,8,"Yes",18,"Yes, sometimes","No",1,"Easy","Easy","Easy",8,"No crime here",0,0,"Most of the time","Hard","2","1","35-44",3,"   490.2",22448,26
968,3655.601,2018,59,"Female","European/Other","Less than secondary school","Not in labour force","Not partnered","Not a parent",0,"Owned with mortgage",143551,1,"NZ with overseas parent(s)","Non-disabled",10,8,7,"Very Good","None or almost none","Disagree","Very easy to be myself",8,8,6,8,"Yes",20,"No","No",1,"Very easy","Very easy","Very easy",4,"No crime here",0,0,"None of the time","Very easy","0","1","55-64",3,"    30.2",1840,2
969,785.329,2018,30,"Male","European/Other","Less than secondary school","Not in labour force","Partnered","Parent",1,"Rented",86186,2,"NZ with NZ parents","Non-disabled",2,5,8,"Very Good","Basic","Strongly agree","Very easy to be myself",3,8,4,6,"No",3,"Yes, often","Yes, always",4,"Very easy","Very easy","Very difficult",5,"A little more",0,0,"A little of the time","Easy","1","4+","25-34",2,"   380.7",17296,26
970,1202.824,2018,56,"Male","European/Other","Less than secondary school","Not in labour force","Partnered","Not a parent",0,"Owned with mortgage",56769,1,"NZ with NZ parents","Non-disabled",8,8,10,"Very Good","None or almost none","Neither agree nor disagree","Very easy to be myself",8,9,7,7,"Yes",19,"No","No",0,"Neither easy nor difficult","Very easy","Very difficult",10,"A lot less",0,0,"None of the time","Easy","0","0","55-64",2,"   398.2",18032,30
971,1598.352,2018,29,"Female","European/Other","Secondary school","Not in labour force","Partnered","Not a parent",0,"Owned without mortgage",68652,9,"NZ with NZ parents","Non-disabled",7,8,7,"Fair","None or almost none","Disagree","Very easy to be myself",7,8,7,6,"No",15,"Yes, sometimes","No",1,"Easy","Easy","Difficult",6,"A little more",0,0,"None of the time","Sometimes easy, sometimes hard","0","1","25-34",2,"   251.6",11776,22
972,901.0599,2018,53,"Female","European/Other","Post-secondary NCEA/diploma","Not in labour force","Not partnered","Not a parent",0,"Owned without mortgage",37401,6,"NZ with NZ parents","Non-disabled",7,5,7,"Poor","Basic","Neither agree nor disagree","Easy to be myself",5,8,3,5,"Yes",11,"Not applicable","No",3,"Easy","Easy","Easy",5,"Moved here recently",0,0,"None of the time","Sometimes easy, sometimes hard","0","3","45-54",1,"   172.2",8096,16
973,1148.48,2018,69,"Female","European/Other","Secondary school","Not in labour force","Partnered","Not a parent",0,"Owned with mortgage",65797,1,"NZ with overseas parent(s)","Disabled",9,9,10,"Very Good","None or almost none","Strongly agree","Very easy to be myself",8,10,8,7,"Yes",17,"Yes, often","No",1,"Easy","Easy","Easy",10,"A little more",0,0,"None of the time","Hard","0","1","65+",2,"   789.1",36064,37
974,1052.68,2018,27,"Female","European/Other","Degree","Not in labour force","Partnered","Parent",2,"Owned without mortgage",240012,10,"NZ with NZ parents","Non-disabled",6,8,9,"Very Good","None or almost none","Agree","Easy to be myself",6,8,4,4,"Yes",10,"Yes, always","Yes, sometimes",0,"Very easy","Very easy","Easy",1,"About the same",0,0,"None of the time","Sometimes easy, sometimes hard","2","0","25-34",3,"   690.6",31648,34
975,5872.384,2018,86,"Male","European/Other","Less than secondary school","Not in labour force","Not partnered","Not a parent",0,"Owned without mortgage",58047,5,"NZ with NZ parents","Non-disabled",10,6,10,"Good","None or almost none","Disagree","Very easy to be myself",8,8,0,0,"Yes",17,"No","No",0,"Very easy","Very easy","Very easy",10,"No crime here",0,0,"A little of the time","Very easy","0","0","65+",2,"  1239.7",57408,43
976,1363.06,2018,71,"Male","European/Other","Less than secondary school","Not in labour force","Partnered","Not a parent",0,"Owned without mortgage",92596,1,"NZ with NZ parents","Non-disabled",4,8,10,"Excellent","None or almost none","Disagree","Very easy to be myself",5,9,6,3,"Yes",12,"No","No",0,"Very easy","Very easy","Very difficult",7,"A lot less",0,0,"A little of the time","Very easy","0","0","65+",2,"   394.0",18032,30
977,1363.06,2018,42,"Female","European/Other","Less than secondary school","Not in labour force","Partnered","Not a parent",0,"Owned without mortgage",219389,6,"NZ with NZ parents","Non-disabled",6,7,8,"Very Good","None or almost none","Strongly disagree","Sometimes easy, sometimes hard",7,6,2,5,"Yes",19,"Yes, sometimes","Yes, sometimes",1,"Easy","Very easy","Easy",1,"About the same",0,0,"None of the time","Easy","0","1","35-44",3,"   203.9",9568,21
978,1356.03,2018,63,"Male","European/Other","Post-secondary NCEA/diploma","Not in labour force","Partnered","Not a parent",0,"Owned with mortgage",167864,7,"NZ with NZ parents","Non-disabled",5,5,8,"Good","None or almost none","Strongly agree","Very easy to be myself",8,10,2,6,"Yes",9,"No","No",0,"Very easy","Very easy","Very difficult",8,"About the same",1,0,"Some of the time","Easy","0","0","55-64",3,"   722.4",33488,35
979,1926.108,2018,39,"Male","European/Other","Secondary school","Not in labour force","Partnered","Parent",2,"Owned without mortgage",182547,1,"Long-term migrant","Non-disabled",5,7,9,"Excellent","None or almost none","Neither agree nor disagree","Very easy to be myself",9,10,5,7,"No",15,"No","No",0,"Very easy","Very easy","Very easy",8,"No crime here",0,0,"None of the time","Very easy","2","0","35-44",3,"   408.4",18768,34
980,1123.332,2018,70,"Male","European/Other","Less than secondary school","Not in labour force","Not partnered","Not a parent",0,"Owned with mortgage",11571,8,"Long-term migrant","Non-disabled",10,10,10,"Good","None or almost none","Agree","Very easy to be myself",10,10,8,8,"Yes",20,"No","No",0,"Very easy","Very easy","Very easy",10,"A little more",0,0,"None of the time","Very easy","0","0","65+",1,"   384.2",17664,36
981,1069.809,2018,38,"Male","European/Other","Degree","Not in labour force","Partnered","Parent",2,"Rented",35550,5,"Recent migrant","Non-disabled",7,7,6,"Good","None or almost none","Agree","Easy to be myself",7,9,8,9,"No",13,"Yes, always","Yes, sometimes",1,"Easy","Very easy","Very easy",6,"No crime here",0,0,"A little of the time","Very easy","2","1","35-44",1,"   558.6",25760,30
982,1435.636,2018,64,"Male","European/Other","Degree","Not in labour force","Partnered","Not a parent",0,"Owned with mortgage",104292,8,"NZ with overseas parent(s)","Non-disabled",0,8,9,"Very Good","None or almost none","Agree","Very easy to be myself",9,9,4,8,"Yes",15,"Yes, often","Yes, sometimes",0,"Easy","Very easy","Very easy",8,"About the same",0,0,"None of the time","Easy","0","0","55-64",3,"   710.2",32384,41
983,680.2332,2018,28,"Male","European/Other","Degree","Not in labour force","Partnered","Parent",1,"Owned without mortgage",391272,1,"Long-term migrant","Non-disabled",7,7,7,"Good","None or almost none","Neither agree nor disagree","Easy to be myself",8,10,5,5,"Yes",15,"Yes, sometimes","Yes, sometimes",1,"Very easy","Very easy","Very easy",2,"No crime here",0,0,"A little of the time","Easy","1","1","25-34",3,"   513.7",23920,24
984,670.6234,2018,39,"Female","European/Other","Degree","Not in labour force","Partnered","Parent",2,"Owned without mortgage",87965,2,"Long-term migrant","Non-disabled",5,7,8,"Very Good","None or almost none","Agree","Sometimes easy, sometimes hard",8,8,5,5,"Yes",19,"Yes, always","No",0,"Very easy","Very easy","Very easy",10,"No crime here",0,1,"None of the time","Very easy","2","0","35-44",2,"   990.2",45264,30
985,725.8043,2018,49,"Male","European/Other","Degree","Not in labour force","Partnered","Not a parent",0,"Owned without mortgage",191816,6,"NZ with NZ parents","Non-disabled",10,7,7,"Excellent","None or almost none","Agree","Very easy to be myself",8,8,8,7,"Yes",15,"No","No",1,"Very easy","Very easy","Very easy",7,"A little less",0,0,"None of the time","Very easy","0","1","45-54",3,"  3640.4",167440,53
986,970.4179,2018,59,"Female","European/Other","Degree","Not in labour force","Partnered","Not a parent",0,"Owned with mortgage",58231,6,"NZ with NZ parents","Non-disabled",5,6,10,"Good","None or almost none","Agree","Very easy to be myself",2,2,0,0,"Yes",20,"No","No",1,"Very easy","Very easy","Very easy",5,"Moved here recently",0,0,"None of the time","Very easy","0","1","55-64",2,"   352.7",15824,18
987,1003.064,2018,42,"Female","European/Other","Degree","Not in labour force","Not partnered","Not a parent",0,"Owned with mortgage",104505,3,"NZ with NZ parents","Non-disabled",8,8,9,"Good","None or almost none","Agree","Easy to be myself",5,10,2,5,"Yes",20,"No","Yes, sometimes",0,"Easy","Very easy","Neither easy nor difficult",3,"About the same",0,0,"None of the time","Very easy","0","0","35-44",3,"   879.9",40112,32
988,1136.676,2018,53,"Male","European/Other","Secondary school","Not in labour force","Not partnered","Parent",1,"Owned with mortgage",38381,8,"NZ with overseas parent(s)","Non-disabled",1,9,7,"Excellent","None or almost none","Neither agree nor disagree","Easy to be myself",7,8,5,8,"No",12,"No","No",0,"Very easy","Very easy","Easy",8,"A little more",0,0,"Some of the time","Very easy","1","0","45-54",1,"   787.9",36064,30
989,2671.755,2018,17,"Male","European/Other","Less than secondary school","Not in labour force","Partnered","Not a parent",0,"Rented",173236,4,"NZ with overseas parent(s)","Non-disabled",7,8,7,"Very Good","None or almost none","Agree","Easy to be myself",6,8,4,6,"Yes",14,"Not applicable","No",3,"Very easy","Very easy","Very easy",5,"Moved here recently",0,0,"A little of the time","Easy","0","3","15-24",3,"   429.5",19504,32
990,980.7647,2018,78,"Female","European/Other","Secondary school","Not in labour force","Partnered","Not a parent",0,"Owned with mortgage",18045,1,"NZ with NZ parents","Non-disabled",8,8,8,"Very Good","None or almost none","Disagree","Easy to be myself",7,6,5,5,"Yes",20,"Yes, sometimes","No",0,"Very easy","Very easy","Difficult",8,"No crime here",0,0,"None of the time","Very easy","0","0","65+",1,"   255.3",12144,23
991,2243.42,2018,40,"Male","European/Other","Less than secondary school","Not in labour force","Not partnered","Not a parent",0,"Rented",46183,4,"NZ with overseas parent(s)","Non-disabled",3,9,10,"Very Good","None or almost none","Agree","Very easy to be myself",8,10,7,7,"Yes",11,"Not applicable","No",4,"Very easy","Very easy","Very easy",0,"Moved here recently",0,1,"A little of the time","Very easy","0","4+","35-44",1,"   602.0",27232,26
992,890.6283,2018,16,"Male","European/Other","Less than secondary school","Not in labour force","Not partnered","Not a parent",0,"Owned without mortgage",143231,5,"Long-term migrant","Non-disabled",5,5,5,"Fair","None or almost none","Strongly agree","Easy to be myself",7,8,5,7,"Not eligible",11,"Yes, often","Yes, sometimes",0,"Very easy","Very easy","Easy",3,"About the same",0,0,"None of the time","Very hard","0","0","15-24",3,"   446.3",20240,32
993,2179.345,2018,51,"Male","European/Other","Less than secondary school","Not in labour force","Not partnered","Not a parent",0,"Rented",35412,10,"NZ with NZ parents","Non-disabled",10,8,6,"Good","None or almost none","Agree","Very easy to be myself",6,9,4,4,"Yes",13,"Yes, often","No",1,"Easy","Very easy","Easy",7,"A little less",0,0,"None of the time","Very easy","0","1","45-54",1,"   599.3",27968,40
994,795.4664,2018,57,"Female","European/Other","Secondary school","Not in labour force","Not partnered","Not a parent",0,"Owned with mortgage",26895,5,"NZ with NZ parents","Non-disabled",6,6,6,"Very Good","None or almost none","Disagree","Easy to be myself",8,8,4,0,"Yes",20,"Yes, sometimes","Yes, sometimes",1,"Very easy","Easy","Easy",4,"No crime here",0,0,"None of the time","Easy","0","1","55-64",1,"   484.6",22080,26
995,1326.871,2018,39,"Male","European/Other","Secondary school","Not in labour force","Not partnered","Parent",2,"Rented",38678,2,"NZ with unknown origin parents","Non-disabled",6,10,10,"Very Good","Conversational","Strongly agree","Very easy to be myself",5,7,2,3,"Yes",18,"No","No",4,"Very easy","Very easy","Neither easy nor difficult",10,"No crime here",0,0,"None of the time","Very easy","2","4+","35-44",1,"   704.3",32384,32
996,8.841383,2018,33,"Male","Māori","Less than secondary school","Unemployed","Partnered","Parent",4,"Rented",102526,8,"NZ with overseas parent(s)","Non-disabled",2,5,7,"Good","None or almost none","Neither agree nor disagree","Very easy to be myself",4,8,5,9,"No",3,"Yes, sometimes","Yes, sometimes",4,"Very easy","Very easy","Very easy",6,"A lot more",0,0,"None of the time","Hard","4+","4+","25-34",3,"   574.7",26864,38
997,9.9557,2018,53,"Male","European/Other","Secondary school","Unemployed","Partnered","Parent",2,"Owned without mortgage",257826,1,"Long-term migrant","Non-disabled",7,7,8,"Good","None or almost none","Agree","Very easy to be myself",8,9,7,8,"Yes",16,"Yes, sometimes","Yes, sometimes",0,"Easy","Very easy","Difficult",7,"About the same",0,0,"Some of the time","Hard","2","0","45-54",3,"  1273.1",58144,42
