Series Name,Series Code,Country Name,Country Code,2020 [YR2020]
IDA resource allocation index (1=low to 6=high),IQ.CPA.IRAI.XQ,Afghanistan,AFG,2.65833333333333
IDA resource allocation index (1=low to 6=high),IQ.CPA.IRAI.XQ,Albania,ALB,..
IDA resource allocation index (1=low to 6=high),IQ.CPA.IRAI.XQ,Algeria,DZA,..
IDA resource allocation index (1=low to 6=high),IQ.CPA.IRAI.XQ,American Samoa,ASM,..
IDA resource allocation index (1=low to 6=high),IQ.CPA.IRAI.XQ,Andorra,AND,..
IDA resource allocation index (1=low to 6=high),IQ.CPA.IRAI.XQ,Angola,AGO,..
IDA resource allocation index (1=low to 6=high),IQ.CPA.IRAI.XQ,Antigua and Barbuda,ATG,..
IDA resource allocation index (1=low to 6=high),IQ.CPA.IRAI.XQ,Argentina,ARG,..
IDA resource allocation index (1=low to 6=high),IQ.CPA.IRAI.XQ,Armenia,ARM,..
IDA resource allocation index (1=low to 6=high),IQ.CPA.IRAI.XQ,Aruba,ABW,..
IDA resource allocation index (1=low to 6=high),IQ.CPA.IRAI.XQ,Australia,AUS,..
IDA resource allocation index (1=low to 6=high),IQ.CPA.IRAI.XQ,Austria,AUT,..
IDA resource allocation index (1=low to 6=high),IQ.CPA.IRAI.XQ,Azerbaijan,AZE,..
IDA resource allocation index (1=low to 6=high),IQ.CPA.IRAI.XQ,"Bahamas, The",BHS,..
IDA resource allocation index (1=low to 6=high),IQ.CPA.IRAI.XQ,Bahrain,BHR,..
IDA resource allocation index (1=low to 6=high),IQ.CPA.IRAI.XQ,Bangladesh,BGD,3.075
IDA resource allocation index (1=low to 6=high),IQ.CPA.IRAI.XQ,Barbados,BRB,..
IDA resource allocation index (1=low to 6=high),IQ.CPA.IRAI.XQ,Belarus,BLR,..
IDA resource allocation index (1=low to 6=high),IQ.CPA.IRAI.XQ,Belgium,BEL,..
IDA resource allocation index (1=low to 6=high),IQ.CPA.IRAI.XQ,Belize,BLZ,..
IDA resource allocation index (1=low to 6=high),IQ.CPA.IRAI.XQ,Benin,BEN,3.64166666666667
IDA resource allocation index (1=low to 6=high),IQ.CPA.IRAI.XQ,Bermuda,BMU,..
IDA resource allocation index (1=low to 6=high),IQ.CPA.IRAI.XQ,Bhutan,BTN,3.875
IDA resource allocation index (1=low to 6=high),IQ.CPA.IRAI.XQ,Bolivia,BOL,..
IDA resource allocation index (1=low to 6=high),IQ.CPA.IRAI.XQ,Bosnia and Herzegovina,BIH,..
IDA resource allocation index (1=low to 6=high),IQ.CPA.IRAI.XQ,Botswana,BWA,..
IDA resource allocation index (1=low to 6=high),IQ.CPA.IRAI.XQ,Brazil,BRA,..
IDA resource allocation index (1=low to 6=high),IQ.CPA.IRAI.XQ,British Virgin Islands,VGB,..
IDA resource allocation index (1=low to 6=high),IQ.CPA.IRAI.XQ,Brunei Darussalam,BRN,..
IDA resource allocation index (1=low to 6=high),IQ.CPA.IRAI.XQ,Bulgaria,BGR,..
IDA resource allocation index (1=low to 6=high),IQ.CPA.IRAI.XQ,Burkina Faso,BFA,3.54166666666667
IDA resource allocation index (1=low to 6=high),IQ.CPA.IRAI.XQ,Burundi,BDI,2.93333333333333
IDA resource allocation index (1=low to 6=high),IQ.CPA.IRAI.XQ,Cabo Verde,CPV,3.79166666666667
IDA resource allocation index (1=low to 6=high),IQ.CPA.IRAI.XQ,Cambodia,KHM,3.425
IDA resource allocation index (1=low to 6=high),IQ.CPA.IRAI.XQ,Cameroon,CMR,3.325
IDA resource allocation index (1=low to 6=high),IQ.CPA.IRAI.XQ,Canada,CAN,..
IDA resource allocation index (1=low to 6=high),IQ.CPA.IRAI.XQ,Cayman Islands,CYM,..
IDA resource allocation index (1=low to 6=high),IQ.CPA.IRAI.XQ,Central African Republic,CAF,2.55
IDA resource allocation index (1=low to 6=high),IQ.CPA.IRAI.XQ,Chad,TCD,2.775
IDA resource allocation index (1=low to 6=high),IQ.CPA.IRAI.XQ,Channel Islands,CHI,..
IDA resource allocation index (1=low to 6=high),IQ.CPA.IRAI.XQ,Chile,CHL,..
IDA resource allocation index (1=low to 6=high),IQ.CPA.IRAI.XQ,China,CHN,..
IDA resource allocation index (1=low to 6=high),IQ.CPA.IRAI.XQ,Colombia,COL,..
IDA resource allocation index (1=low to 6=high),IQ.CPA.IRAI.XQ,Comoros,COM,2.71666666666667
IDA resource allocation index (1=low to 6=high),IQ.CPA.IRAI.XQ,"Congo, Dem. Rep.",COD,2.96666666666667
IDA resource allocation index (1=low to 6=high),IQ.CPA.IRAI.XQ,"Congo, Rep.",COG,2.68333333333333
IDA resource allocation index (1=low to 6=high),IQ.CPA.IRAI.XQ,Costa Rica,CRI,..
IDA resource allocation index (1=low to 6=high),IQ.CPA.IRAI.XQ,Cote d'Ivoire,CIV,3.58333333333333
IDA resource allocation index (1=low to 6=high),IQ.CPA.IRAI.XQ,Croatia,HRV,..
IDA resource allocation index (1=low to 6=high),IQ.CPA.IRAI.XQ,Cuba,CUB,..
IDA resource allocation index (1=low to 6=high),IQ.CPA.IRAI.XQ,Curacao,CUW,..
IDA resource allocation index (1=low to 6=high),IQ.CPA.IRAI.XQ,Cyprus,CYP,..
IDA resource allocation index (1=low to 6=high),IQ.CPA.IRAI.XQ,Czech Republic,CZE,..
IDA resource allocation index (1=low to 6=high),IQ.CPA.IRAI.XQ,Denmark,DNK,..
IDA resource allocation index (1=low to 6=high),IQ.CPA.IRAI.XQ,Djibouti,DJI,3.23333333333333
IDA resource allocation index (1=low to 6=high),IQ.CPA.IRAI.XQ,Dominica,DMA,3.65
IDA resource allocation index (1=low to 6=high),IQ.CPA.IRAI.XQ,Dominican Republic,DOM,..
IDA resource allocation index (1=low to 6=high),IQ.CPA.IRAI.XQ,Ecuador,ECU,..
IDA resource allocation index (1=low to 6=high),IQ.CPA.IRAI.XQ,"Egypt, Arab Rep.",EGY,..
IDA resource allocation index (1=low to 6=high),IQ.CPA.IRAI.XQ,El Salvador,SLV,..
IDA resource allocation index (1=low to 6=high),IQ.CPA.IRAI.XQ,Equatorial Guinea,GNQ,..
IDA resource allocation index (1=low to 6=high),IQ.CPA.IRAI.XQ,Eritrea,ERI,1.91666666666667
IDA resource allocation index (1=low to 6=high),IQ.CPA.IRAI.XQ,Estonia,EST,..
IDA resource allocation index (1=low to 6=high),IQ.CPA.IRAI.XQ,Eswatini,SWZ,..
IDA resource allocation index (1=low to 6=high),IQ.CPA.IRAI.XQ,Ethiopia,ETH,3.53333333333333
IDA resource allocation index (1=low to 6=high),IQ.CPA.IRAI.XQ,Faroe Islands,FRO,..
IDA resource allocation index (1=low to 6=high),IQ.CPA.IRAI.XQ,Fiji,FJI,3.41666666666667
IDA resource allocation index (1=low to 6=high),IQ.CPA.IRAI.XQ,Finland,FIN,..
IDA resource allocation index (1=low to 6=high),IQ.CPA.IRAI.XQ,France,FRA,..
IDA resource allocation index (1=low to 6=high),IQ.CPA.IRAI.XQ,French Polynesia,PYF,..
IDA resource allocation index (1=low to 6=high),IQ.CPA.IRAI.XQ,Gabon,GAB,..
IDA resource allocation index (1=low to 6=high),IQ.CPA.IRAI.XQ,"Gambia, The",GMB,2.975
IDA resource allocation index (1=low to 6=high),IQ.CPA.IRAI.XQ,Georgia,GEO,..
IDA resource allocation index (1=low to 6=high),IQ.CPA.IRAI.XQ,Germany,DEU,..
IDA resource allocation index (1=low to 6=high),IQ.CPA.IRAI.XQ,Ghana,GHA,3.575
IDA resource allocation index (1=low to 6=high),IQ.CPA.IRAI.XQ,Gibraltar,GIB,..
IDA resource allocation index (1=low to 6=high),IQ.CPA.IRAI.XQ,Greece,GRC,..
IDA resource allocation index (1=low to 6=high),IQ.CPA.IRAI.XQ,Greenland,GRL,..
IDA resource allocation index (1=low to 6=high),IQ.CPA.IRAI.XQ,Grenada,GRD,3.64166666666667
IDA resource allocation index (1=low to 6=high),IQ.CPA.IRAI.XQ,Guam,GUM,..
IDA resource allocation index (1=low to 6=high),IQ.CPA.IRAI.XQ,Guatemala,GTM,..
IDA resource allocation index (1=low to 6=high),IQ.CPA.IRAI.XQ,Guinea,GIN,3.28333333333333
IDA resource allocation index (1=low to 6=high),IQ.CPA.IRAI.XQ,Guinea-Bissau,GNB,2.45
IDA resource allocation index (1=low to 6=high),IQ.CPA.IRAI.XQ,Guyana,GUY,3.26666666666667
IDA resource allocation index (1=low to 6=high),IQ.CPA.IRAI.XQ,Haiti,HTI,2.7
IDA resource allocation index (1=low to 6=high),IQ.CPA.IRAI.XQ,Honduras,HND,3.4
IDA resource allocation index (1=low to 6=high),IQ.CPA.IRAI.XQ,"Hong Kong SAR, China",HKG,..
IDA resource allocation index (1=low to 6=high),IQ.CPA.IRAI.XQ,Hungary,HUN,..
IDA resource allocation index (1=low to 6=high),IQ.CPA.IRAI.XQ,Iceland,ISL,..
IDA resource allocation index (1=low to 6=high),IQ.CPA.IRAI.XQ,India,IND,..
IDA resource allocation index (1=low to 6=high),IQ.CPA.IRAI.XQ,Indonesia,IDN,..
IDA resource allocation index (1=low to 6=high),IQ.CPA.IRAI.XQ,"Iran, Islamic Rep.",IRN,..
IDA resource allocation index (1=low to 6=high),IQ.CPA.IRAI.XQ,Iraq,IRQ,..
IDA resource allocation index (1=low to 6=high),IQ.CPA.IRAI.XQ,Ireland,IRL,..
IDA resource allocation index (1=low to 6=high),IQ.CPA.IRAI.XQ,Isle of Man,IMN,..
IDA resource allocation index (1=low to 6=high),IQ.CPA.IRAI.XQ,Israel,ISR,..
IDA resource allocation index (1=low to 6=high),IQ.CPA.IRAI.XQ,Italy,ITA,..
IDA resource allocation index (1=low to 6=high),IQ.CPA.IRAI.XQ,Jamaica,JAM,..
IDA resource allocation index (1=low to 6=high),IQ.CPA.IRAI.XQ,Japan,JPN,..
IDA resource allocation index (1=low to 6=high),IQ.CPA.IRAI.XQ,Jordan,JOR,..
IDA resource allocation index (1=low to 6=high),IQ.CPA.IRAI.XQ,Kazakhstan,KAZ,..
IDA resource allocation index (1=low to 6=high),IQ.CPA.IRAI.XQ,Kenya,KEN,3.69166666666667
IDA resource allocation index (1=low to 6=high),IQ.CPA.IRAI.XQ,Kiribati,KIR,3.025
IDA resource allocation index (1=low to 6=high),IQ.CPA.IRAI.XQ,"Korea, Dem. People's Rep.",PRK,..
IDA resource allocation index (1=low to 6=high),IQ.CPA.IRAI.XQ,"Korea, Rep.",KOR,..
IDA resource allocation index (1=low to 6=high),IQ.CPA.IRAI.XQ,Kosovo,XKX,3.63333333333333
IDA resource allocation index (1=low to 6=high),IQ.CPA.IRAI.XQ,Kuwait,KWT,..
IDA resource allocation index (1=low to 6=high),IQ.CPA.IRAI.XQ,Kyrgyz Republic,KGZ,3.54166666666667
IDA resource allocation index (1=low to 6=high),IQ.CPA.IRAI.XQ,Lao PDR,LAO,3.00833333333333
IDA resource allocation index (1=low to 6=high),IQ.CPA.IRAI.XQ,Latvia,LVA,..
IDA resource allocation index (1=low to 6=high),IQ.CPA.IRAI.XQ,Lebanon,LBN,..
IDA resource allocation index (1=low to 6=high),IQ.CPA.IRAI.XQ,Lesotho,LSO,3.29166666666667
IDA resource allocation index (1=low to 6=high),IQ.CPA.IRAI.XQ,Liberia,LBR,2.95
IDA resource allocation index (1=low to 6=high),IQ.CPA.IRAI.XQ,Libya,LBY,..
IDA resource allocation index (1=low to 6=high),IQ.CPA.IRAI.XQ,Liechtenstein,LIE,..
IDA resource allocation index (1=low to 6=high),IQ.CPA.IRAI.XQ,Lithuania,LTU,..
IDA resource allocation index (1=low to 6=high),IQ.CPA.IRAI.XQ,Luxembourg,LUX,..
IDA resource allocation index (1=low to 6=high),IQ.CPA.IRAI.XQ,"Macao SAR, China",MAC,..
IDA resource allocation index (1=low to 6=high),IQ.CPA.IRAI.XQ,Madagascar,MDG,3.25
IDA resource allocation index (1=low to 6=high),IQ.CPA.IRAI.XQ,Malawi,MWI,3.19166666666667
IDA resource allocation index (1=low to 6=high),IQ.CPA.IRAI.XQ,Malaysia,MYS,..
IDA resource allocation index (1=low to 6=high),IQ.CPA.IRAI.XQ,Maldives,MDV,3.225
IDA resource allocation index (1=low to 6=high),IQ.CPA.IRAI.XQ,Mali,MLI,3.29166666666667
IDA resource allocation index (1=low to 6=high),IQ.CPA.IRAI.XQ,Malta,MLT,..
IDA resource allocation index (1=low to 6=high),IQ.CPA.IRAI.XQ,Marshall Islands,MHL,2.6
IDA resource allocation index (1=low to 6=high),IQ.CPA.IRAI.XQ,Mauritania,MRT,3.34166666666667
IDA resource allocation index (1=low to 6=high),IQ.CPA.IRAI.XQ,Mauritius,MUS,..
IDA resource allocation index (1=low to 6=high),IQ.CPA.IRAI.XQ,Mexico,MEX,..
IDA resource allocation index (1=low to 6=high),IQ.CPA.IRAI.XQ,"Micronesia, Fed. Sts.",FSM,2.75
IDA resource allocation index (1=low to 6=high),IQ.CPA.IRAI.XQ,Moldova,MDA,..
IDA resource allocation index (1=low to 6=high),IQ.CPA.IRAI.XQ,Monaco,MCO,..
IDA resource allocation index (1=low to 6=high),IQ.CPA.IRAI.XQ,Mongolia,MNG,..
IDA resource allocation index (1=low to 6=high),IQ.CPA.IRAI.XQ,Montenegro,MNE,..
IDA resource allocation index (1=low to 6=high),IQ.CPA.IRAI.XQ,Morocco,MAR,..
IDA resource allocation index (1=low to 6=high),IQ.CPA.IRAI.XQ,Mozambique,MOZ,3.11666666666667
IDA resource allocation index (1=low to 6=high),IQ.CPA.IRAI.XQ,Myanmar,MMR,3
IDA resource allocation index (1=low to 6=high),IQ.CPA.IRAI.XQ,Namibia,NAM,..
IDA resource allocation index (1=low to 6=high),IQ.CPA.IRAI.XQ,Nauru,NRU,..
IDA resource allocation index (1=low to 6=high),IQ.CPA.IRAI.XQ,Nepal,NPL,3.4
IDA resource allocation index (1=low to 6=high),IQ.CPA.IRAI.XQ,Netherlands,NLD,..
IDA resource allocation index (1=low to 6=high),IQ.CPA.IRAI.XQ,New Caledonia,NCL,..
IDA resource allocation index (1=low to 6=high),IQ.CPA.IRAI.XQ,New Zealand,NZL,..
IDA resource allocation index (1=low to 6=high),IQ.CPA.IRAI.XQ,Nicaragua,NIC,3.375
IDA resource allocation index (1=low to 6=high),IQ.CPA.IRAI.XQ,Niger,NER,3.41666666666667
IDA resource allocation index (1=low to 6=high),IQ.CPA.IRAI.XQ,Nigeria,NGA,3.2
IDA resource allocation index (1=low to 6=high),IQ.CPA.IRAI.XQ,North Macedonia,MKD,..
IDA resource allocation index (1=low to 6=high),IQ.CPA.IRAI.XQ,Northern Mariana Islands,MNP,..
IDA resource allocation index (1=low to 6=high),IQ.CPA.IRAI.XQ,Norway,NOR,..
IDA resource allocation index (1=low to 6=high),IQ.CPA.IRAI.XQ,Oman,OMN,..
IDA resource allocation index (1=low to 6=high),IQ.CPA.IRAI.XQ,Pakistan,PAK,3.30833333333333
IDA resource allocation index (1=low to 6=high),IQ.CPA.IRAI.XQ,Palau,PLW,..
IDA resource allocation index (1=low to 6=high),IQ.CPA.IRAI.XQ,Panama,PAN,..
IDA resource allocation index (1=low to 6=high),IQ.CPA.IRAI.XQ,Papua New Guinea,PNG,2.8
IDA resource allocation index (1=low to 6=high),IQ.CPA.IRAI.XQ,Paraguay,PRY,..
IDA resource allocation index (1=low to 6=high),IQ.CPA.IRAI.XQ,Peru,PER,..
IDA resource allocation index (1=low to 6=high),IQ.CPA.IRAI.XQ,Philippines,PHL,..
IDA resource allocation index (1=low to 6=high),IQ.CPA.IRAI.XQ,Poland,POL,..
IDA resource allocation index (1=low to 6=high),IQ.CPA.IRAI.XQ,Portugal,PRT,..
IDA resource allocation index (1=low to 6=high),IQ.CPA.IRAI.XQ,Puerto Rico,PRI,..
IDA resource allocation index (1=low to 6=high),IQ.CPA.IRAI.XQ,Qatar,QAT,..
IDA resource allocation index (1=low to 6=high),IQ.CPA.IRAI.XQ,Romania,ROU,..
IDA resource allocation index (1=low to 6=high),IQ.CPA.IRAI.XQ,Russian Federation,RUS,..
IDA resource allocation index (1=low to 6=high),IQ.CPA.IRAI.XQ,Rwanda,RWA,4.06666666666667
IDA resource allocation index (1=low to 6=high),IQ.CPA.IRAI.XQ,Samoa,WSM,3.95833333333333
IDA resource allocation index (1=low to 6=high),IQ.CPA.IRAI.XQ,San Marino,SMR,..
IDA resource allocation index (1=low to 6=high),IQ.CPA.IRAI.XQ,Sao Tome and Principe,STP,2.98333333333333
IDA resource allocation index (1=low to 6=high),IQ.CPA.IRAI.XQ,Saudi Arabia,SAU,..
IDA resource allocation index (1=low to 6=high),IQ.CPA.IRAI.XQ,Senegal,SEN,3.71666666666667
IDA resource allocation index (1=low to 6=high),IQ.CPA.IRAI.XQ,Serbia,SRB,..
IDA resource allocation index (1=low to 6=high),IQ.CPA.IRAI.XQ,Seychelles,SYC,..
IDA resource allocation index (1=low to 6=high),IQ.CPA.IRAI.XQ,Sierra Leone,SLE,3.14166666666667
IDA resource allocation index (1=low to 6=high),IQ.CPA.IRAI.XQ,Singapore,SGP,..
IDA resource allocation index (1=low to 6=high),IQ.CPA.IRAI.XQ,Sint Maarten (Dutch part),SXM,..
IDA resource allocation index (1=low to 6=high),IQ.CPA.IRAI.XQ,Slovak Republic,SVK,..
IDA resource allocation index (1=low to 6=high),IQ.CPA.IRAI.XQ,Slovenia,SVN,..
IDA resource allocation index (1=low to 6=high),IQ.CPA.IRAI.XQ,Solomon Islands,SLB,2.93333333333333
IDA resource allocation index (1=low to 6=high),IQ.CPA.IRAI.XQ,Somalia,SOM,2.01666666666667
IDA resource allocation index (1=low to 6=high),IQ.CPA.IRAI.XQ,South Africa,ZAF,..
IDA resource allocation index (1=low to 6=high),IQ.CPA.IRAI.XQ,South Sudan,SSD,1.475
IDA resource allocation index (1=low to 6=high),IQ.CPA.IRAI.XQ,Spain,ESP,..
IDA resource allocation index (1=low to 6=high),IQ.CPA.IRAI.XQ,Sri Lanka,LKA,..
IDA resource allocation index (1=low to 6=high),IQ.CPA.IRAI.XQ,St. Kitts and Nevis,KNA,..
IDA resource allocation index (1=low to 6=high),IQ.CPA.IRAI.XQ,St. Lucia,LCA,3.675
IDA resource allocation index (1=low to 6=high),IQ.CPA.IRAI.XQ,St. Martin (French part),MAF,..
IDA resource allocation index (1=low to 6=high),IQ.CPA.IRAI.XQ,St. Vincent and the Grenadines,VCT,3.70833333333333
IDA resource allocation index (1=low to 6=high),IQ.CPA.IRAI.XQ,Sudan,SDN,2.23333333333333
IDA resource allocation index (1=low to 6=high),IQ.CPA.IRAI.XQ,Suriname,SUR,..
IDA resource allocation index (1=low to 6=high),IQ.CPA.IRAI.XQ,Sweden,SWE,..
IDA resource allocation index (1=low to 6=high),IQ.CPA.IRAI.XQ,Switzerland,CHE,..
IDA resource allocation index (1=low to 6=high),IQ.CPA.IRAI.XQ,Syrian Arab Republic,SYR,..
IDA resource allocation index (1=low to 6=high),IQ.CPA.IRAI.XQ,Tajikistan,TJK,3.11666666666667
IDA resource allocation index (1=low to 6=high),IQ.CPA.IRAI.XQ,Tanzania,TZA,3.48333333333333
IDA resource allocation index (1=low to 6=high),IQ.CPA.IRAI.XQ,Thailand,THA,..
IDA resource allocation index (1=low to 6=high),IQ.CPA.IRAI.XQ,Timor-Leste,TLS,2.83333333333333
IDA resource allocation index (1=low to 6=high),IQ.CPA.IRAI.XQ,Togo,TGO,3.475
IDA resource allocation index (1=low to 6=high),IQ.CPA.IRAI.XQ,Tonga,TON,3.39166666666667
IDA resource allocation index (1=low to 6=high),IQ.CPA.IRAI.XQ,Trinidad and Tobago,TTO,..
IDA resource allocation index (1=low to 6=high),IQ.CPA.IRAI.XQ,Tunisia,TUN,..
IDA resource allocation index (1=low to 6=high),IQ.CPA.IRAI.XQ,Turkey,TUR,..
IDA resource allocation index (1=low to 6=high),IQ.CPA.IRAI.XQ,Turkmenistan,TKM,..
IDA resource allocation index (1=low to 6=high),IQ.CPA.IRAI.XQ,Turks and Caicos Islands,TCA,..
IDA resource allocation index (1=low to 6=high),IQ.CPA.IRAI.XQ,Tuvalu,TUV,2.80833333333333
IDA resource allocation index (1=low to 6=high),IQ.CPA.IRAI.XQ,Uganda,UGA,3.59166666666667
IDA resource allocation index (1=low to 6=high),IQ.CPA.IRAI.XQ,Ukraine,UKR,..
IDA resource allocation index (1=low to 6=high),IQ.CPA.IRAI.XQ,United Arab Emirates,ARE,..
IDA resource allocation index (1=low to 6=high),IQ.CPA.IRAI.XQ,United Kingdom,GBR,..
IDA resource allocation index (1=low to 6=high),IQ.CPA.IRAI.XQ,United States,USA,..
IDA resource allocation index (1=low to 6=high),IQ.CPA.IRAI.XQ,Uruguay,URY,..
IDA resource allocation index (1=low to 6=high),IQ.CPA.IRAI.XQ,Uzbekistan,UZB,3.74166666666667
IDA resource allocation index (1=low to 6=high),IQ.CPA.IRAI.XQ,Vanuatu,VUT,3.36666666666667
IDA resource allocation index (1=low to 6=high),IQ.CPA.IRAI.XQ,"Venezuela, RB",VEN,..
IDA resource allocation index (1=low to 6=high),IQ.CPA.IRAI.XQ,Vietnam,VNM,..
IDA resource allocation index (1=low to 6=high),IQ.CPA.IRAI.XQ,Virgin Islands (U.S.),VIR,..
IDA resource allocation index (1=low to 6=high),IQ.CPA.IRAI.XQ,West Bank and Gaza,PSE,..
IDA resource allocation index (1=low to 6=high),IQ.CPA.IRAI.XQ,"Yemen, Rep.",YEM,1.875
IDA resource allocation index (1=low to 6=high),IQ.CPA.IRAI.XQ,Zambia,ZMB,3.10833333333333
IDA resource allocation index (1=low to 6=high),IQ.CPA.IRAI.XQ,Zimbabwe,ZWE,2.98333333333333
IDA resource allocation index (1=low to 6=high),IQ.CPA.IRAI.XQ,Africa Eastern and Southern,AFE,2.97631578947368
IDA resource allocation index (1=low to 6=high),IQ.CPA.IRAI.XQ,Africa Western and Central,AFW,3.23541666666667
IDA resource allocation index (1=low to 6=high),IQ.CPA.IRAI.XQ,Arab World,ARB,2.56944444444444
IDA resource allocation index (1=low to 6=high),IQ.CPA.IRAI.XQ,Caribbean small states,CSS,3.58833333333333
IDA resource allocation index (1=low to 6=high),IQ.CPA.IRAI.XQ,Central Europe and the Baltics,CEB,..
IDA resource allocation index (1=low to 6=high),IQ.CPA.IRAI.XQ,Early-demographic dividend,EAR,3.27126436781609
IDA resource allocation index (1=low to 6=high),IQ.CPA.IRAI.XQ,East Asia & Pacific,EAS,3.09404761904762
IDA resource allocation index (1=low to 6=high),IQ.CPA.IRAI.XQ,East Asia & Pacific (excluding high income),EAP,3.09404761904762
IDA resource allocation index (1=low to 6=high),IQ.CPA.IRAI.XQ,East Asia & Pacific (IDA & IBRD countries),TEA,3.09404761904762
IDA resource allocation index (1=low to 6=high),IQ.CPA.IRAI.XQ,Euro area,EMU,..
IDA resource allocation index (1=low to 6=high),IQ.CPA.IRAI.XQ,Europe & Central Asia,ECS,3.50833333333333
IDA resource allocation index (1=low to 6=high),IQ.CPA.IRAI.XQ,Europe & Central Asia (excluding high income),ECA,3.50833333333333
IDA resource allocation index (1=low to 6=high),IQ.CPA.IRAI.XQ,Europe & Central Asia (IDA & IBRD countries),TEC,3.50833333333333
IDA resource allocation index (1=low to 6=high),IQ.CPA.IRAI.XQ,European Union,EUU,..
IDA resource allocation index (1=low to 6=high),IQ.CPA.IRAI.XQ,Fragile and conflict affected situations,FCS,2.79811827956989
IDA resource allocation index (1=low to 6=high),IQ.CPA.IRAI.XQ,Heavily indebted poor countries (HIPC),HPC,3.11118421052632
IDA resource allocation index (1=low to 6=high),IQ.CPA.IRAI.XQ,High income,HIC,..
IDA resource allocation index (1=low to 6=high),IQ.CPA.IRAI.XQ,IBRD only,IBD,..
IDA resource allocation index (1=low to 6=high),IQ.CPA.IRAI.XQ,IDA & IBRD total,IBT,3.15993150684931
IDA resource allocation index (1=low to 6=high),IQ.CPA.IRAI.XQ,IDA blend,IDB,3.36333333333333
IDA resource allocation index (1=low to 6=high),IQ.CPA.IRAI.XQ,IDA only,IDX,3.1073275862069
IDA resource allocation index (1=low to 6=high),IQ.CPA.IRAI.XQ,IDA total,IDA,3.15993150684932
IDA resource allocation index (1=low to 6=high),IQ.CPA.IRAI.XQ,Late-demographic dividend,LTE,3.52166666666667
IDA resource allocation index (1=low to 6=high),IQ.CPA.IRAI.XQ,Latin America & Caribbean,LCN,3.42708333333333
IDA resource allocation index (1=low to 6=high),IQ.CPA.IRAI.XQ,Latin America & Caribbean (excluding high income),LAC,3.42708333333333
IDA resource allocation index (1=low to 6=high),IQ.CPA.IRAI.XQ,Latin America & the Caribbean (IDA & IBRD countries),TLA,3.42708333333333
IDA resource allocation index (1=low to 6=high),IQ.CPA.IRAI.XQ,Least developed countries: UN classification,LDC,3.0356884057971
IDA resource allocation index (1=low to 6=high),IQ.CPA.IRAI.XQ,Low & middle income,LMY,3.15993150684932
IDA resource allocation index (1=low to 6=high),IQ.CPA.IRAI.XQ,Low income,LIC,2.907
IDA resource allocation index (1=low to 6=high),IQ.CPA.IRAI.XQ,Lower middle income,LMC,3.26981981981982
IDA resource allocation index (1=low to 6=high),IQ.CPA.IRAI.XQ,Middle East & North Africa,MEA,2.55416666666666
IDA resource allocation index (1=low to 6=high),IQ.CPA.IRAI.XQ,Middle East & North Africa (excluding high income),MNA,2.55416666666666
IDA resource allocation index (1=low to 6=high),IQ.CPA.IRAI.XQ,Middle East & North Africa (IDA & IBRD countries),TMN,2.55416666666666
IDA resource allocation index (1=low to 6=high),IQ.CPA.IRAI.XQ,Middle income,MIC,3.29166666666667
IDA resource allocation index (1=low to 6=high),IQ.CPA.IRAI.XQ,North America,NAC,..
IDA resource allocation index (1=low to 6=high),IQ.CPA.IRAI.XQ,Not classified,INX,..
IDA resource allocation index (1=low to 6=high),IQ.CPA.IRAI.XQ,OECD members,OED,..
IDA resource allocation index (1=low to 6=high),IQ.CPA.IRAI.XQ,Other small states,OSS,3.1375
IDA resource allocation index (1=low to 6=high),IQ.CPA.IRAI.XQ,Pacific island small states,PSS,3.13888888888889
IDA resource allocation index (1=low to 6=high),IQ.CPA.IRAI.XQ,Post-demographic dividend,PST,..
IDA resource allocation index (1=low to 6=high),IQ.CPA.IRAI.XQ,Pre-demographic dividend,PRE,3.01544117647059
IDA resource allocation index (1=low to 6=high),IQ.CPA.IRAI.XQ,Small states,SST,3.23194444444444
IDA resource allocation index (1=low to 6=high),IQ.CPA.IRAI.XQ,South Asia,SAS,3.25694444444444
IDA resource allocation index (1=low to 6=high),IQ.CPA.IRAI.XQ,South Asia (IDA & IBRD),TSA,3.25694444444444
IDA resource allocation index (1=low to 6=high),IQ.CPA.IRAI.XQ,Sub-Saharan Africa,SSF,3.10918803418804
IDA resource allocation index (1=low to 6=high),IQ.CPA.IRAI.XQ,Sub-Saharan Africa (excluding high income),SSA,3.10918803418804
IDA resource allocation index (1=low to 6=high),IQ.CPA.IRAI.XQ,Sub-Saharan Africa (IDA & IBRD countries),TSS,3.10918803418804
IDA resource allocation index (1=low to 6=high),IQ.CPA.IRAI.XQ,Upper middle income,UMC,3.36515151515152
IDA resource allocation index (1=low to 6=high),IQ.CPA.IRAI.XQ,World,WLD,3.15993150684932
Battle-related deaths (number of people),VC.BTL.DETH,Afghanistan,AFG,20473
Battle-related deaths (number of people),VC.BTL.DETH,Albania,ALB,..
Battle-related deaths (number of people),VC.BTL.DETH,Algeria,DZA,25
Battle-related deaths (number of people),VC.BTL.DETH,American Samoa,ASM,..
Battle-related deaths (number of people),VC.BTL.DETH,Andorra,AND,..
Battle-related deaths (number of people),VC.BTL.DETH,Angola,AGO,21
Battle-related deaths (number of people),VC.BTL.DETH,Antigua and Barbuda,ATG,..
Battle-related deaths (number of people),VC.BTL.DETH,Argentina,ARG,..
Battle-related deaths (number of people),VC.BTL.DETH,Armenia,ARM,10
Battle-related deaths (number of people),VC.BTL.DETH,Aruba,ABW,..
Battle-related deaths (number of people),VC.BTL.DETH,Australia,AUS,..
Battle-related deaths (number of people),VC.BTL.DETH,Austria,AUT,..
Battle-related deaths (number of people),VC.BTL.DETH,Azerbaijan,AZE,7623
Battle-related deaths (number of people),VC.BTL.DETH,"Bahamas, The",BHS,..
Battle-related deaths (number of people),VC.BTL.DETH,Bahrain,BHR,..
Battle-related deaths (number of people),VC.BTL.DETH,Bangladesh,BGD,2
Battle-related deaths (number of people),VC.BTL.DETH,Barbados,BRB,..
Battle-related deaths (number of people),VC.BTL.DETH,Belarus,BLR,..
Battle-related deaths (number of people),VC.BTL.DETH,Belgium,BEL,..
Battle-related deaths (number of people),VC.BTL.DETH,Belize,BLZ,..
Battle-related deaths (number of people),VC.BTL.DETH,Benin,BEN,..
Battle-related deaths (number of people),VC.BTL.DETH,Bermuda,BMU,..
Battle-related deaths (number of people),VC.BTL.DETH,Bhutan,BTN,..
Battle-related deaths (number of people),VC.BTL.DETH,Bolivia,BOL,..
Battle-related deaths (number of people),VC.BTL.DETH,Bosnia and Herzegovina,BIH,..
Battle-related deaths (number of people),VC.BTL.DETH,Botswana,BWA,..
Battle-related deaths (number of people),VC.BTL.DETH,Brazil,BRA,..
Battle-related deaths (number of people),VC.BTL.DETH,British Virgin Islands,VGB,..
Battle-related deaths (number of people),VC.BTL.DETH,Brunei Darussalam,BRN,..
Battle-related deaths (number of people),VC.BTL.DETH,Bulgaria,BGR,..
Battle-related deaths (number of people),VC.BTL.DETH,Burkina Faso,BFA,509
Battle-related deaths (number of people),VC.BTL.DETH,Burundi,BDI,63
Battle-related deaths (number of people),VC.BTL.DETH,Cabo Verde,CPV,..
Battle-related deaths (number of people),VC.BTL.DETH,Cambodia,KHM,..
Battle-related deaths (number of people),VC.BTL.DETH,Cameroon,CMR,429
Battle-related deaths (number of people),VC.BTL.DETH,Canada,CAN,..
Battle-related deaths (number of people),VC.BTL.DETH,Cayman Islands,CYM,..
Battle-related deaths (number of people),VC.BTL.DETH,Central African Republic,CAF,57
Battle-related deaths (number of people),VC.BTL.DETH,Chad,TCD,196
Battle-related deaths (number of people),VC.BTL.DETH,Channel Islands,CHI,..
Battle-related deaths (number of people),VC.BTL.DETH,Chile,CHL,..
Battle-related deaths (number of people),VC.BTL.DETH,China,CHN,..
Battle-related deaths (number of people),VC.BTL.DETH,Colombia,COL,28
Battle-related deaths (number of people),VC.BTL.DETH,Comoros,COM,..
Battle-related deaths (number of people),VC.BTL.DETH,"Congo, Dem. Rep.",COD,1149
Battle-related deaths (number of people),VC.BTL.DETH,"Congo, Rep.",COG,0
Battle-related deaths (number of people),VC.BTL.DETH,Costa Rica,CRI,..
Battle-related deaths (number of people),VC.BTL.DETH,Cote d'Ivoire,CIV,..
Battle-related deaths (number of people),VC.BTL.DETH,Croatia,HRV,..
Battle-related deaths (number of people),VC.BTL.DETH,Cuba,CUB,..
Battle-related deaths (number of people),VC.BTL.DETH,Curacao,CUW,..
Battle-related deaths (number of people),VC.BTL.DETH,Cyprus,CYP,..
Battle-related deaths (number of people),VC.BTL.DETH,Czech Republic,CZE,..
Battle-related deaths (number of people),VC.BTL.DETH,Denmark,DNK,..
Battle-related deaths (number of people),VC.BTL.DETH,Djibouti,DJI,..
Battle-related deaths (number of people),VC.BTL.DETH,Dominica,DMA,..
Battle-related deaths (number of people),VC.BTL.DETH,Dominican Republic,DOM,..
Battle-related deaths (number of people),VC.BTL.DETH,Ecuador,ECU,..
Battle-related deaths (number of people),VC.BTL.DETH,"Egypt, Arab Rep.",EGY,327
Battle-related deaths (number of people),VC.BTL.DETH,El Salvador,SLV,..
Battle-related deaths (number of people),VC.BTL.DETH,Equatorial Guinea,GNQ,..
Battle-related deaths (number of people),VC.BTL.DETH,Eritrea,ERI,..
Battle-related deaths (number of people),VC.BTL.DETH,Estonia,EST,..
Battle-related deaths (number of people),VC.BTL.DETH,Eswatini,SWZ,..
Battle-related deaths (number of people),VC.BTL.DETH,Ethiopia,ETH,1343
Battle-related deaths (number of people),VC.BTL.DETH,Faroe Islands,FRO,..
Battle-related deaths (number of people),VC.BTL.DETH,Fiji,FJI,..
Battle-related deaths (number of people),VC.BTL.DETH,Finland,FIN,..
Battle-related deaths (number of people),VC.BTL.DETH,France,FRA,..
Battle-related deaths (number of people),VC.BTL.DETH,French Polynesia,PYF,..
Battle-related deaths (number of people),VC.BTL.DETH,Gabon,GAB,..
Battle-related deaths (number of people),VC.BTL.DETH,"Gambia, The",GMB,..
Battle-related deaths (number of people),VC.BTL.DETH,Georgia,GEO,..
Battle-related deaths (number of people),VC.BTL.DETH,Germany,DEU,..
Battle-related deaths (number of people),VC.BTL.DETH,Ghana,GHA,..
Battle-related deaths (number of people),VC.BTL.DETH,Gibraltar,GIB,..
Battle-related deaths (number of people),VC.BTL.DETH,Greece,GRC,..
Battle-related deaths (number of people),VC.BTL.DETH,Greenland,GRL,..
Battle-related deaths (number of people),VC.BTL.DETH,Grenada,GRD,..
Battle-related deaths (number of people),VC.BTL.DETH,Guam,GUM,..
Battle-related deaths (number of people),VC.BTL.DETH,Guatemala,GTM,..
Battle-related deaths (number of people),VC.BTL.DETH,Guinea,GIN,..
Battle-related deaths (number of people),VC.BTL.DETH,Guinea-Bissau,GNB,..
Battle-related deaths (number of people),VC.BTL.DETH,Guyana,GUY,..
Battle-related deaths (number of people),VC.BTL.DETH,Haiti,HTI,..
Battle-related deaths (number of people),VC.BTL.DETH,Honduras,HND,..
Battle-related deaths (number of people),VC.BTL.DETH,"Hong Kong SAR, China",HKG,..
Battle-related deaths (number of people),VC.BTL.DETH,Hungary,HUN,..
Battle-related deaths (number of people),VC.BTL.DETH,Iceland,ISL,..
Battle-related deaths (number of people),VC.BTL.DETH,India,IND,584
Battle-related deaths (number of people),VC.BTL.DETH,Indonesia,IDN,..
Battle-related deaths (number of people),VC.BTL.DETH,"Iran, Islamic Rep.",IRN,204
Battle-related deaths (number of people),VC.BTL.DETH,Iraq,IRQ,858
Battle-related deaths (number of people),VC.BTL.DETH,Ireland,IRL,..
Battle-related deaths (number of people),VC.BTL.DETH,Isle of Man,IMN,..
Battle-related deaths (number of people),VC.BTL.DETH,Israel,ISR,..
Battle-related deaths (number of people),VC.BTL.DETH,Italy,ITA,..
Battle-related deaths (number of people),VC.BTL.DETH,Jamaica,JAM,..
Battle-related deaths (number of people),VC.BTL.DETH,Japan,JPN,..
Battle-related deaths (number of people),VC.BTL.DETH,Jordan,JOR,..
Battle-related deaths (number of people),VC.BTL.DETH,Kazakhstan,KAZ,..
Battle-related deaths (number of people),VC.BTL.DETH,Kenya,KEN,94
Battle-related deaths (number of people),VC.BTL.DETH,Kiribati,KIR,..
Battle-related deaths (number of people),VC.BTL.DETH,"Korea, Dem. People's Rep.",PRK,..
Battle-related deaths (number of people),VC.BTL.DETH,"Korea, Rep.",KOR,..
Battle-related deaths (number of people),VC.BTL.DETH,Kosovo,XKX,..
Battle-related deaths (number of people),VC.BTL.DETH,Kuwait,KWT,..
Battle-related deaths (number of people),VC.BTL.DETH,Kyrgyz Republic,KGZ,..
Battle-related deaths (number of people),VC.BTL.DETH,Lao PDR,LAO,..
Battle-related deaths (number of people),VC.BTL.DETH,Latvia,LVA,..
Battle-related deaths (number of people),VC.BTL.DETH,Lebanon,LBN,..
Battle-related deaths (number of people),VC.BTL.DETH,Lesotho,LSO,..
Battle-related deaths (number of people),VC.BTL.DETH,Liberia,LBR,..
Battle-related deaths (number of people),VC.BTL.DETH,Libya,LBY,668
Battle-related deaths (number of people),VC.BTL.DETH,Liechtenstein,LIE,..
Battle-related deaths (number of people),VC.BTL.DETH,Lithuania,LTU,..
Battle-related deaths (number of people),VC.BTL.DETH,Luxembourg,LUX,..
Battle-related deaths (number of people),VC.BTL.DETH,"Macao SAR, China",MAC,..
Battle-related deaths (number of people),VC.BTL.DETH,Madagascar,MDG,..
Battle-related deaths (number of people),VC.BTL.DETH,Malawi,MWI,..
Battle-related deaths (number of people),VC.BTL.DETH,Malaysia,MYS,..
Battle-related deaths (number of people),VC.BTL.DETH,Maldives,MDV,..
Battle-related deaths (number of people),VC.BTL.DETH,Mali,MLI,564
Battle-related deaths (number of people),VC.BTL.DETH,Malta,MLT,..
Battle-related deaths (number of people),VC.BTL.DETH,Marshall Islands,MHL,..
Battle-related deaths (number of people),VC.BTL.DETH,Mauritania,MRT,..
Battle-related deaths (number of people),VC.BTL.DETH,Mauritius,MUS,..
Battle-related deaths (number of people),VC.BTL.DETH,Mexico,MEX,..
Battle-related deaths (number of people),VC.BTL.DETH,"Micronesia, Fed. Sts.",FSM,..
Battle-related deaths (number of people),VC.BTL.DETH,Moldova,MDA,..
Battle-related deaths (number of people),VC.BTL.DETH,Monaco,MCO,..
Battle-related deaths (number of people),VC.BTL.DETH,Mongolia,MNG,..
Battle-related deaths (number of people),VC.BTL.DETH,Montenegro,MNE,..
Battle-related deaths (number of people),VC.BTL.DETH,Morocco,MAR,..
Battle-related deaths (number of people),VC.BTL.DETH,Mozambique,MOZ,924
Battle-related deaths (number of people),VC.BTL.DETH,Myanmar,MMR,158
Battle-related deaths (number of people),VC.BTL.DETH,Namibia,NAM,..
Battle-related deaths (number of people),VC.BTL.DETH,Nauru,NRU,..
Battle-related deaths (number of people),VC.BTL.DETH,Nepal,NPL,..
Battle-related deaths (number of people),VC.BTL.DETH,Netherlands,NLD,..
Battle-related deaths (number of people),VC.BTL.DETH,New Caledonia,NCL,..
Battle-related deaths (number of people),VC.BTL.DETH,New Zealand,NZL,..
Battle-related deaths (number of people),VC.BTL.DETH,Nicaragua,NIC,..
Battle-related deaths (number of people),VC.BTL.DETH,Niger,NER,512
Battle-related deaths (number of people),VC.BTL.DETH,Nigeria,NGA,1997
Battle-related deaths (number of people),VC.BTL.DETH,North Macedonia,MKD,..
Battle-related deaths (number of people),VC.BTL.DETH,Northern Mariana Islands,MNP,..
Battle-related deaths (number of people),VC.BTL.DETH,Norway,NOR,..
Battle-related deaths (number of people),VC.BTL.DETH,Oman,OMN,..
Battle-related deaths (number of people),VC.BTL.DETH,Pakistan,PAK,373
Battle-related deaths (number of people),VC.BTL.DETH,Palau,PLW,..
Battle-related deaths (number of people),VC.BTL.DETH,Panama,PAN,..
Battle-related deaths (number of people),VC.BTL.DETH,Papua New Guinea,PNG,..
Battle-related deaths (number of people),VC.BTL.DETH,Paraguay,PRY,..
Battle-related deaths (number of people),VC.BTL.DETH,Peru,PER,5
Battle-related deaths (number of people),VC.BTL.DETH,Philippines,PHL,348
Battle-related deaths (number of people),VC.BTL.DETH,Poland,POL,..
Battle-related deaths (number of people),VC.BTL.DETH,Portugal,PRT,..
Battle-related deaths (number of people),VC.BTL.DETH,Puerto Rico,PRI,..
Battle-related deaths (number of people),VC.BTL.DETH,Qatar,QAT,..
Battle-related deaths (number of people),VC.BTL.DETH,Romania,ROU,..
Battle-related deaths (number of people),VC.BTL.DETH,Russian Federation,RUS,32
Battle-related deaths (number of people),VC.BTL.DETH,Rwanda,RWA,..
Battle-related deaths (number of people),VC.BTL.DETH,Samoa,WSM,..
Battle-related deaths (number of people),VC.BTL.DETH,San Marino,SMR,..
Battle-related deaths (number of people),VC.BTL.DETH,Sao Tome and Principe,STP,..
Battle-related deaths (number of people),VC.BTL.DETH,Saudi Arabia,SAU,0
Battle-related deaths (number of people),VC.BTL.DETH,Senegal,SEN,..
Battle-related deaths (number of people),VC.BTL.DETH,Serbia,SRB,..
Battle-related deaths (number of people),VC.BTL.DETH,Seychelles,SYC,..
Battle-related deaths (number of people),VC.BTL.DETH,Sierra Leone,SLE,..
Battle-related deaths (number of people),VC.BTL.DETH,Singapore,SGP,..
Battle-related deaths (number of people),VC.BTL.DETH,Sint Maarten (Dutch part),SXM,..
Battle-related deaths (number of people),VC.BTL.DETH,Slovak Republic,SVK,..
Battle-related deaths (number of people),VC.BTL.DETH,Slovenia,SVN,..
Battle-related deaths (number of people),VC.BTL.DETH,Solomon Islands,SLB,..
Battle-related deaths (number of people),VC.BTL.DETH,Somalia,SOM,1942
Battle-related deaths (number of people),VC.BTL.DETH,South Africa,ZAF,..
Battle-related deaths (number of people),VC.BTL.DETH,South Sudan,SSD,58
Battle-related deaths (number of people),VC.BTL.DETH,Spain,ESP,..
Battle-related deaths (number of people),VC.BTL.DETH,Sri Lanka,LKA,..
Battle-related deaths (number of people),VC.BTL.DETH,St. Kitts and Nevis,KNA,..
Battle-related deaths (number of people),VC.BTL.DETH,St. Lucia,LCA,..
Battle-related deaths (number of people),VC.BTL.DETH,St. Martin (French part),MAF,..
Battle-related deaths (number of people),VC.BTL.DETH,St. Vincent and the Grenadines,VCT,..
Battle-related deaths (number of people),VC.BTL.DETH,Sudan,SDN,45
Battle-related deaths (number of people),VC.BTL.DETH,Suriname,SUR,..
Battle-related deaths (number of people),VC.BTL.DETH,Sweden,SWE,..
Battle-related deaths (number of people),VC.BTL.DETH,Switzerland,CHE,..
Battle-related deaths (number of people),VC.BTL.DETH,Syrian Arab Republic,SYR,4862
Battle-related deaths (number of people),VC.BTL.DETH,Tajikistan,TJK,..
Battle-related deaths (number of people),VC.BTL.DETH,Tanzania,TZA,25
Battle-related deaths (number of people),VC.BTL.DETH,Thailand,THA,48
Battle-related deaths (number of people),VC.BTL.DETH,Timor-Leste,TLS,..
Battle-related deaths (number of people),VC.BTL.DETH,Togo,TGO,..
Battle-related deaths (number of people),VC.BTL.DETH,Tonga,TON,..
Battle-related deaths (number of people),VC.BTL.DETH,Trinidad and Tobago,TTO,..
Battle-related deaths (number of people),VC.BTL.DETH,Tunisia,TUN,..
Battle-related deaths (number of people),VC.BTL.DETH,Turkey,TUR,190
Battle-related deaths (number of people),VC.BTL.DETH,Turkmenistan,TKM,..
Battle-related deaths (number of people),VC.BTL.DETH,Turks and Caicos Islands,TCA,..
Battle-related deaths (number of people),VC.BTL.DETH,Tuvalu,TUV,..
Battle-related deaths (number of people),VC.BTL.DETH,Uganda,UGA,..
Battle-related deaths (number of people),VC.BTL.DETH,Ukraine,UKR,195
Battle-related deaths (number of people),VC.BTL.DETH,United Arab Emirates,ARE,..
Battle-related deaths (number of people),VC.BTL.DETH,United Kingdom,GBR,..
Battle-related deaths (number of people),VC.BTL.DETH,United States,USA,..
Battle-related deaths (number of people),VC.BTL.DETH,Uruguay,URY,..
Battle-related deaths (number of people),VC.BTL.DETH,Uzbekistan,UZB,..
Battle-related deaths (number of people),VC.BTL.DETH,Vanuatu,VUT,..
Battle-related deaths (number of people),VC.BTL.DETH,"Venezuela, RB",VEN,..
Battle-related deaths (number of people),VC.BTL.DETH,Vietnam,VNM,..
Battle-related deaths (number of people),VC.BTL.DETH,Virgin Islands (U.S.),VIR,..
Battle-related deaths (number of people),VC.BTL.DETH,West Bank and Gaza,PSE,..
Battle-related deaths (number of people),VC.BTL.DETH,"Yemen, Rep.",YEM,2363
Battle-related deaths (number of people),VC.BTL.DETH,Zambia,ZMB,..
Battle-related deaths (number of people),VC.BTL.DETH,Zimbabwe,ZWE,..
Battle-related deaths (number of people),VC.BTL.DETH,Africa Eastern and Southern,AFE,5664
Battle-related deaths (number of people),VC.BTL.DETH,Africa Western and Central,AFW,4264
Battle-related deaths (number of people),VC.BTL.DETH,Arab World,ARB,11090
Battle-related deaths (number of people),VC.BTL.DETH,Caribbean small states,CSS,..
Battle-related deaths (number of people),VC.BTL.DETH,Central Europe and the Baltics,CEB,..
Battle-related deaths (number of people),VC.BTL.DETH,Early-demographic dividend,EAR,11452
Battle-related deaths (number of people),VC.BTL.DETH,East Asia & Pacific,EAS,..
Battle-related deaths (number of people),VC.BTL.DETH,East Asia & Pacific (excluding high income),EAP,..
Battle-related deaths (number of people),VC.BTL.DETH,East Asia & Pacific (IDA & IBRD countries),TEA,..
Battle-related deaths (number of people),VC.BTL.DETH,Euro area,EMU,..
Battle-related deaths (number of people),VC.BTL.DETH,Europe & Central Asia,ECS,..
Battle-related deaths (number of people),VC.BTL.DETH,Europe & Central Asia (excluding high income),ECA,8050
Battle-related deaths (number of people),VC.BTL.DETH,Europe & Central Asia (IDA & IBRD countries),TEC,..
Battle-related deaths (number of people),VC.BTL.DETH,European Union,EUU,..
Battle-related deaths (number of people),VC.BTL.DETH,Fragile and conflict affected situations,FCS,46803
Battle-related deaths (number of people),VC.BTL.DETH,Heavily indebted poor countries (HIPC),HPC,..
Battle-related deaths (number of people),VC.BTL.DETH,High income,HIC,..
Battle-related deaths (number of people),VC.BTL.DETH,IBRD only,IBD,..
Battle-related deaths (number of people),VC.BTL.DETH,IDA & IBRD total,IBT,..
Battle-related deaths (number of people),VC.BTL.DETH,IDA blend,IDB,2893
Battle-related deaths (number of people),VC.BTL.DETH,IDA only,IDX,35245
Battle-related deaths (number of people),VC.BTL.DETH,IDA total,IDA,38138
Battle-related deaths (number of people),VC.BTL.DETH,Late-demographic dividend,LTE,..
Battle-related deaths (number of people),VC.BTL.DETH,Latin America & Caribbean,LCN,..
Battle-related deaths (number of people),VC.BTL.DETH,Latin America & Caribbean (excluding high income),LAC,..
Battle-related deaths (number of people),VC.BTL.DETH,Latin America & the Caribbean (IDA & IBRD countries),TLA,..
Battle-related deaths (number of people),VC.BTL.DETH,Least developed countries: UN classification,LDC,30404
Battle-related deaths (number of people),VC.BTL.DETH,Low & middle income,LMY,..
Battle-related deaths (number of people),VC.BTL.DETH,Low income,LIC,35060
Battle-related deaths (number of people),VC.BTL.DETH,Lower middle income,LMC,4782
Battle-related deaths (number of people),VC.BTL.DETH,Middle East & North Africa,MEA,9307
Battle-related deaths (number of people),VC.BTL.DETH,Middle East & North Africa (excluding high income),MNA,9307
Battle-related deaths (number of people),VC.BTL.DETH,Middle East & North Africa (IDA & IBRD countries),TMN,9307
Battle-related deaths (number of people),VC.BTL.DETH,Middle income,MIC,..
Battle-related deaths (number of people),VC.BTL.DETH,North America,NAC,..
Battle-related deaths (number of people),VC.BTL.DETH,Not classified,INX,..
Battle-related deaths (number of people),VC.BTL.DETH,OECD members,OED,..
Battle-related deaths (number of people),VC.BTL.DETH,Other small states,OSS,..
Battle-related deaths (number of people),VC.BTL.DETH,Pacific island small states,PSS,..
Battle-related deaths (number of people),VC.BTL.DETH,Post-demographic dividend,PST,..
Battle-related deaths (number of people),VC.BTL.DETH,Pre-demographic dividend,PRE,29916
Battle-related deaths (number of people),VC.BTL.DETH,Small states,SST,..
Battle-related deaths (number of people),VC.BTL.DETH,South Asia,SAS,21432
Battle-related deaths (number of people),VC.BTL.DETH,South Asia (IDA & IBRD),TSA,21432
Battle-related deaths (number of people),VC.BTL.DETH,Sub-Saharan Africa,SSF,9928
Battle-related deaths (number of people),VC.BTL.DETH,Sub-Saharan Africa (excluding high income),SSA,9928
Battle-related deaths (number of people),VC.BTL.DETH,Sub-Saharan Africa (IDA & IBRD countries),TSS,9928
Battle-related deaths (number of people),VC.BTL.DETH,Upper middle income,UMC,..
Battle-related deaths (number of people),VC.BTL.DETH,World,WLD,..
"Intentional homicides (per 100,000 people)",VC.IHR.PSRC.P5,Afghanistan,AFG,..
"Intentional homicides (per 100,000 people)",VC.IHR.PSRC.P5,Albania,ALB,..
"Intentional homicides (per 100,000 people)",VC.IHR.PSRC.P5,Algeria,DZA,..
"Intentional homicides (per 100,000 people)",VC.IHR.PSRC.P5,American Samoa,ASM,..
"Intentional homicides (per 100,000 people)",VC.IHR.PSRC.P5,Andorra,AND,..
"Intentional homicides (per 100,000 people)",VC.IHR.PSRC.P5,Angola,AGO,..
"Intentional homicides (per 100,000 people)",VC.IHR.PSRC.P5,Antigua and Barbuda,ATG,..
"Intentional homicides (per 100,000 people)",VC.IHR.PSRC.P5,Argentina,ARG,..
"Intentional homicides (per 100,000 people)",VC.IHR.PSRC.P5,Armenia,ARM,..
"Intentional homicides (per 100,000 people)",VC.IHR.PSRC.P5,Aruba,ABW,..
"Intentional homicides (per 100,000 people)",VC.IHR.PSRC.P5,Australia,AUS,..
"Intentional homicides (per 100,000 people)",VC.IHR.PSRC.P5,Austria,AUT,..
"Intentional homicides (per 100,000 people)",VC.IHR.PSRC.P5,Azerbaijan,AZE,..
"Intentional homicides (per 100,000 people)",VC.IHR.PSRC.P5,"Bahamas, The",BHS,..
"Intentional homicides (per 100,000 people)",VC.IHR.PSRC.P5,Bahrain,BHR,..
"Intentional homicides (per 100,000 people)",VC.IHR.PSRC.P5,Bangladesh,BGD,..
"Intentional homicides (per 100,000 people)",VC.IHR.PSRC.P5,Barbados,BRB,..
"Intentional homicides (per 100,000 people)",VC.IHR.PSRC.P5,Belarus,BLR,..
"Intentional homicides (per 100,000 people)",VC.IHR.PSRC.P5,Belgium,BEL,..
"Intentional homicides (per 100,000 people)",VC.IHR.PSRC.P5,Belize,BLZ,..
"Intentional homicides (per 100,000 people)",VC.IHR.PSRC.P5,Benin,BEN,..
"Intentional homicides (per 100,000 people)",VC.IHR.PSRC.P5,Bermuda,BMU,..
"Intentional homicides (per 100,000 people)",VC.IHR.PSRC.P5,Bhutan,BTN,..
"Intentional homicides (per 100,000 people)",VC.IHR.PSRC.P5,Bolivia,BOL,..
"Intentional homicides (per 100,000 people)",VC.IHR.PSRC.P5,Bosnia and Herzegovina,BIH,..
"Intentional homicides (per 100,000 people)",VC.IHR.PSRC.P5,Botswana,BWA,..
"Intentional homicides (per 100,000 people)",VC.IHR.PSRC.P5,Brazil,BRA,..
"Intentional homicides (per 100,000 people)",VC.IHR.PSRC.P5,British Virgin Islands,VGB,..
"Intentional homicides (per 100,000 people)",VC.IHR.PSRC.P5,Brunei Darussalam,BRN,..
"Intentional homicides (per 100,000 people)",VC.IHR.PSRC.P5,Bulgaria,BGR,..
"Intentional homicides (per 100,000 people)",VC.IHR.PSRC.P5,Burkina Faso,BFA,..
"Intentional homicides (per 100,000 people)",VC.IHR.PSRC.P5,Burundi,BDI,..
"Intentional homicides (per 100,000 people)",VC.IHR.PSRC.P5,Cabo Verde,CPV,..
"Intentional homicides (per 100,000 people)",VC.IHR.PSRC.P5,Cambodia,KHM,..
"Intentional homicides (per 100,000 people)",VC.IHR.PSRC.P5,Cameroon,CMR,..
"Intentional homicides (per 100,000 people)",VC.IHR.PSRC.P5,Canada,CAN,..
"Intentional homicides (per 100,000 people)",VC.IHR.PSRC.P5,Cayman Islands,CYM,..
"Intentional homicides (per 100,000 people)",VC.IHR.PSRC.P5,Central African Republic,CAF,..
"Intentional homicides (per 100,000 people)",VC.IHR.PSRC.P5,Chad,TCD,..
"Intentional homicides (per 100,000 people)",VC.IHR.PSRC.P5,Channel Islands,CHI,..
"Intentional homicides (per 100,000 people)",VC.IHR.PSRC.P5,Chile,CHL,..
"Intentional homicides (per 100,000 people)",VC.IHR.PSRC.P5,China,CHN,..
"Intentional homicides (per 100,000 people)",VC.IHR.PSRC.P5,Colombia,COL,..
"Intentional homicides (per 100,000 people)",VC.IHR.PSRC.P5,Comoros,COM,..
"Intentional homicides (per 100,000 people)",VC.IHR.PSRC.P5,"Congo, Dem. Rep.",COD,..
"Intentional homicides (per 100,000 people)",VC.IHR.PSRC.P5,"Congo, Rep.",COG,..
"Intentional homicides (per 100,000 people)",VC.IHR.PSRC.P5,Costa Rica,CRI,..
"Intentional homicides (per 100,000 people)",VC.IHR.PSRC.P5,Cote d'Ivoire,CIV,..
"Intentional homicides (per 100,000 people)",VC.IHR.PSRC.P5,Croatia,HRV,..
"Intentional homicides (per 100,000 people)",VC.IHR.PSRC.P5,Cuba,CUB,..
"Intentional homicides (per 100,000 people)",VC.IHR.PSRC.P5,Curacao,CUW,..
"Intentional homicides (per 100,000 people)",VC.IHR.PSRC.P5,Cyprus,CYP,..
"Intentional homicides (per 100,000 people)",VC.IHR.PSRC.P5,Czech Republic,CZE,..
"Intentional homicides (per 100,000 people)",VC.IHR.PSRC.P5,Denmark,DNK,..
"Intentional homicides (per 100,000 people)",VC.IHR.PSRC.P5,Djibouti,DJI,..
"Intentional homicides (per 100,000 people)",VC.IHR.PSRC.P5,Dominica,DMA,..
"Intentional homicides (per 100,000 people)",VC.IHR.PSRC.P5,Dominican Republic,DOM,..
"Intentional homicides (per 100,000 people)",VC.IHR.PSRC.P5,Ecuador,ECU,..
"Intentional homicides (per 100,000 people)",VC.IHR.PSRC.P5,"Egypt, Arab Rep.",EGY,..
"Intentional homicides (per 100,000 people)",VC.IHR.PSRC.P5,El Salvador,SLV,..
"Intentional homicides (per 100,000 people)",VC.IHR.PSRC.P5,Equatorial Guinea,GNQ,..
"Intentional homicides (per 100,000 people)",VC.IHR.PSRC.P5,Eritrea,ERI,..
"Intentional homicides (per 100,000 people)",VC.IHR.PSRC.P5,Estonia,EST,..
"Intentional homicides (per 100,000 people)",VC.IHR.PSRC.P5,Eswatini,SWZ,..
"Intentional homicides (per 100,000 people)",VC.IHR.PSRC.P5,Ethiopia,ETH,..
"Intentional homicides (per 100,000 people)",VC.IHR.PSRC.P5,Faroe Islands,FRO,..
"Intentional homicides (per 100,000 people)",VC.IHR.PSRC.P5,Fiji,FJI,..
"Intentional homicides (per 100,000 people)",VC.IHR.PSRC.P5,Finland,FIN,..
"Intentional homicides (per 100,000 people)",VC.IHR.PSRC.P5,France,FRA,..
"Intentional homicides (per 100,000 people)",VC.IHR.PSRC.P5,French Polynesia,PYF,..
"Intentional homicides (per 100,000 people)",VC.IHR.PSRC.P5,Gabon,GAB,..
"Intentional homicides (per 100,000 people)",VC.IHR.PSRC.P5,"Gambia, The",GMB,..
"Intentional homicides (per 100,000 people)",VC.IHR.PSRC.P5,Georgia,GEO,..
"Intentional homicides (per 100,000 people)",VC.IHR.PSRC.P5,Germany,DEU,..
"Intentional homicides (per 100,000 people)",VC.IHR.PSRC.P5,Ghana,GHA,..
"Intentional homicides (per 100,000 people)",VC.IHR.PSRC.P5,Gibraltar,GIB,..
"Intentional homicides (per 100,000 people)",VC.IHR.PSRC.P5,Greece,GRC,..
"Intentional homicides (per 100,000 people)",VC.IHR.PSRC.P5,Greenland,GRL,..
"Intentional homicides (per 100,000 people)",VC.IHR.PSRC.P5,Grenada,GRD,..
"Intentional homicides (per 100,000 people)",VC.IHR.PSRC.P5,Guam,GUM,..
"Intentional homicides (per 100,000 people)",VC.IHR.PSRC.P5,Guatemala,GTM,..
"Intentional homicides (per 100,000 people)",VC.IHR.PSRC.P5,Guinea,GIN,..
"Intentional homicides (per 100,000 people)",VC.IHR.PSRC.P5,Guinea-Bissau,GNB,..
"Intentional homicides (per 100,000 people)",VC.IHR.PSRC.P5,Guyana,GUY,..
"Intentional homicides (per 100,000 people)",VC.IHR.PSRC.P5,Haiti,HTI,..
"Intentional homicides (per 100,000 people)",VC.IHR.PSRC.P5,Honduras,HND,..
"Intentional homicides (per 100,000 people)",VC.IHR.PSRC.P5,"Hong Kong SAR, China",HKG,..
"Intentional homicides (per 100,000 people)",VC.IHR.PSRC.P5,Hungary,HUN,..
"Intentional homicides (per 100,000 people)",VC.IHR.PSRC.P5,Iceland,ISL,..
"Intentional homicides (per 100,000 people)",VC.IHR.PSRC.P5,India,IND,..
"Intentional homicides (per 100,000 people)",VC.IHR.PSRC.P5,Indonesia,IDN,..
"Intentional homicides (per 100,000 people)",VC.IHR.PSRC.P5,"Iran, Islamic Rep.",IRN,..
"Intentional homicides (per 100,000 people)",VC.IHR.PSRC.P5,Iraq,IRQ,..
"Intentional homicides (per 100,000 people)",VC.IHR.PSRC.P5,Ireland,IRL,..
"Intentional homicides (per 100,000 people)",VC.IHR.PSRC.P5,Isle of Man,IMN,..
"Intentional homicides (per 100,000 people)",VC.IHR.PSRC.P5,Israel,ISR,..
"Intentional homicides (per 100,000 people)",VC.IHR.PSRC.P5,Italy,ITA,..
"Intentional homicides (per 100,000 people)",VC.IHR.PSRC.P5,Jamaica,JAM,..
"Intentional homicides (per 100,000 people)",VC.IHR.PSRC.P5,Japan,JPN,..
"Intentional homicides (per 100,000 people)",VC.IHR.PSRC.P5,Jordan,JOR,..
"Intentional homicides (per 100,000 people)",VC.IHR.PSRC.P5,Kazakhstan,KAZ,..
"Intentional homicides (per 100,000 people)",VC.IHR.PSRC.P5,Kenya,KEN,..
"Intentional homicides (per 100,000 people)",VC.IHR.PSRC.P5,Kiribati,KIR,..
"Intentional homicides (per 100,000 people)",VC.IHR.PSRC.P5,"Korea, Dem. People's Rep.",PRK,..
"Intentional homicides (per 100,000 people)",VC.IHR.PSRC.P5,"Korea, Rep.",KOR,..
"Intentional homicides (per 100,000 people)",VC.IHR.PSRC.P5,Kosovo,XKX,..
"Intentional homicides (per 100,000 people)",VC.IHR.PSRC.P5,Kuwait,KWT,..
"Intentional homicides (per 100,000 people)",VC.IHR.PSRC.P5,Kyrgyz Republic,KGZ,..
"Intentional homicides (per 100,000 people)",VC.IHR.PSRC.P5,Lao PDR,LAO,..
"Intentional homicides (per 100,000 people)",VC.IHR.PSRC.P5,Latvia,LVA,..
"Intentional homicides (per 100,000 people)",VC.IHR.PSRC.P5,Lebanon,LBN,..
"Intentional homicides (per 100,000 people)",VC.IHR.PSRC.P5,Lesotho,LSO,..
"Intentional homicides (per 100,000 people)",VC.IHR.PSRC.P5,Liberia,LBR,..
"Intentional homicides (per 100,000 people)",VC.IHR.PSRC.P5,Libya,LBY,..
"Intentional homicides (per 100,000 people)",VC.IHR.PSRC.P5,Liechtenstein,LIE,..
"Intentional homicides (per 100,000 people)",VC.IHR.PSRC.P5,Lithuania,LTU,..
"Intentional homicides (per 100,000 people)",VC.IHR.PSRC.P5,Luxembourg,LUX,..
"Intentional homicides (per 100,000 people)",VC.IHR.PSRC.P5,"Macao SAR, China",MAC,..
"Intentional homicides (per 100,000 people)",VC.IHR.PSRC.P5,Madagascar,MDG,..
"Intentional homicides (per 100,000 people)",VC.IHR.PSRC.P5,Malawi,MWI,..
"Intentional homicides (per 100,000 people)",VC.IHR.PSRC.P5,Malaysia,MYS,..
"Intentional homicides (per 100,000 people)",VC.IHR.PSRC.P5,Maldives,MDV,..
"Intentional homicides (per 100,000 people)",VC.IHR.PSRC.P5,Mali,MLI,..
"Intentional homicides (per 100,000 people)",VC.IHR.PSRC.P5,Malta,MLT,..
"Intentional homicides (per 100,000 people)",VC.IHR.PSRC.P5,Marshall Islands,MHL,..
"Intentional homicides (per 100,000 people)",VC.IHR.PSRC.P5,Mauritania,MRT,..
"Intentional homicides (per 100,000 people)",VC.IHR.PSRC.P5,Mauritius,MUS,..
"Intentional homicides (per 100,000 people)",VC.IHR.PSRC.P5,Mexico,MEX,..
"Intentional homicides (per 100,000 people)",VC.IHR.PSRC.P5,"Micronesia, Fed. Sts.",FSM,..
"Intentional homicides (per 100,000 people)",VC.IHR.PSRC.P5,Moldova,MDA,..
"Intentional homicides (per 100,000 people)",VC.IHR.PSRC.P5,Monaco,MCO,..
"Intentional homicides (per 100,000 people)",VC.IHR.PSRC.P5,Mongolia,MNG,..
"Intentional homicides (per 100,000 people)",VC.IHR.PSRC.P5,Montenegro,MNE,..
"Intentional homicides (per 100,000 people)",VC.IHR.PSRC.P5,Morocco,MAR,..
"Intentional homicides (per 100,000 people)",VC.IHR.PSRC.P5,Mozambique,MOZ,..
"Intentional homicides (per 100,000 people)",VC.IHR.PSRC.P5,Myanmar,MMR,..
"Intentional homicides (per 100,000 people)",VC.IHR.PSRC.P5,Namibia,NAM,..
"Intentional homicides (per 100,000 people)",VC.IHR.PSRC.P5,Nauru,NRU,..
"Intentional homicides (per 100,000 people)",VC.IHR.PSRC.P5,Nepal,NPL,..
"Intentional homicides (per 100,000 people)",VC.IHR.PSRC.P5,Netherlands,NLD,..
"Intentional homicides (per 100,000 people)",VC.IHR.PSRC.P5,New Caledonia,NCL,..
"Intentional homicides (per 100,000 people)",VC.IHR.PSRC.P5,New Zealand,NZL,..
"Intentional homicides (per 100,000 people)",VC.IHR.PSRC.P5,Nicaragua,NIC,..
"Intentional homicides (per 100,000 people)",VC.IHR.PSRC.P5,Niger,NER,..
"Intentional homicides (per 100,000 people)",VC.IHR.PSRC.P5,Nigeria,NGA,..
"Intentional homicides (per 100,000 people)",VC.IHR.PSRC.P5,North Macedonia,MKD,..
"Intentional homicides (per 100,000 people)",VC.IHR.PSRC.P5,Northern Mariana Islands,MNP,..
"Intentional homicides (per 100,000 people)",VC.IHR.PSRC.P5,Norway,NOR,..
"Intentional homicides (per 100,000 people)",VC.IHR.PSRC.P5,Oman,OMN,..
"Intentional homicides (per 100,000 people)",VC.IHR.PSRC.P5,Pakistan,PAK,..
"Intentional homicides (per 100,000 people)",VC.IHR.PSRC.P5,Palau,PLW,..
"Intentional homicides (per 100,000 people)",VC.IHR.PSRC.P5,Panama,PAN,..
"Intentional homicides (per 100,000 people)",VC.IHR.PSRC.P5,Papua New Guinea,PNG,..
"Intentional homicides (per 100,000 people)",VC.IHR.PSRC.P5,Paraguay,PRY,..
"Intentional homicides (per 100,000 people)",VC.IHR.PSRC.P5,Peru,PER,..
"Intentional homicides (per 100,000 people)",VC.IHR.PSRC.P5,Philippines,PHL,..
"Intentional homicides (per 100,000 people)",VC.IHR.PSRC.P5,Poland,POL,..
"Intentional homicides (per 100,000 people)",VC.IHR.PSRC.P5,Portugal,PRT,..
"Intentional homicides (per 100,000 people)",VC.IHR.PSRC.P5,Puerto Rico,PRI,..
"Intentional homicides (per 100,000 people)",VC.IHR.PSRC.P5,Qatar,QAT,..
"Intentional homicides (per 100,000 people)",VC.IHR.PSRC.P5,Romania,ROU,..
"Intentional homicides (per 100,000 people)",VC.IHR.PSRC.P5,Russian Federation,RUS,..
"Intentional homicides (per 100,000 people)",VC.IHR.PSRC.P5,Rwanda,RWA,..
"Intentional homicides (per 100,000 people)",VC.IHR.PSRC.P5,Samoa,WSM,..
"Intentional homicides (per 100,000 people)",VC.IHR.PSRC.P5,San Marino,SMR,..
"Intentional homicides (per 100,000 people)",VC.IHR.PSRC.P5,Sao Tome and Principe,STP,..
"Intentional homicides (per 100,000 people)",VC.IHR.PSRC.P5,Saudi Arabia,SAU,..
"Intentional homicides (per 100,000 people)",VC.IHR.PSRC.P5,Senegal,SEN,..
"Intentional homicides (per 100,000 people)",VC.IHR.PSRC.P5,Serbia,SRB,..
"Intentional homicides (per 100,000 people)",VC.IHR.PSRC.P5,Seychelles,SYC,..
"Intentional homicides (per 100,000 people)",VC.IHR.PSRC.P5,Sierra Leone,SLE,..
"Intentional homicides (per 100,000 people)",VC.IHR.PSRC.P5,Singapore,SGP,..
"Intentional homicides (per 100,000 people)",VC.IHR.PSRC.P5,Sint Maarten (Dutch part),SXM,..
"Intentional homicides (per 100,000 people)",VC.IHR.PSRC.P5,Slovak Republic,SVK,..
"Intentional homicides (per 100,000 people)",VC.IHR.PSRC.P5,Slovenia,SVN,..
"Intentional homicides (per 100,000 people)",VC.IHR.PSRC.P5,Solomon Islands,SLB,..
"Intentional homicides (per 100,000 people)",VC.IHR.PSRC.P5,Somalia,SOM,..
"Intentional homicides (per 100,000 people)",VC.IHR.PSRC.P5,South Africa,ZAF,..
"Intentional homicides (per 100,000 people)",VC.IHR.PSRC.P5,South Sudan,SSD,..
"Intentional homicides (per 100,000 people)",VC.IHR.PSRC.P5,Spain,ESP,..
"Intentional homicides (per 100,000 people)",VC.IHR.PSRC.P5,Sri Lanka,LKA,..
"Intentional homicides (per 100,000 people)",VC.IHR.PSRC.P5,St. Kitts and Nevis,KNA,..
"Intentional homicides (per 100,000 people)",VC.IHR.PSRC.P5,St. Lucia,LCA,..
"Intentional homicides (per 100,000 people)",VC.IHR.PSRC.P5,St. Martin (French part),MAF,..
"Intentional homicides (per 100,000 people)",VC.IHR.PSRC.P5,St. Vincent and the Grenadines,VCT,..
"Intentional homicides (per 100,000 people)",VC.IHR.PSRC.P5,Sudan,SDN,..
"Intentional homicides (per 100,000 people)",VC.IHR.PSRC.P5,Suriname,SUR,..
"Intentional homicides (per 100,000 people)",VC.IHR.PSRC.P5,Sweden,SWE,..
"Intentional homicides (per 100,000 people)",VC.IHR.PSRC.P5,Switzerland,CHE,..
"Intentional homicides (per 100,000 people)",VC.IHR.PSRC.P5,Syrian Arab Republic,SYR,..
"Intentional homicides (per 100,000 people)",VC.IHR.PSRC.P5,Tajikistan,TJK,..
"Intentional homicides (per 100,000 people)",VC.IHR.PSRC.P5,Tanzania,TZA,..
"Intentional homicides (per 100,000 people)",VC.IHR.PSRC.P5,Thailand,THA,..
"Intentional homicides (per 100,000 people)",VC.IHR.PSRC.P5,Timor-Leste,TLS,..
"Intentional homicides (per 100,000 people)",VC.IHR.PSRC.P5,Togo,TGO,..
"Intentional homicides (per 100,000 people)",VC.IHR.PSRC.P5,Tonga,TON,..
"Intentional homicides (per 100,000 people)",VC.IHR.PSRC.P5,Trinidad and Tobago,TTO,..
"Intentional homicides (per 100,000 people)",VC.IHR.PSRC.P5,Tunisia,TUN,..
"Intentional homicides (per 100,000 people)",VC.IHR.PSRC.P5,Turkey,TUR,..
"Intentional homicides (per 100,000 people)",VC.IHR.PSRC.P5,Turkmenistan,TKM,..
"Intentional homicides (per 100,000 people)",VC.IHR.PSRC.P5,Turks and Caicos Islands,TCA,..
"Intentional homicides (per 100,000 people)",VC.IHR.PSRC.P5,Tuvalu,TUV,..
"Intentional homicides (per 100,000 people)",VC.IHR.PSRC.P5,Uganda,UGA,..
"Intentional homicides (per 100,000 people)",VC.IHR.PSRC.P5,Ukraine,UKR,..
"Intentional homicides (per 100,000 people)",VC.IHR.PSRC.P5,United Arab Emirates,ARE,..
"Intentional homicides (per 100,000 people)",VC.IHR.PSRC.P5,United Kingdom,GBR,..
"Intentional homicides (per 100,000 people)",VC.IHR.PSRC.P5,United States,USA,..
"Intentional homicides (per 100,000 people)",VC.IHR.PSRC.P5,Uruguay,URY,..
"Intentional homicides (per 100,000 people)",VC.IHR.PSRC.P5,Uzbekistan,UZB,..
"Intentional homicides (per 100,000 people)",VC.IHR.PSRC.P5,Vanuatu,VUT,..
"Intentional homicides (per 100,000 people)",VC.IHR.PSRC.P5,"Venezuela, RB",VEN,..
"Intentional homicides (per 100,000 people)",VC.IHR.PSRC.P5,Vietnam,VNM,..
"Intentional homicides (per 100,000 people)",VC.IHR.PSRC.P5,Virgin Islands (U.S.),VIR,..
"Intentional homicides (per 100,000 people)",VC.IHR.PSRC.P5,West Bank and Gaza,PSE,..
"Intentional homicides (per 100,000 people)",VC.IHR.PSRC.P5,"Yemen, Rep.",YEM,..
"Intentional homicides (per 100,000 people)",VC.IHR.PSRC.P5,Zambia,ZMB,..
"Intentional homicides (per 100,000 people)",VC.IHR.PSRC.P5,Zimbabwe,ZWE,..
"Intentional homicides (per 100,000 people)",VC.IHR.PSRC.P5,Africa Eastern and Southern,AFE,..
"Intentional homicides (per 100,000 people)",VC.IHR.PSRC.P5,Africa Western and Central,AFW,..
"Intentional homicides (per 100,000 people)",VC.IHR.PSRC.P5,Arab World,ARB,..
"Intentional homicides (per 100,000 people)",VC.IHR.PSRC.P5,Caribbean small states,CSS,..
"Intentional homicides (per 100,000 people)",VC.IHR.PSRC.P5,Central Europe and the Baltics,CEB,..
"Intentional homicides (per 100,000 people)",VC.IHR.PSRC.P5,Early-demographic dividend,EAR,..
"Intentional homicides (per 100,000 people)",VC.IHR.PSRC.P5,East Asia & Pacific,EAS,..
"Intentional homicides (per 100,000 people)",VC.IHR.PSRC.P5,East Asia & Pacific (excluding high income),EAP,..
"Intentional homicides (per 100,000 people)",VC.IHR.PSRC.P5,East Asia & Pacific (IDA & IBRD countries),TEA,..
"Intentional homicides (per 100,000 people)",VC.IHR.PSRC.P5,Euro area,EMU,..
"Intentional homicides (per 100,000 people)",VC.IHR.PSRC.P5,Europe & Central Asia,ECS,..
"Intentional homicides (per 100,000 people)",VC.IHR.PSRC.P5,Europe & Central Asia (excluding high income),ECA,..
"Intentional homicides (per 100,000 people)",VC.IHR.PSRC.P5,Europe & Central Asia (IDA & IBRD countries),TEC,..
"Intentional homicides (per 100,000 people)",VC.IHR.PSRC.P5,European Union,EUU,..
"Intentional homicides (per 100,000 people)",VC.IHR.PSRC.P5,Fragile and conflict affected situations,FCS,..
"Intentional homicides (per 100,000 people)",VC.IHR.PSRC.P5,Heavily indebted poor countries (HIPC),HPC,..
"Intentional homicides (per 100,000 people)",VC.IHR.PSRC.P5,High income,HIC,..
"Intentional homicides (per 100,000 people)",VC.IHR.PSRC.P5,IBRD only,IBD,..
"Intentional homicides (per 100,000 people)",VC.IHR.PSRC.P5,IDA & IBRD total,IBT,..
"Intentional homicides (per 100,000 people)",VC.IHR.PSRC.P5,IDA blend,IDB,..
"Intentional homicides (per 100,000 people)",VC.IHR.PSRC.P5,IDA only,IDX,..
"Intentional homicides (per 100,000 people)",VC.IHR.PSRC.P5,IDA total,IDA,..
"Intentional homicides (per 100,000 people)",VC.IHR.PSRC.P5,Late-demographic dividend,LTE,..
"Intentional homicides (per 100,000 people)",VC.IHR.PSRC.P5,Latin America & Caribbean,LCN,..
"Intentional homicides (per 100,000 people)",VC.IHR.PSRC.P5,Latin America & Caribbean (excluding high income),LAC,..
"Intentional homicides (per 100,000 people)",VC.IHR.PSRC.P5,Latin America & the Caribbean (IDA & IBRD countries),TLA,..
"Intentional homicides (per 100,000 people)",VC.IHR.PSRC.P5,Least developed countries: UN classification,LDC,..
"Intentional homicides (per 100,000 people)",VC.IHR.PSRC.P5,Low & middle income,LMY,..
"Intentional homicides (per 100,000 people)",VC.IHR.PSRC.P5,Low income,LIC,..
"Intentional homicides (per 100,000 people)",VC.IHR.PSRC.P5,Lower middle income,LMC,..
"Intentional homicides (per 100,000 people)",VC.IHR.PSRC.P5,Middle East & North Africa,MEA,..
"Intentional homicides (per 100,000 people)",VC.IHR.PSRC.P5,Middle East & North Africa (excluding high income),MNA,..
"Intentional homicides (per 100,000 people)",VC.IHR.PSRC.P5,Middle East & North Africa (IDA & IBRD countries),TMN,..
"Intentional homicides (per 100,000 people)",VC.IHR.PSRC.P5,Middle income,MIC,..
"Intentional homicides (per 100,000 people)",VC.IHR.PSRC.P5,North America,NAC,..
"Intentional homicides (per 100,000 people)",VC.IHR.PSRC.P5,Not classified,INX,..
"Intentional homicides (per 100,000 people)",VC.IHR.PSRC.P5,OECD members,OED,..
"Intentional homicides (per 100,000 people)",VC.IHR.PSRC.P5,Other small states,OSS,..
"Intentional homicides (per 100,000 people)",VC.IHR.PSRC.P5,Pacific island small states,PSS,..
"Intentional homicides (per 100,000 people)",VC.IHR.PSRC.P5,Post-demographic dividend,PST,..
"Intentional homicides (per 100,000 people)",VC.IHR.PSRC.P5,Pre-demographic dividend,PRE,..
"Intentional homicides (per 100,000 people)",VC.IHR.PSRC.P5,Small states,SST,..
"Intentional homicides (per 100,000 people)",VC.IHR.PSRC.P5,South Asia,SAS,..
"Intentional homicides (per 100,000 people)",VC.IHR.PSRC.P5,South Asia (IDA & IBRD),TSA,..
"Intentional homicides (per 100,000 people)",VC.IHR.PSRC.P5,Sub-Saharan Africa,SSF,..
"Intentional homicides (per 100,000 people)",VC.IHR.PSRC.P5,Sub-Saharan Africa (excluding high income),SSA,..
"Intentional homicides (per 100,000 people)",VC.IHR.PSRC.P5,Sub-Saharan Africa (IDA & IBRD countries),TSS,..
"Intentional homicides (per 100,000 people)",VC.IHR.PSRC.P5,Upper middle income,UMC,..
"Intentional homicides (per 100,000 people)",VC.IHR.PSRC.P5,World,WLD,..
"Intentional homicides, male (per 100,000 male)",VC.IHR.PSRC.MA.P5,Afghanistan,AFG,..
"Intentional homicides, male (per 100,000 male)",VC.IHR.PSRC.MA.P5,Albania,ALB,..
"Intentional homicides, male (per 100,000 male)",VC.IHR.PSRC.MA.P5,Algeria,DZA,..
"Intentional homicides, male (per 100,000 male)",VC.IHR.PSRC.MA.P5,American Samoa,ASM,..
"Intentional homicides, male (per 100,000 male)",VC.IHR.PSRC.MA.P5,Andorra,AND,..
"Intentional homicides, male (per 100,000 male)",VC.IHR.PSRC.MA.P5,Angola,AGO,..
"Intentional homicides, male (per 100,000 male)",VC.IHR.PSRC.MA.P5,Antigua and Barbuda,ATG,..
"Intentional homicides, male (per 100,000 male)",VC.IHR.PSRC.MA.P5,Argentina,ARG,..
"Intentional homicides, male (per 100,000 male)",VC.IHR.PSRC.MA.P5,Armenia,ARM,..
"Intentional homicides, male (per 100,000 male)",VC.IHR.PSRC.MA.P5,Aruba,ABW,..
"Intentional homicides, male (per 100,000 male)",VC.IHR.PSRC.MA.P5,Australia,AUS,..
"Intentional homicides, male (per 100,000 male)",VC.IHR.PSRC.MA.P5,Austria,AUT,..
"Intentional homicides, male (per 100,000 male)",VC.IHR.PSRC.MA.P5,Azerbaijan,AZE,..
"Intentional homicides, male (per 100,000 male)",VC.IHR.PSRC.MA.P5,"Bahamas, The",BHS,..
"Intentional homicides, male (per 100,000 male)",VC.IHR.PSRC.MA.P5,Bahrain,BHR,..
"Intentional homicides, male (per 100,000 male)",VC.IHR.PSRC.MA.P5,Bangladesh,BGD,..
"Intentional homicides, male (per 100,000 male)",VC.IHR.PSRC.MA.P5,Barbados,BRB,..
"Intentional homicides, male (per 100,000 male)",VC.IHR.PSRC.MA.P5,Belarus,BLR,..
"Intentional homicides, male (per 100,000 male)",VC.IHR.PSRC.MA.P5,Belgium,BEL,..
"Intentional homicides, male (per 100,000 male)",VC.IHR.PSRC.MA.P5,Belize,BLZ,..
"Intentional homicides, male (per 100,000 male)",VC.IHR.PSRC.MA.P5,Benin,BEN,..
"Intentional homicides, male (per 100,000 male)",VC.IHR.PSRC.MA.P5,Bermuda,BMU,..
"Intentional homicides, male (per 100,000 male)",VC.IHR.PSRC.MA.P5,Bhutan,BTN,..
"Intentional homicides, male (per 100,000 male)",VC.IHR.PSRC.MA.P5,Bolivia,BOL,..
"Intentional homicides, male (per 100,000 male)",VC.IHR.PSRC.MA.P5,Bosnia and Herzegovina,BIH,..
"Intentional homicides, male (per 100,000 male)",VC.IHR.PSRC.MA.P5,Botswana,BWA,..
"Intentional homicides, male (per 100,000 male)",VC.IHR.PSRC.MA.P5,Brazil,BRA,..
"Intentional homicides, male (per 100,000 male)",VC.IHR.PSRC.MA.P5,British Virgin Islands,VGB,..
"Intentional homicides, male (per 100,000 male)",VC.IHR.PSRC.MA.P5,Brunei Darussalam,BRN,..
"Intentional homicides, male (per 100,000 male)",VC.IHR.PSRC.MA.P5,Bulgaria,BGR,..
"Intentional homicides, male (per 100,000 male)",VC.IHR.PSRC.MA.P5,Burkina Faso,BFA,..
"Intentional homicides, male (per 100,000 male)",VC.IHR.PSRC.MA.P5,Burundi,BDI,..
"Intentional homicides, male (per 100,000 male)",VC.IHR.PSRC.MA.P5,Cabo Verde,CPV,..
"Intentional homicides, male (per 100,000 male)",VC.IHR.PSRC.MA.P5,Cambodia,KHM,..
"Intentional homicides, male (per 100,000 male)",VC.IHR.PSRC.MA.P5,Cameroon,CMR,..
"Intentional homicides, male (per 100,000 male)",VC.IHR.PSRC.MA.P5,Canada,CAN,..
"Intentional homicides, male (per 100,000 male)",VC.IHR.PSRC.MA.P5,Cayman Islands,CYM,..
"Intentional homicides, male (per 100,000 male)",VC.IHR.PSRC.MA.P5,Central African Republic,CAF,..
"Intentional homicides, male (per 100,000 male)",VC.IHR.PSRC.MA.P5,Chad,TCD,..
"Intentional homicides, male (per 100,000 male)",VC.IHR.PSRC.MA.P5,Channel Islands,CHI,..
"Intentional homicides, male (per 100,000 male)",VC.IHR.PSRC.MA.P5,Chile,CHL,..
"Intentional homicides, male (per 100,000 male)",VC.IHR.PSRC.MA.P5,China,CHN,..
"Intentional homicides, male (per 100,000 male)",VC.IHR.PSRC.MA.P5,Colombia,COL,..
"Intentional homicides, male (per 100,000 male)",VC.IHR.PSRC.MA.P5,Comoros,COM,..
"Intentional homicides, male (per 100,000 male)",VC.IHR.PSRC.MA.P5,"Congo, Dem. Rep.",COD,..
"Intentional homicides, male (per 100,000 male)",VC.IHR.PSRC.MA.P5,"Congo, Rep.",COG,..
"Intentional homicides, male (per 100,000 male)",VC.IHR.PSRC.MA.P5,Costa Rica,CRI,..
"Intentional homicides, male (per 100,000 male)",VC.IHR.PSRC.MA.P5,Cote d'Ivoire,CIV,..
"Intentional homicides, male (per 100,000 male)",VC.IHR.PSRC.MA.P5,Croatia,HRV,..
"Intentional homicides, male (per 100,000 male)",VC.IHR.PSRC.MA.P5,Cuba,CUB,..
"Intentional homicides, male (per 100,000 male)",VC.IHR.PSRC.MA.P5,Curacao,CUW,..
"Intentional homicides, male (per 100,000 male)",VC.IHR.PSRC.MA.P5,Cyprus,CYP,..
"Intentional homicides, male (per 100,000 male)",VC.IHR.PSRC.MA.P5,Czech Republic,CZE,..
"Intentional homicides, male (per 100,000 male)",VC.IHR.PSRC.MA.P5,Denmark,DNK,..
"Intentional homicides, male (per 100,000 male)",VC.IHR.PSRC.MA.P5,Djibouti,DJI,..
"Intentional homicides, male (per 100,000 male)",VC.IHR.PSRC.MA.P5,Dominica,DMA,..
"Intentional homicides, male (per 100,000 male)",VC.IHR.PSRC.MA.P5,Dominican Republic,DOM,..
"Intentional homicides, male (per 100,000 male)",VC.IHR.PSRC.MA.P5,Ecuador,ECU,..
"Intentional homicides, male (per 100,000 male)",VC.IHR.PSRC.MA.P5,"Egypt, Arab Rep.",EGY,..
"Intentional homicides, male (per 100,000 male)",VC.IHR.PSRC.MA.P5,El Salvador,SLV,..
"Intentional homicides, male (per 100,000 male)",VC.IHR.PSRC.MA.P5,Equatorial Guinea,GNQ,..
"Intentional homicides, male (per 100,000 male)",VC.IHR.PSRC.MA.P5,Eritrea,ERI,..
"Intentional homicides, male (per 100,000 male)",VC.IHR.PSRC.MA.P5,Estonia,EST,..
"Intentional homicides, male (per 100,000 male)",VC.IHR.PSRC.MA.P5,Eswatini,SWZ,..
"Intentional homicides, male (per 100,000 male)",VC.IHR.PSRC.MA.P5,Ethiopia,ETH,..
"Intentional homicides, male (per 100,000 male)",VC.IHR.PSRC.MA.P5,Faroe Islands,FRO,..
"Intentional homicides, male (per 100,000 male)",VC.IHR.PSRC.MA.P5,Fiji,FJI,..
"Intentional homicides, male (per 100,000 male)",VC.IHR.PSRC.MA.P5,Finland,FIN,..
"Intentional homicides, male (per 100,000 male)",VC.IHR.PSRC.MA.P5,France,FRA,..
"Intentional homicides, male (per 100,000 male)",VC.IHR.PSRC.MA.P5,French Polynesia,PYF,..
"Intentional homicides, male (per 100,000 male)",VC.IHR.PSRC.MA.P5,Gabon,GAB,..
"Intentional homicides, male (per 100,000 male)",VC.IHR.PSRC.MA.P5,"Gambia, The",GMB,..
"Intentional homicides, male (per 100,000 male)",VC.IHR.PSRC.MA.P5,Georgia,GEO,..
"Intentional homicides, male (per 100,000 male)",VC.IHR.PSRC.MA.P5,Germany,DEU,..
"Intentional homicides, male (per 100,000 male)",VC.IHR.PSRC.MA.P5,Ghana,GHA,..
"Intentional homicides, male (per 100,000 male)",VC.IHR.PSRC.MA.P5,Gibraltar,GIB,..
"Intentional homicides, male (per 100,000 male)",VC.IHR.PSRC.MA.P5,Greece,GRC,..
"Intentional homicides, male (per 100,000 male)",VC.IHR.PSRC.MA.P5,Greenland,GRL,..
"Intentional homicides, male (per 100,000 male)",VC.IHR.PSRC.MA.P5,Grenada,GRD,..
"Intentional homicides, male (per 100,000 male)",VC.IHR.PSRC.MA.P5,Guam,GUM,..
"Intentional homicides, male (per 100,000 male)",VC.IHR.PSRC.MA.P5,Guatemala,GTM,..
"Intentional homicides, male (per 100,000 male)",VC.IHR.PSRC.MA.P5,Guinea,GIN,..
"Intentional homicides, male (per 100,000 male)",VC.IHR.PSRC.MA.P5,Guinea-Bissau,GNB,..
"Intentional homicides, male (per 100,000 male)",VC.IHR.PSRC.MA.P5,Guyana,GUY,..
"Intentional homicides, male (per 100,000 male)",VC.IHR.PSRC.MA.P5,Haiti,HTI,..
"Intentional homicides, male (per 100,000 male)",VC.IHR.PSRC.MA.P5,Honduras,HND,..
"Intentional homicides, male (per 100,000 male)",VC.IHR.PSRC.MA.P5,"Hong Kong SAR, China",HKG,..
"Intentional homicides, male (per 100,000 male)",VC.IHR.PSRC.MA.P5,Hungary,HUN,..
"Intentional homicides, male (per 100,000 male)",VC.IHR.PSRC.MA.P5,Iceland,ISL,..
"Intentional homicides, male (per 100,000 male)",VC.IHR.PSRC.MA.P5,India,IND,..
"Intentional homicides, male (per 100,000 male)",VC.IHR.PSRC.MA.P5,Indonesia,IDN,..
"Intentional homicides, male (per 100,000 male)",VC.IHR.PSRC.MA.P5,"Iran, Islamic Rep.",IRN,..
"Intentional homicides, male (per 100,000 male)",VC.IHR.PSRC.MA.P5,Iraq,IRQ,..
"Intentional homicides, male (per 100,000 male)",VC.IHR.PSRC.MA.P5,Ireland,IRL,..
"Intentional homicides, male (per 100,000 male)",VC.IHR.PSRC.MA.P5,Isle of Man,IMN,..
"Intentional homicides, male (per 100,000 male)",VC.IHR.PSRC.MA.P5,Israel,ISR,..
"Intentional homicides, male (per 100,000 male)",VC.IHR.PSRC.MA.P5,Italy,ITA,..
"Intentional homicides, male (per 100,000 male)",VC.IHR.PSRC.MA.P5,Jamaica,JAM,..
"Intentional homicides, male (per 100,000 male)",VC.IHR.PSRC.MA.P5,Japan,JPN,..
"Intentional homicides, male (per 100,000 male)",VC.IHR.PSRC.MA.P5,Jordan,JOR,..
"Intentional homicides, male (per 100,000 male)",VC.IHR.PSRC.MA.P5,Kazakhstan,KAZ,..
"Intentional homicides, male (per 100,000 male)",VC.IHR.PSRC.MA.P5,Kenya,KEN,..
"Intentional homicides, male (per 100,000 male)",VC.IHR.PSRC.MA.P5,Kiribati,KIR,..
"Intentional homicides, male (per 100,000 male)",VC.IHR.PSRC.MA.P5,"Korea, Dem. People's Rep.",PRK,..
"Intentional homicides, male (per 100,000 male)",VC.IHR.PSRC.MA.P5,"Korea, Rep.",KOR,..
"Intentional homicides, male (per 100,000 male)",VC.IHR.PSRC.MA.P5,Kosovo,XKX,..
"Intentional homicides, male (per 100,000 male)",VC.IHR.PSRC.MA.P5,Kuwait,KWT,..
"Intentional homicides, male (per 100,000 male)",VC.IHR.PSRC.MA.P5,Kyrgyz Republic,KGZ,..
"Intentional homicides, male (per 100,000 male)",VC.IHR.PSRC.MA.P5,Lao PDR,LAO,..
"Intentional homicides, male (per 100,000 male)",VC.IHR.PSRC.MA.P5,Latvia,LVA,..
"Intentional homicides, male (per 100,000 male)",VC.IHR.PSRC.MA.P5,Lebanon,LBN,..
"Intentional homicides, male (per 100,000 male)",VC.IHR.PSRC.MA.P5,Lesotho,LSO,..
"Intentional homicides, male (per 100,000 male)",VC.IHR.PSRC.MA.P5,Liberia,LBR,..
"Intentional homicides, male (per 100,000 male)",VC.IHR.PSRC.MA.P5,Libya,LBY,..
"Intentional homicides, male (per 100,000 male)",VC.IHR.PSRC.MA.P5,Liechtenstein,LIE,..
"Intentional homicides, male (per 100,000 male)",VC.IHR.PSRC.MA.P5,Lithuania,LTU,..
"Intentional homicides, male (per 100,000 male)",VC.IHR.PSRC.MA.P5,Luxembourg,LUX,..
"Intentional homicides, male (per 100,000 male)",VC.IHR.PSRC.MA.P5,"Macao SAR, China",MAC,..
"Intentional homicides, male (per 100,000 male)",VC.IHR.PSRC.MA.P5,Madagascar,MDG,..
"Intentional homicides, male (per 100,000 male)",VC.IHR.PSRC.MA.P5,Malawi,MWI,..
"Intentional homicides, male (per 100,000 male)",VC.IHR.PSRC.MA.P5,Malaysia,MYS,..
"Intentional homicides, male (per 100,000 male)",VC.IHR.PSRC.MA.P5,Maldives,MDV,..
"Intentional homicides, male (per 100,000 male)",VC.IHR.PSRC.MA.P5,Mali,MLI,..
"Intentional homicides, male (per 100,000 male)",VC.IHR.PSRC.MA.P5,Malta,MLT,..
"Intentional homicides, male (per 100,000 male)",VC.IHR.PSRC.MA.P5,Marshall Islands,MHL,..
"Intentional homicides, male (per 100,000 male)",VC.IHR.PSRC.MA.P5,Mauritania,MRT,..
"Intentional homicides, male (per 100,000 male)",VC.IHR.PSRC.MA.P5,Mauritius,MUS,..
"Intentional homicides, male (per 100,000 male)",VC.IHR.PSRC.MA.P5,Mexico,MEX,..
"Intentional homicides, male (per 100,000 male)",VC.IHR.PSRC.MA.P5,"Micronesia, Fed. Sts.",FSM,..
"Intentional homicides, male (per 100,000 male)",VC.IHR.PSRC.MA.P5,Moldova,MDA,..
"Intentional homicides, male (per 100,000 male)",VC.IHR.PSRC.MA.P5,Monaco,MCO,..
"Intentional homicides, male (per 100,000 male)",VC.IHR.PSRC.MA.P5,Mongolia,MNG,..
"Intentional homicides, male (per 100,000 male)",VC.IHR.PSRC.MA.P5,Montenegro,MNE,..
"Intentional homicides, male (per 100,000 male)",VC.IHR.PSRC.MA.P5,Morocco,MAR,..
"Intentional homicides, male (per 100,000 male)",VC.IHR.PSRC.MA.P5,Mozambique,MOZ,..
"Intentional homicides, male (per 100,000 male)",VC.IHR.PSRC.MA.P5,Myanmar,MMR,..
"Intentional homicides, male (per 100,000 male)",VC.IHR.PSRC.MA.P5,Namibia,NAM,..
"Intentional homicides, male (per 100,000 male)",VC.IHR.PSRC.MA.P5,Nauru,NRU,..
"Intentional homicides, male (per 100,000 male)",VC.IHR.PSRC.MA.P5,Nepal,NPL,..
"Intentional homicides, male (per 100,000 male)",VC.IHR.PSRC.MA.P5,Netherlands,NLD,..
"Intentional homicides, male (per 100,000 male)",VC.IHR.PSRC.MA.P5,New Caledonia,NCL,..
"Intentional homicides, male (per 100,000 male)",VC.IHR.PSRC.MA.P5,New Zealand,NZL,..
"Intentional homicides, male (per 100,000 male)",VC.IHR.PSRC.MA.P5,Nicaragua,NIC,..
"Intentional homicides, male (per 100,000 male)",VC.IHR.PSRC.MA.P5,Niger,NER,..
"Intentional homicides, male (per 100,000 male)",VC.IHR.PSRC.MA.P5,Nigeria,NGA,..
"Intentional homicides, male (per 100,000 male)",VC.IHR.PSRC.MA.P5,North Macedonia,MKD,..
"Intentional homicides, male (per 100,000 male)",VC.IHR.PSRC.MA.P5,Northern Mariana Islands,MNP,..
"Intentional homicides, male (per 100,000 male)",VC.IHR.PSRC.MA.P5,Norway,NOR,..
"Intentional homicides, male (per 100,000 male)",VC.IHR.PSRC.MA.P5,Oman,OMN,..
"Intentional homicides, male (per 100,000 male)",VC.IHR.PSRC.MA.P5,Pakistan,PAK,..
"Intentional homicides, male (per 100,000 male)",VC.IHR.PSRC.MA.P5,Palau,PLW,..
"Intentional homicides, male (per 100,000 male)",VC.IHR.PSRC.MA.P5,Panama,PAN,..
"Intentional homicides, male (per 100,000 male)",VC.IHR.PSRC.MA.P5,Papua New Guinea,PNG,..
"Intentional homicides, male (per 100,000 male)",VC.IHR.PSRC.MA.P5,Paraguay,PRY,..
"Intentional homicides, male (per 100,000 male)",VC.IHR.PSRC.MA.P5,Peru,PER,..
"Intentional homicides, male (per 100,000 male)",VC.IHR.PSRC.MA.P5,Philippines,PHL,..
"Intentional homicides, male (per 100,000 male)",VC.IHR.PSRC.MA.P5,Poland,POL,..
"Intentional homicides, male (per 100,000 male)",VC.IHR.PSRC.MA.P5,Portugal,PRT,..
"Intentional homicides, male (per 100,000 male)",VC.IHR.PSRC.MA.P5,Puerto Rico,PRI,..
"Intentional homicides, male (per 100,000 male)",VC.IHR.PSRC.MA.P5,Qatar,QAT,..
"Intentional homicides, male (per 100,000 male)",VC.IHR.PSRC.MA.P5,Romania,ROU,..
"Intentional homicides, male (per 100,000 male)",VC.IHR.PSRC.MA.P5,Russian Federation,RUS,..
"Intentional homicides, male (per 100,000 male)",VC.IHR.PSRC.MA.P5,Rwanda,RWA,..
"Intentional homicides, male (per 100,000 male)",VC.IHR.PSRC.MA.P5,Samoa,WSM,..
"Intentional homicides, male (per 100,000 male)",VC.IHR.PSRC.MA.P5,San Marino,SMR,..
"Intentional homicides, male (per 100,000 male)",VC.IHR.PSRC.MA.P5,Sao Tome and Principe,STP,..
"Intentional homicides, male (per 100,000 male)",VC.IHR.PSRC.MA.P5,Saudi Arabia,SAU,..
"Intentional homicides, male (per 100,000 male)",VC.IHR.PSRC.MA.P5,Senegal,SEN,..
"Intentional homicides, male (per 100,000 male)",VC.IHR.PSRC.MA.P5,Serbia,SRB,..
"Intentional homicides, male (per 100,000 male)",VC.IHR.PSRC.MA.P5,Seychelles,SYC,..
"Intentional homicides, male (per 100,000 male)",VC.IHR.PSRC.MA.P5,Sierra Leone,SLE,..
"Intentional homicides, male (per 100,000 male)",VC.IHR.PSRC.MA.P5,Singapore,SGP,..
"Intentional homicides, male (per 100,000 male)",VC.IHR.PSRC.MA.P5,Sint Maarten (Dutch part),SXM,..
"Intentional homicides, male (per 100,000 male)",VC.IHR.PSRC.MA.P5,Slovak Republic,SVK,..
"Intentional homicides, male (per 100,000 male)",VC.IHR.PSRC.MA.P5,Slovenia,SVN,..
"Intentional homicides, male (per 100,000 male)",VC.IHR.PSRC.MA.P5,Solomon Islands,SLB,..
"Intentional homicides, male (per 100,000 male)",VC.IHR.PSRC.MA.P5,Somalia,SOM,..
"Intentional homicides, male (per 100,000 male)",VC.IHR.PSRC.MA.P5,South Africa,ZAF,..
"Intentional homicides, male (per 100,000 male)",VC.IHR.PSRC.MA.P5,South Sudan,SSD,..
"Intentional homicides, male (per 100,000 male)",VC.IHR.PSRC.MA.P5,Spain,ESP,..
"Intentional homicides, male (per 100,000 male)",VC.IHR.PSRC.MA.P5,Sri Lanka,LKA,..
"Intentional homicides, male (per 100,000 male)",VC.IHR.PSRC.MA.P5,St. Kitts and Nevis,KNA,..
"Intentional homicides, male (per 100,000 male)",VC.IHR.PSRC.MA.P5,St. Lucia,LCA,..
"Intentional homicides, male (per 100,000 male)",VC.IHR.PSRC.MA.P5,St. Martin (French part),MAF,..
"Intentional homicides, male (per 100,000 male)",VC.IHR.PSRC.MA.P5,St. Vincent and the Grenadines,VCT,..
"Intentional homicides, male (per 100,000 male)",VC.IHR.PSRC.MA.P5,Sudan,SDN,..
"Intentional homicides, male (per 100,000 male)",VC.IHR.PSRC.MA.P5,Suriname,SUR,..
"Intentional homicides, male (per 100,000 male)",VC.IHR.PSRC.MA.P5,Sweden,SWE,..
"Intentional homicides, male (per 100,000 male)",VC.IHR.PSRC.MA.P5,Switzerland,CHE,..
"Intentional homicides, male (per 100,000 male)",VC.IHR.PSRC.MA.P5,Syrian Arab Republic,SYR,..
"Intentional homicides, male (per 100,000 male)",VC.IHR.PSRC.MA.P5,Tajikistan,TJK,..
"Intentional homicides, male (per 100,000 male)",VC.IHR.PSRC.MA.P5,Tanzania,TZA,..
"Intentional homicides, male (per 100,000 male)",VC.IHR.PSRC.MA.P5,Thailand,THA,..
"Intentional homicides, male (per 100,000 male)",VC.IHR.PSRC.MA.P5,Timor-Leste,TLS,..
"Intentional homicides, male (per 100,000 male)",VC.IHR.PSRC.MA.P5,Togo,TGO,..
"Intentional homicides, male (per 100,000 male)",VC.IHR.PSRC.MA.P5,Tonga,TON,..
"Intentional homicides, male (per 100,000 male)",VC.IHR.PSRC.MA.P5,Trinidad and Tobago,TTO,..
"Intentional homicides, male (per 100,000 male)",VC.IHR.PSRC.MA.P5,Tunisia,TUN,..
"Intentional homicides, male (per 100,000 male)",VC.IHR.PSRC.MA.P5,Turkey,TUR,..
"Intentional homicides, male (per 100,000 male)",VC.IHR.PSRC.MA.P5,Turkmenistan,TKM,..
"Intentional homicides, male (per 100,000 male)",VC.IHR.PSRC.MA.P5,Turks and Caicos Islands,TCA,..
"Intentional homicides, male (per 100,000 male)",VC.IHR.PSRC.MA.P5,Tuvalu,TUV,..
"Intentional homicides, male (per 100,000 male)",VC.IHR.PSRC.MA.P5,Uganda,UGA,..
"Intentional homicides, male (per 100,000 male)",VC.IHR.PSRC.MA.P5,Ukraine,UKR,..
"Intentional homicides, male (per 100,000 male)",VC.IHR.PSRC.MA.P5,United Arab Emirates,ARE,..
"Intentional homicides, male (per 100,000 male)",VC.IHR.PSRC.MA.P5,United Kingdom,GBR,..
"Intentional homicides, male (per 100,000 male)",VC.IHR.PSRC.MA.P5,United States,USA,..
"Intentional homicides, male (per 100,000 male)",VC.IHR.PSRC.MA.P5,Uruguay,URY,..
"Intentional homicides, male (per 100,000 male)",VC.IHR.PSRC.MA.P5,Uzbekistan,UZB,..
"Intentional homicides, male (per 100,000 male)",VC.IHR.PSRC.MA.P5,Vanuatu,VUT,..
"Intentional homicides, male (per 100,000 male)",VC.IHR.PSRC.MA.P5,"Venezuela, RB",VEN,..
"Intentional homicides, male (per 100,000 male)",VC.IHR.PSRC.MA.P5,Vietnam,VNM,..
"Intentional homicides, male (per 100,000 male)",VC.IHR.PSRC.MA.P5,Virgin Islands (U.S.),VIR,..
"Intentional homicides, male (per 100,000 male)",VC.IHR.PSRC.MA.P5,West Bank and Gaza,PSE,..
"Intentional homicides, male (per 100,000 male)",VC.IHR.PSRC.MA.P5,"Yemen, Rep.",YEM,..
"Intentional homicides, male (per 100,000 male)",VC.IHR.PSRC.MA.P5,Zambia,ZMB,..
"Intentional homicides, male (per 100,000 male)",VC.IHR.PSRC.MA.P5,Zimbabwe,ZWE,..
"Intentional homicides, male (per 100,000 male)",VC.IHR.PSRC.MA.P5,Africa Eastern and Southern,AFE,..
"Intentional homicides, male (per 100,000 male)",VC.IHR.PSRC.MA.P5,Africa Western and Central,AFW,..
"Intentional homicides, male (per 100,000 male)",VC.IHR.PSRC.MA.P5,Arab World,ARB,..
"Intentional homicides, male (per 100,000 male)",VC.IHR.PSRC.MA.P5,Caribbean small states,CSS,..
"Intentional homicides, male (per 100,000 male)",VC.IHR.PSRC.MA.P5,Central Europe and the Baltics,CEB,..
"Intentional homicides, male (per 100,000 male)",VC.IHR.PSRC.MA.P5,Early-demographic dividend,EAR,..
"Intentional homicides, male (per 100,000 male)",VC.IHR.PSRC.MA.P5,East Asia & Pacific,EAS,..
"Intentional homicides, male (per 100,000 male)",VC.IHR.PSRC.MA.P5,East Asia & Pacific (excluding high income),EAP,..
"Intentional homicides, male (per 100,000 male)",VC.IHR.PSRC.MA.P5,East Asia & Pacific (IDA & IBRD countries),TEA,..
"Intentional homicides, male (per 100,000 male)",VC.IHR.PSRC.MA.P5,Euro area,EMU,..
"Intentional homicides, male (per 100,000 male)",VC.IHR.PSRC.MA.P5,Europe & Central Asia,ECS,..
"Intentional homicides, male (per 100,000 male)",VC.IHR.PSRC.MA.P5,Europe & Central Asia (excluding high income),ECA,..
"Intentional homicides, male (per 100,000 male)",VC.IHR.PSRC.MA.P5,Europe & Central Asia (IDA & IBRD countries),TEC,..
"Intentional homicides, male (per 100,000 male)",VC.IHR.PSRC.MA.P5,European Union,EUU,..
"Intentional homicides, male (per 100,000 male)",VC.IHR.PSRC.MA.P5,Fragile and conflict affected situations,FCS,..
"Intentional homicides, male (per 100,000 male)",VC.IHR.PSRC.MA.P5,Heavily indebted poor countries (HIPC),HPC,..
"Intentional homicides, male (per 100,000 male)",VC.IHR.PSRC.MA.P5,High income,HIC,..
"Intentional homicides, male (per 100,000 male)",VC.IHR.PSRC.MA.P5,IBRD only,IBD,..
"Intentional homicides, male (per 100,000 male)",VC.IHR.PSRC.MA.P5,IDA & IBRD total,IBT,..
"Intentional homicides, male (per 100,000 male)",VC.IHR.PSRC.MA.P5,IDA blend,IDB,..
"Intentional homicides, male (per 100,000 male)",VC.IHR.PSRC.MA.P5,IDA only,IDX,..
"Intentional homicides, male (per 100,000 male)",VC.IHR.PSRC.MA.P5,IDA total,IDA,..
"Intentional homicides, male (per 100,000 male)",VC.IHR.PSRC.MA.P5,Late-demographic dividend,LTE,..
"Intentional homicides, male (per 100,000 male)",VC.IHR.PSRC.MA.P5,Latin America & Caribbean,LCN,..
"Intentional homicides, male (per 100,000 male)",VC.IHR.PSRC.MA.P5,Latin America & Caribbean (excluding high income),LAC,..
"Intentional homicides, male (per 100,000 male)",VC.IHR.PSRC.MA.P5,Latin America & the Caribbean (IDA & IBRD countries),TLA,..
"Intentional homicides, male (per 100,000 male)",VC.IHR.PSRC.MA.P5,Least developed countries: UN classification,LDC,..
"Intentional homicides, male (per 100,000 male)",VC.IHR.PSRC.MA.P5,Low & middle income,LMY,..
"Intentional homicides, male (per 100,000 male)",VC.IHR.PSRC.MA.P5,Low income,LIC,..
"Intentional homicides, male (per 100,000 male)",VC.IHR.PSRC.MA.P5,Lower middle income,LMC,..
"Intentional homicides, male (per 100,000 male)",VC.IHR.PSRC.MA.P5,Middle East & North Africa,MEA,..
"Intentional homicides, male (per 100,000 male)",VC.IHR.PSRC.MA.P5,Middle East & North Africa (excluding high income),MNA,..
"Intentional homicides, male (per 100,000 male)",VC.IHR.PSRC.MA.P5,Middle East & North Africa (IDA & IBRD countries),TMN,..
"Intentional homicides, male (per 100,000 male)",VC.IHR.PSRC.MA.P5,Middle income,MIC,..
"Intentional homicides, male (per 100,000 male)",VC.IHR.PSRC.MA.P5,North America,NAC,..
"Intentional homicides, male (per 100,000 male)",VC.IHR.PSRC.MA.P5,Not classified,INX,..
"Intentional homicides, male (per 100,000 male)",VC.IHR.PSRC.MA.P5,OECD members,OED,..
"Intentional homicides, male (per 100,000 male)",VC.IHR.PSRC.MA.P5,Other small states,OSS,..
"Intentional homicides, male (per 100,000 male)",VC.IHR.PSRC.MA.P5,Pacific island small states,PSS,..
"Intentional homicides, male (per 100,000 male)",VC.IHR.PSRC.MA.P5,Post-demographic dividend,PST,..
"Intentional homicides, male (per 100,000 male)",VC.IHR.PSRC.MA.P5,Pre-demographic dividend,PRE,..
"Intentional homicides, male (per 100,000 male)",VC.IHR.PSRC.MA.P5,Small states,SST,..
"Intentional homicides, male (per 100,000 male)",VC.IHR.PSRC.MA.P5,South Asia,SAS,..
"Intentional homicides, male (per 100,000 male)",VC.IHR.PSRC.MA.P5,South Asia (IDA & IBRD),TSA,..
"Intentional homicides, male (per 100,000 male)",VC.IHR.PSRC.MA.P5,Sub-Saharan Africa,SSF,..
"Intentional homicides, male (per 100,000 male)",VC.IHR.PSRC.MA.P5,Sub-Saharan Africa (excluding high income),SSA,..
"Intentional homicides, male (per 100,000 male)",VC.IHR.PSRC.MA.P5,Sub-Saharan Africa (IDA & IBRD countries),TSS,..
"Intentional homicides, male (per 100,000 male)",VC.IHR.PSRC.MA.P5,Upper middle income,UMC,..
"Intentional homicides, male (per 100,000 male)",VC.IHR.PSRC.MA.P5,World,WLD,..
"Intentional homicides, female (per 100,000 female)",VC.IHR.PSRC.FE.P5,Afghanistan,AFG,..
"Intentional homicides, female (per 100,000 female)",VC.IHR.PSRC.FE.P5,Albania,ALB,..
"Intentional homicides, female (per 100,000 female)",VC.IHR.PSRC.FE.P5,Algeria,DZA,..
"Intentional homicides, female (per 100,000 female)",VC.IHR.PSRC.FE.P5,American Samoa,ASM,..
"Intentional homicides, female (per 100,000 female)",VC.IHR.PSRC.FE.P5,Andorra,AND,..
"Intentional homicides, female (per 100,000 female)",VC.IHR.PSRC.FE.P5,Angola,AGO,..
"Intentional homicides, female (per 100,000 female)",VC.IHR.PSRC.FE.P5,Antigua and Barbuda,ATG,..
"Intentional homicides, female (per 100,000 female)",VC.IHR.PSRC.FE.P5,Argentina,ARG,..
"Intentional homicides, female (per 100,000 female)",VC.IHR.PSRC.FE.P5,Armenia,ARM,..
"Intentional homicides, female (per 100,000 female)",VC.IHR.PSRC.FE.P5,Aruba,ABW,..
"Intentional homicides, female (per 100,000 female)",VC.IHR.PSRC.FE.P5,Australia,AUS,..
"Intentional homicides, female (per 100,000 female)",VC.IHR.PSRC.FE.P5,Austria,AUT,..
"Intentional homicides, female (per 100,000 female)",VC.IHR.PSRC.FE.P5,Azerbaijan,AZE,..
"Intentional homicides, female (per 100,000 female)",VC.IHR.PSRC.FE.P5,"Bahamas, The",BHS,..
"Intentional homicides, female (per 100,000 female)",VC.IHR.PSRC.FE.P5,Bahrain,BHR,..
"Intentional homicides, female (per 100,000 female)",VC.IHR.PSRC.FE.P5,Bangladesh,BGD,..
"Intentional homicides, female (per 100,000 female)",VC.IHR.PSRC.FE.P5,Barbados,BRB,..
"Intentional homicides, female (per 100,000 female)",VC.IHR.PSRC.FE.P5,Belarus,BLR,..
"Intentional homicides, female (per 100,000 female)",VC.IHR.PSRC.FE.P5,Belgium,BEL,..
"Intentional homicides, female (per 100,000 female)",VC.IHR.PSRC.FE.P5,Belize,BLZ,..
"Intentional homicides, female (per 100,000 female)",VC.IHR.PSRC.FE.P5,Benin,BEN,..
"Intentional homicides, female (per 100,000 female)",VC.IHR.PSRC.FE.P5,Bermuda,BMU,..
"Intentional homicides, female (per 100,000 female)",VC.IHR.PSRC.FE.P5,Bhutan,BTN,..
"Intentional homicides, female (per 100,000 female)",VC.IHR.PSRC.FE.P5,Bolivia,BOL,..
"Intentional homicides, female (per 100,000 female)",VC.IHR.PSRC.FE.P5,Bosnia and Herzegovina,BIH,..
"Intentional homicides, female (per 100,000 female)",VC.IHR.PSRC.FE.P5,Botswana,BWA,..
"Intentional homicides, female (per 100,000 female)",VC.IHR.PSRC.FE.P5,Brazil,BRA,..
"Intentional homicides, female (per 100,000 female)",VC.IHR.PSRC.FE.P5,British Virgin Islands,VGB,..
"Intentional homicides, female (per 100,000 female)",VC.IHR.PSRC.FE.P5,Brunei Darussalam,BRN,..
"Intentional homicides, female (per 100,000 female)",VC.IHR.PSRC.FE.P5,Bulgaria,BGR,..
"Intentional homicides, female (per 100,000 female)",VC.IHR.PSRC.FE.P5,Burkina Faso,BFA,..
"Intentional homicides, female (per 100,000 female)",VC.IHR.PSRC.FE.P5,Burundi,BDI,..
"Intentional homicides, female (per 100,000 female)",VC.IHR.PSRC.FE.P5,Cabo Verde,CPV,..
"Intentional homicides, female (per 100,000 female)",VC.IHR.PSRC.FE.P5,Cambodia,KHM,..
"Intentional homicides, female (per 100,000 female)",VC.IHR.PSRC.FE.P5,Cameroon,CMR,..
"Intentional homicides, female (per 100,000 female)",VC.IHR.PSRC.FE.P5,Canada,CAN,..
"Intentional homicides, female (per 100,000 female)",VC.IHR.PSRC.FE.P5,Cayman Islands,CYM,..
"Intentional homicides, female (per 100,000 female)",VC.IHR.PSRC.FE.P5,Central African Republic,CAF,..
"Intentional homicides, female (per 100,000 female)",VC.IHR.PSRC.FE.P5,Chad,TCD,..
"Intentional homicides, female (per 100,000 female)",VC.IHR.PSRC.FE.P5,Channel Islands,CHI,..
"Intentional homicides, female (per 100,000 female)",VC.IHR.PSRC.FE.P5,Chile,CHL,..
"Intentional homicides, female (per 100,000 female)",VC.IHR.PSRC.FE.P5,China,CHN,..
"Intentional homicides, female (per 100,000 female)",VC.IHR.PSRC.FE.P5,Colombia,COL,..
"Intentional homicides, female (per 100,000 female)",VC.IHR.PSRC.FE.P5,Comoros,COM,..
"Intentional homicides, female (per 100,000 female)",VC.IHR.PSRC.FE.P5,"Congo, Dem. Rep.",COD,..
"Intentional homicides, female (per 100,000 female)",VC.IHR.PSRC.FE.P5,"Congo, Rep.",COG,..
"Intentional homicides, female (per 100,000 female)",VC.IHR.PSRC.FE.P5,Costa Rica,CRI,..
"Intentional homicides, female (per 100,000 female)",VC.IHR.PSRC.FE.P5,Cote d'Ivoire,CIV,..
"Intentional homicides, female (per 100,000 female)",VC.IHR.PSRC.FE.P5,Croatia,HRV,..
"Intentional homicides, female (per 100,000 female)",VC.IHR.PSRC.FE.P5,Cuba,CUB,..
"Intentional homicides, female (per 100,000 female)",VC.IHR.PSRC.FE.P5,Curacao,CUW,..
"Intentional homicides, female (per 100,000 female)",VC.IHR.PSRC.FE.P5,Cyprus,CYP,..
"Intentional homicides, female (per 100,000 female)",VC.IHR.PSRC.FE.P5,Czech Republic,CZE,..
"Intentional homicides, female (per 100,000 female)",VC.IHR.PSRC.FE.P5,Denmark,DNK,..
"Intentional homicides, female (per 100,000 female)",VC.IHR.PSRC.FE.P5,Djibouti,DJI,..
"Intentional homicides, female (per 100,000 female)",VC.IHR.PSRC.FE.P5,Dominica,DMA,..
"Intentional homicides, female (per 100,000 female)",VC.IHR.PSRC.FE.P5,Dominican Republic,DOM,..
"Intentional homicides, female (per 100,000 female)",VC.IHR.PSRC.FE.P5,Ecuador,ECU,..
"Intentional homicides, female (per 100,000 female)",VC.IHR.PSRC.FE.P5,"Egypt, Arab Rep.",EGY,..
"Intentional homicides, female (per 100,000 female)",VC.IHR.PSRC.FE.P5,El Salvador,SLV,..
"Intentional homicides, female (per 100,000 female)",VC.IHR.PSRC.FE.P5,Equatorial Guinea,GNQ,..
"Intentional homicides, female (per 100,000 female)",VC.IHR.PSRC.FE.P5,Eritrea,ERI,..
"Intentional homicides, female (per 100,000 female)",VC.IHR.PSRC.FE.P5,Estonia,EST,..
"Intentional homicides, female (per 100,000 female)",VC.IHR.PSRC.FE.P5,Eswatini,SWZ,..
"Intentional homicides, female (per 100,000 female)",VC.IHR.PSRC.FE.P5,Ethiopia,ETH,..
"Intentional homicides, female (per 100,000 female)",VC.IHR.PSRC.FE.P5,Faroe Islands,FRO,..
"Intentional homicides, female (per 100,000 female)",VC.IHR.PSRC.FE.P5,Fiji,FJI,..
"Intentional homicides, female (per 100,000 female)",VC.IHR.PSRC.FE.P5,Finland,FIN,..
"Intentional homicides, female (per 100,000 female)",VC.IHR.PSRC.FE.P5,France,FRA,..
"Intentional homicides, female (per 100,000 female)",VC.IHR.PSRC.FE.P5,French Polynesia,PYF,..
"Intentional homicides, female (per 100,000 female)",VC.IHR.PSRC.FE.P5,Gabon,GAB,..
"Intentional homicides, female (per 100,000 female)",VC.IHR.PSRC.FE.P5,"Gambia, The",GMB,..
"Intentional homicides, female (per 100,000 female)",VC.IHR.PSRC.FE.P5,Georgia,GEO,..
"Intentional homicides, female (per 100,000 female)",VC.IHR.PSRC.FE.P5,Germany,DEU,..
"Intentional homicides, female (per 100,000 female)",VC.IHR.PSRC.FE.P5,Ghana,GHA,..
"Intentional homicides, female (per 100,000 female)",VC.IHR.PSRC.FE.P5,Gibraltar,GIB,..
"Intentional homicides, female (per 100,000 female)",VC.IHR.PSRC.FE.P5,Greece,GRC,..
"Intentional homicides, female (per 100,000 female)",VC.IHR.PSRC.FE.P5,Greenland,GRL,..
"Intentional homicides, female (per 100,000 female)",VC.IHR.PSRC.FE.P5,Grenada,GRD,..
"Intentional homicides, female (per 100,000 female)",VC.IHR.PSRC.FE.P5,Guam,GUM,..
"Intentional homicides, female (per 100,000 female)",VC.IHR.PSRC.FE.P5,Guatemala,GTM,..
"Intentional homicides, female (per 100,000 female)",VC.IHR.PSRC.FE.P5,Guinea,GIN,..
"Intentional homicides, female (per 100,000 female)",VC.IHR.PSRC.FE.P5,Guinea-Bissau,GNB,..
"Intentional homicides, female (per 100,000 female)",VC.IHR.PSRC.FE.P5,Guyana,GUY,..
"Intentional homicides, female (per 100,000 female)",VC.IHR.PSRC.FE.P5,Haiti,HTI,..
"Intentional homicides, female (per 100,000 female)",VC.IHR.PSRC.FE.P5,Honduras,HND,..
"Intentional homicides, female (per 100,000 female)",VC.IHR.PSRC.FE.P5,"Hong Kong SAR, China",HKG,..
"Intentional homicides, female (per 100,000 female)",VC.IHR.PSRC.FE.P5,Hungary,HUN,..
"Intentional homicides, female (per 100,000 female)",VC.IHR.PSRC.FE.P5,Iceland,ISL,..
"Intentional homicides, female (per 100,000 female)",VC.IHR.PSRC.FE.P5,India,IND,..
"Intentional homicides, female (per 100,000 female)",VC.IHR.PSRC.FE.P5,Indonesia,IDN,..
"Intentional homicides, female (per 100,000 female)",VC.IHR.PSRC.FE.P5,"Iran, Islamic Rep.",IRN,..
"Intentional homicides, female (per 100,000 female)",VC.IHR.PSRC.FE.P5,Iraq,IRQ,..
"Intentional homicides, female (per 100,000 female)",VC.IHR.PSRC.FE.P5,Ireland,IRL,..
"Intentional homicides, female (per 100,000 female)",VC.IHR.PSRC.FE.P5,Isle of Man,IMN,..
"Intentional homicides, female (per 100,000 female)",VC.IHR.PSRC.FE.P5,Israel,ISR,..
"Intentional homicides, female (per 100,000 female)",VC.IHR.PSRC.FE.P5,Italy,ITA,..
"Intentional homicides, female (per 100,000 female)",VC.IHR.PSRC.FE.P5,Jamaica,JAM,..
"Intentional homicides, female (per 100,000 female)",VC.IHR.PSRC.FE.P5,Japan,JPN,..
"Intentional homicides, female (per 100,000 female)",VC.IHR.PSRC.FE.P5,Jordan,JOR,..
"Intentional homicides, female (per 100,000 female)",VC.IHR.PSRC.FE.P5,Kazakhstan,KAZ,..
"Intentional homicides, female (per 100,000 female)",VC.IHR.PSRC.FE.P5,Kenya,KEN,..
"Intentional homicides, female (per 100,000 female)",VC.IHR.PSRC.FE.P5,Kiribati,KIR,..
"Intentional homicides, female (per 100,000 female)",VC.IHR.PSRC.FE.P5,"Korea, Dem. People's Rep.",PRK,..
"Intentional homicides, female (per 100,000 female)",VC.IHR.PSRC.FE.P5,"Korea, Rep.",KOR,..
"Intentional homicides, female (per 100,000 female)",VC.IHR.PSRC.FE.P5,Kosovo,XKX,..
"Intentional homicides, female (per 100,000 female)",VC.IHR.PSRC.FE.P5,Kuwait,KWT,..
"Intentional homicides, female (per 100,000 female)",VC.IHR.PSRC.FE.P5,Kyrgyz Republic,KGZ,..
"Intentional homicides, female (per 100,000 female)",VC.IHR.PSRC.FE.P5,Lao PDR,LAO,..
"Intentional homicides, female (per 100,000 female)",VC.IHR.PSRC.FE.P5,Latvia,LVA,..
"Intentional homicides, female (per 100,000 female)",VC.IHR.PSRC.FE.P5,Lebanon,LBN,..
"Intentional homicides, female (per 100,000 female)",VC.IHR.PSRC.FE.P5,Lesotho,LSO,..
"Intentional homicides, female (per 100,000 female)",VC.IHR.PSRC.FE.P5,Liberia,LBR,..
"Intentional homicides, female (per 100,000 female)",VC.IHR.PSRC.FE.P5,Libya,LBY,..
"Intentional homicides, female (per 100,000 female)",VC.IHR.PSRC.FE.P5,Liechtenstein,LIE,..
"Intentional homicides, female (per 100,000 female)",VC.IHR.PSRC.FE.P5,Lithuania,LTU,..
"Intentional homicides, female (per 100,000 female)",VC.IHR.PSRC.FE.P5,Luxembourg,LUX,..
"Intentional homicides, female (per 100,000 female)",VC.IHR.PSRC.FE.P5,"Macao SAR, China",MAC,..
"Intentional homicides, female (per 100,000 female)",VC.IHR.PSRC.FE.P5,Madagascar,MDG,..
"Intentional homicides, female (per 100,000 female)",VC.IHR.PSRC.FE.P5,Malawi,MWI,..
"Intentional homicides, female (per 100,000 female)",VC.IHR.PSRC.FE.P5,Malaysia,MYS,..
"Intentional homicides, female (per 100,000 female)",VC.IHR.PSRC.FE.P5,Maldives,MDV,..
"Intentional homicides, female (per 100,000 female)",VC.IHR.PSRC.FE.P5,Mali,MLI,..
"Intentional homicides, female (per 100,000 female)",VC.IHR.PSRC.FE.P5,Malta,MLT,..
"Intentional homicides, female (per 100,000 female)",VC.IHR.PSRC.FE.P5,Marshall Islands,MHL,..
"Intentional homicides, female (per 100,000 female)",VC.IHR.PSRC.FE.P5,Mauritania,MRT,..
"Intentional homicides, female (per 100,000 female)",VC.IHR.PSRC.FE.P5,Mauritius,MUS,..
"Intentional homicides, female (per 100,000 female)",VC.IHR.PSRC.FE.P5,Mexico,MEX,..
"Intentional homicides, female (per 100,000 female)",VC.IHR.PSRC.FE.P5,"Micronesia, Fed. Sts.",FSM,..
"Intentional homicides, female (per 100,000 female)",VC.IHR.PSRC.FE.P5,Moldova,MDA,..
"Intentional homicides, female (per 100,000 female)",VC.IHR.PSRC.FE.P5,Monaco,MCO,..
"Intentional homicides, female (per 100,000 female)",VC.IHR.PSRC.FE.P5,Mongolia,MNG,..
"Intentional homicides, female (per 100,000 female)",VC.IHR.PSRC.FE.P5,Montenegro,MNE,..
"Intentional homicides, female (per 100,000 female)",VC.IHR.PSRC.FE.P5,Morocco,MAR,..
"Intentional homicides, female (per 100,000 female)",VC.IHR.PSRC.FE.P5,Mozambique,MOZ,..
"Intentional homicides, female (per 100,000 female)",VC.IHR.PSRC.FE.P5,Myanmar,MMR,..
"Intentional homicides, female (per 100,000 female)",VC.IHR.PSRC.FE.P5,Namibia,NAM,..
"Intentional homicides, female (per 100,000 female)",VC.IHR.PSRC.FE.P5,Nauru,NRU,..
"Intentional homicides, female (per 100,000 female)",VC.IHR.PSRC.FE.P5,Nepal,NPL,..
"Intentional homicides, female (per 100,000 female)",VC.IHR.PSRC.FE.P5,Netherlands,NLD,..
"Intentional homicides, female (per 100,000 female)",VC.IHR.PSRC.FE.P5,New Caledonia,NCL,..
"Intentional homicides, female (per 100,000 female)",VC.IHR.PSRC.FE.P5,New Zealand,NZL,..
"Intentional homicides, female (per 100,000 female)",VC.IHR.PSRC.FE.P5,Nicaragua,NIC,..
"Intentional homicides, female (per 100,000 female)",VC.IHR.PSRC.FE.P5,Niger,NER,..
"Intentional homicides, female (per 100,000 female)",VC.IHR.PSRC.FE.P5,Nigeria,NGA,..
"Intentional homicides, female (per 100,000 female)",VC.IHR.PSRC.FE.P5,North Macedonia,MKD,..
"Intentional homicides, female (per 100,000 female)",VC.IHR.PSRC.FE.P5,Northern Mariana Islands,MNP,..
"Intentional homicides, female (per 100,000 female)",VC.IHR.PSRC.FE.P5,Norway,NOR,..
"Intentional homicides, female (per 100,000 female)",VC.IHR.PSRC.FE.P5,Oman,OMN,..
"Intentional homicides, female (per 100,000 female)",VC.IHR.PSRC.FE.P5,Pakistan,PAK,..
"Intentional homicides, female (per 100,000 female)",VC.IHR.PSRC.FE.P5,Palau,PLW,..
"Intentional homicides, female (per 100,000 female)",VC.IHR.PSRC.FE.P5,Panama,PAN,..
"Intentional homicides, female (per 100,000 female)",VC.IHR.PSRC.FE.P5,Papua New Guinea,PNG,..
"Intentional homicides, female (per 100,000 female)",VC.IHR.PSRC.FE.P5,Paraguay,PRY,..
"Intentional homicides, female (per 100,000 female)",VC.IHR.PSRC.FE.P5,Peru,PER,..
"Intentional homicides, female (per 100,000 female)",VC.IHR.PSRC.FE.P5,Philippines,PHL,..
"Intentional homicides, female (per 100,000 female)",VC.IHR.PSRC.FE.P5,Poland,POL,..
"Intentional homicides, female (per 100,000 female)",VC.IHR.PSRC.FE.P5,Portugal,PRT,..
"Intentional homicides, female (per 100,000 female)",VC.IHR.PSRC.FE.P5,Puerto Rico,PRI,..
"Intentional homicides, female (per 100,000 female)",VC.IHR.PSRC.FE.P5,Qatar,QAT,..
"Intentional homicides, female (per 100,000 female)",VC.IHR.PSRC.FE.P5,Romania,ROU,..
"Intentional homicides, female (per 100,000 female)",VC.IHR.PSRC.FE.P5,Russian Federation,RUS,..
"Intentional homicides, female (per 100,000 female)",VC.IHR.PSRC.FE.P5,Rwanda,RWA,..
"Intentional homicides, female (per 100,000 female)",VC.IHR.PSRC.FE.P5,Samoa,WSM,..
"Intentional homicides, female (per 100,000 female)",VC.IHR.PSRC.FE.P5,San Marino,SMR,..
"Intentional homicides, female (per 100,000 female)",VC.IHR.PSRC.FE.P5,Sao Tome and Principe,STP,..
"Intentional homicides, female (per 100,000 female)",VC.IHR.PSRC.FE.P5,Saudi Arabia,SAU,..
"Intentional homicides, female (per 100,000 female)",VC.IHR.PSRC.FE.P5,Senegal,SEN,..
"Intentional homicides, female (per 100,000 female)",VC.IHR.PSRC.FE.P5,Serbia,SRB,..
"Intentional homicides, female (per 100,000 female)",VC.IHR.PSRC.FE.P5,Seychelles,SYC,..
"Intentional homicides, female (per 100,000 female)",VC.IHR.PSRC.FE.P5,Sierra Leone,SLE,..
"Intentional homicides, female (per 100,000 female)",VC.IHR.PSRC.FE.P5,Singapore,SGP,..
"Intentional homicides, female (per 100,000 female)",VC.IHR.PSRC.FE.P5,Sint Maarten (Dutch part),SXM,..
"Intentional homicides, female (per 100,000 female)",VC.IHR.PSRC.FE.P5,Slovak Republic,SVK,..
"Intentional homicides, female (per 100,000 female)",VC.IHR.PSRC.FE.P5,Slovenia,SVN,..
"Intentional homicides, female (per 100,000 female)",VC.IHR.PSRC.FE.P5,Solomon Islands,SLB,..
"Intentional homicides, female (per 100,000 female)",VC.IHR.PSRC.FE.P5,Somalia,SOM,..
"Intentional homicides, female (per 100,000 female)",VC.IHR.PSRC.FE.P5,South Africa,ZAF,..
"Intentional homicides, female (per 100,000 female)",VC.IHR.PSRC.FE.P5,South Sudan,SSD,..
"Intentional homicides, female (per 100,000 female)",VC.IHR.PSRC.FE.P5,Spain,ESP,..
"Intentional homicides, female (per 100,000 female)",VC.IHR.PSRC.FE.P5,Sri Lanka,LKA,..
"Intentional homicides, female (per 100,000 female)",VC.IHR.PSRC.FE.P5,St. Kitts and Nevis,KNA,..
"Intentional homicides, female (per 100,000 female)",VC.IHR.PSRC.FE.P5,St. Lucia,LCA,..
"Intentional homicides, female (per 100,000 female)",VC.IHR.PSRC.FE.P5,St. Martin (French part),MAF,..
"Intentional homicides, female (per 100,000 female)",VC.IHR.PSRC.FE.P5,St. Vincent and the Grenadines,VCT,..
"Intentional homicides, female (per 100,000 female)",VC.IHR.PSRC.FE.P5,Sudan,SDN,..
"Intentional homicides, female (per 100,000 female)",VC.IHR.PSRC.FE.P5,Suriname,SUR,..
"Intentional homicides, female (per 100,000 female)",VC.IHR.PSRC.FE.P5,Sweden,SWE,..
"Intentional homicides, female (per 100,000 female)",VC.IHR.PSRC.FE.P5,Switzerland,CHE,..
"Intentional homicides, female (per 100,000 female)",VC.IHR.PSRC.FE.P5,Syrian Arab Republic,SYR,..
"Intentional homicides, female (per 100,000 female)",VC.IHR.PSRC.FE.P5,Tajikistan,TJK,..
"Intentional homicides, female (per 100,000 female)",VC.IHR.PSRC.FE.P5,Tanzania,TZA,..
"Intentional homicides, female (per 100,000 female)",VC.IHR.PSRC.FE.P5,Thailand,THA,..
"Intentional homicides, female (per 100,000 female)",VC.IHR.PSRC.FE.P5,Timor-Leste,TLS,..
"Intentional homicides, female (per 100,000 female)",VC.IHR.PSRC.FE.P5,Togo,TGO,..
"Intentional homicides, female (per 100,000 female)",VC.IHR.PSRC.FE.P5,Tonga,TON,..
"Intentional homicides, female (per 100,000 female)",VC.IHR.PSRC.FE.P5,Trinidad and Tobago,TTO,..
"Intentional homicides, female (per 100,000 female)",VC.IHR.PSRC.FE.P5,Tunisia,TUN,..
"Intentional homicides, female (per 100,000 female)",VC.IHR.PSRC.FE.P5,Turkey,TUR,..
"Intentional homicides, female (per 100,000 female)",VC.IHR.PSRC.FE.P5,Turkmenistan,TKM,..
"Intentional homicides, female (per 100,000 female)",VC.IHR.PSRC.FE.P5,Turks and Caicos Islands,TCA,..
"Intentional homicides, female (per 100,000 female)",VC.IHR.PSRC.FE.P5,Tuvalu,TUV,..
"Intentional homicides, female (per 100,000 female)",VC.IHR.PSRC.FE.P5,Uganda,UGA,..
"Intentional homicides, female (per 100,000 female)",VC.IHR.PSRC.FE.P5,Ukraine,UKR,..
"Intentional homicides, female (per 100,000 female)",VC.IHR.PSRC.FE.P5,United Arab Emirates,ARE,..
"Intentional homicides, female (per 100,000 female)",VC.IHR.PSRC.FE.P5,United Kingdom,GBR,..
"Intentional homicides, female (per 100,000 female)",VC.IHR.PSRC.FE.P5,United States,USA,..
"Intentional homicides, female (per 100,000 female)",VC.IHR.PSRC.FE.P5,Uruguay,URY,..
"Intentional homicides, female (per 100,000 female)",VC.IHR.PSRC.FE.P5,Uzbekistan,UZB,..
"Intentional homicides, female (per 100,000 female)",VC.IHR.PSRC.FE.P5,Vanuatu,VUT,..
"Intentional homicides, female (per 100,000 female)",VC.IHR.PSRC.FE.P5,"Venezuela, RB",VEN,..
"Intentional homicides, female (per 100,000 female)",VC.IHR.PSRC.FE.P5,Vietnam,VNM,..
"Intentional homicides, female (per 100,000 female)",VC.IHR.PSRC.FE.P5,Virgin Islands (U.S.),VIR,..
"Intentional homicides, female (per 100,000 female)",VC.IHR.PSRC.FE.P5,West Bank and Gaza,PSE,..
"Intentional homicides, female (per 100,000 female)",VC.IHR.PSRC.FE.P5,"Yemen, Rep.",YEM,..
"Intentional homicides, female (per 100,000 female)",VC.IHR.PSRC.FE.P5,Zambia,ZMB,..
"Intentional homicides, female (per 100,000 female)",VC.IHR.PSRC.FE.P5,Zimbabwe,ZWE,..
"Intentional homicides, female (per 100,000 female)",VC.IHR.PSRC.FE.P5,Africa Eastern and Southern,AFE,..
"Intentional homicides, female (per 100,000 female)",VC.IHR.PSRC.FE.P5,Africa Western and Central,AFW,..
"Intentional homicides, female (per 100,000 female)",VC.IHR.PSRC.FE.P5,Arab World,ARB,..
"Intentional homicides, female (per 100,000 female)",VC.IHR.PSRC.FE.P5,Caribbean small states,CSS,..
"Intentional homicides, female (per 100,000 female)",VC.IHR.PSRC.FE.P5,Central Europe and the Baltics,CEB,..
"Intentional homicides, female (per 100,000 female)",VC.IHR.PSRC.FE.P5,Early-demographic dividend,EAR,..
"Intentional homicides, female (per 100,000 female)",VC.IHR.PSRC.FE.P5,East Asia & Pacific,EAS,..
"Intentional homicides, female (per 100,000 female)",VC.IHR.PSRC.FE.P5,East Asia & Pacific (excluding high income),EAP,..
"Intentional homicides, female (per 100,000 female)",VC.IHR.PSRC.FE.P5,East Asia & Pacific (IDA & IBRD countries),TEA,..
"Intentional homicides, female (per 100,000 female)",VC.IHR.PSRC.FE.P5,Euro area,EMU,..
"Intentional homicides, female (per 100,000 female)",VC.IHR.PSRC.FE.P5,Europe & Central Asia,ECS,..
"Intentional homicides, female (per 100,000 female)",VC.IHR.PSRC.FE.P5,Europe & Central Asia (excluding high income),ECA,..
"Intentional homicides, female (per 100,000 female)",VC.IHR.PSRC.FE.P5,Europe & Central Asia (IDA & IBRD countries),TEC,..
"Intentional homicides, female (per 100,000 female)",VC.IHR.PSRC.FE.P5,European Union,EUU,..
"Intentional homicides, female (per 100,000 female)",VC.IHR.PSRC.FE.P5,Fragile and conflict affected situations,FCS,..
"Intentional homicides, female (per 100,000 female)",VC.IHR.PSRC.FE.P5,Heavily indebted poor countries (HIPC),HPC,..
"Intentional homicides, female (per 100,000 female)",VC.IHR.PSRC.FE.P5,High income,HIC,..
"Intentional homicides, female (per 100,000 female)",VC.IHR.PSRC.FE.P5,IBRD only,IBD,..
"Intentional homicides, female (per 100,000 female)",VC.IHR.PSRC.FE.P5,IDA & IBRD total,IBT,..
"Intentional homicides, female (per 100,000 female)",VC.IHR.PSRC.FE.P5,IDA blend,IDB,..
"Intentional homicides, female (per 100,000 female)",VC.IHR.PSRC.FE.P5,IDA only,IDX,..
"Intentional homicides, female (per 100,000 female)",VC.IHR.PSRC.FE.P5,IDA total,IDA,..
"Intentional homicides, female (per 100,000 female)",VC.IHR.PSRC.FE.P5,Late-demographic dividend,LTE,..
"Intentional homicides, female (per 100,000 female)",VC.IHR.PSRC.FE.P5,Latin America & Caribbean,LCN,..
"Intentional homicides, female (per 100,000 female)",VC.IHR.PSRC.FE.P5,Latin America & Caribbean (excluding high income),LAC,..
"Intentional homicides, female (per 100,000 female)",VC.IHR.PSRC.FE.P5,Latin America & the Caribbean (IDA & IBRD countries),TLA,..
"Intentional homicides, female (per 100,000 female)",VC.IHR.PSRC.FE.P5,Least developed countries: UN classification,LDC,..
"Intentional homicides, female (per 100,000 female)",VC.IHR.PSRC.FE.P5,Low & middle income,LMY,..
"Intentional homicides, female (per 100,000 female)",VC.IHR.PSRC.FE.P5,Low income,LIC,..
"Intentional homicides, female (per 100,000 female)",VC.IHR.PSRC.FE.P5,Lower middle income,LMC,..
"Intentional homicides, female (per 100,000 female)",VC.IHR.PSRC.FE.P5,Middle East & North Africa,MEA,..
"Intentional homicides, female (per 100,000 female)",VC.IHR.PSRC.FE.P5,Middle East & North Africa (excluding high income),MNA,..
"Intentional homicides, female (per 100,000 female)",VC.IHR.PSRC.FE.P5,Middle East & North Africa (IDA & IBRD countries),TMN,..
"Intentional homicides, female (per 100,000 female)",VC.IHR.PSRC.FE.P5,Middle income,MIC,..
"Intentional homicides, female (per 100,000 female)",VC.IHR.PSRC.FE.P5,North America,NAC,..
"Intentional homicides, female (per 100,000 female)",VC.IHR.PSRC.FE.P5,Not classified,INX,..
"Intentional homicides, female (per 100,000 female)",VC.IHR.PSRC.FE.P5,OECD members,OED,..
"Intentional homicides, female (per 100,000 female)",VC.IHR.PSRC.FE.P5,Other small states,OSS,..
"Intentional homicides, female (per 100,000 female)",VC.IHR.PSRC.FE.P5,Pacific island small states,PSS,..
"Intentional homicides, female (per 100,000 female)",VC.IHR.PSRC.FE.P5,Post-demographic dividend,PST,..
"Intentional homicides, female (per 100,000 female)",VC.IHR.PSRC.FE.P5,Pre-demographic dividend,PRE,..
"Intentional homicides, female (per 100,000 female)",VC.IHR.PSRC.FE.P5,Small states,SST,..
"Intentional homicides, female (per 100,000 female)",VC.IHR.PSRC.FE.P5,South Asia,SAS,..
"Intentional homicides, female (per 100,000 female)",VC.IHR.PSRC.FE.P5,South Asia (IDA & IBRD),TSA,..
"Intentional homicides, female (per 100,000 female)",VC.IHR.PSRC.FE.P5,Sub-Saharan Africa,SSF,..
"Intentional homicides, female (per 100,000 female)",VC.IHR.PSRC.FE.P5,Sub-Saharan Africa (excluding high income),SSA,..
"Intentional homicides, female (per 100,000 female)",VC.IHR.PSRC.FE.P5,Sub-Saharan Africa (IDA & IBRD countries),TSS,..
"Intentional homicides, female (per 100,000 female)",VC.IHR.PSRC.FE.P5,Upper middle income,UMC,..
"Intentional homicides, female (per 100,000 female)",VC.IHR.PSRC.FE.P5,World,WLD,..
Military expenditure (% of GDP),MS.MIL.XPND.GD.ZS,Afghanistan,AFG,1.36968441109766
Military expenditure (% of GDP),MS.MIL.XPND.GD.ZS,Albania,ALB,1.53546471347491
Military expenditure (% of GDP),MS.MIL.XPND.GD.ZS,Algeria,DZA,6.65999372695062
Military expenditure (% of GDP),MS.MIL.XPND.GD.ZS,American Samoa,ASM,..
Military expenditure (% of GDP),MS.MIL.XPND.GD.ZS,Andorra,AND,..
Military expenditure (% of GDP),MS.MIL.XPND.GD.ZS,Angola,AGO,1.61585203608809
Military expenditure (% of GDP),MS.MIL.XPND.GD.ZS,Antigua and Barbuda,ATG,..
Military expenditure (% of GDP),MS.MIL.XPND.GD.ZS,Argentina,ARG,0.761486737293151
Military expenditure (% of GDP),MS.MIL.XPND.GD.ZS,Armenia,ARM,4.85804841168719
Military expenditure (% of GDP),MS.MIL.XPND.GD.ZS,Aruba,ABW,..
Military expenditure (% of GDP),MS.MIL.XPND.GD.ZS,Australia,AUS,2.06304277734412
Military expenditure (% of GDP),MS.MIL.XPND.GD.ZS,Austria,AUT,0.836613874204963
Military expenditure (% of GDP),MS.MIL.XPND.GD.ZS,Azerbaijan,AZE,5.39049499415887
Military expenditure (% of GDP),MS.MIL.XPND.GD.ZS,"Bahamas, The",BHS,..
Military expenditure (% of GDP),MS.MIL.XPND.GD.ZS,Bahrain,BHR,4.07439737467417
Military expenditure (% of GDP),MS.MIL.XPND.GD.ZS,Bangladesh,BGD,1.30186286205006
Military expenditure (% of GDP),MS.MIL.XPND.GD.ZS,Barbados,BRB,..
Military expenditure (% of GDP),MS.MIL.XPND.GD.ZS,Belarus,BLR,1.25428102951708
Military expenditure (% of GDP),MS.MIL.XPND.GD.ZS,Belgium,BEL,1.08084225652653
Military expenditure (% of GDP),MS.MIL.XPND.GD.ZS,Belize,BLZ,1.5748306024001
Military expenditure (% of GDP),MS.MIL.XPND.GD.ZS,Benin,BEN,0.47063491684139
Military expenditure (% of GDP),MS.MIL.XPND.GD.ZS,Bermuda,BMU,..
Military expenditure (% of GDP),MS.MIL.XPND.GD.ZS,Bhutan,BTN,..
Military expenditure (% of GDP),MS.MIL.XPND.GD.ZS,Bolivia,BOL,1.57351874040217
Military expenditure (% of GDP),MS.MIL.XPND.GD.ZS,Bosnia and Herzegovina,BIH,0.875244991436492
Military expenditure (% of GDP),MS.MIL.XPND.GD.ZS,Botswana,BWA,3.5022858594132
Military expenditure (% of GDP),MS.MIL.XPND.GD.ZS,Brazil,BRA,1.43916822562215
Military expenditure (% of GDP),MS.MIL.XPND.GD.ZS,British Virgin Islands,VGB,..
Military expenditure (% of GDP),MS.MIL.XPND.GD.ZS,Brunei Darussalam,BRN,4.08087830418348
Military expenditure (% of GDP),MS.MIL.XPND.GD.ZS,Bulgaria,BGR,1.82470413961981
Military expenditure (% of GDP),MS.MIL.XPND.GD.ZS,Burkina Faso,BFA,2.73395381282699
Military expenditure (% of GDP),MS.MIL.XPND.GD.ZS,Burundi,BDI,1.97921598967036
Military expenditure (% of GDP),MS.MIL.XPND.GD.ZS,Cabo Verde,CPV,0.590190722908897
Military expenditure (% of GDP),MS.MIL.XPND.GD.ZS,Cambodia,KHM,2.44546663012782
Military expenditure (% of GDP),MS.MIL.XPND.GD.ZS,Cameroon,CMR,1.01044301237486
Military expenditure (% of GDP),MS.MIL.XPND.GD.ZS,Canada,CAN,1.415055840779
Military expenditure (% of GDP),MS.MIL.XPND.GD.ZS,Cayman Islands,CYM,..
Military expenditure (% of GDP),MS.MIL.XPND.GD.ZS,Central African Republic,CAF,1.87214862651686
Military expenditure (% of GDP),MS.MIL.XPND.GD.ZS,Chad,TCD,3.07840567425457
Military expenditure (% of GDP),MS.MIL.XPND.GD.ZS,Channel Islands,CHI,..
Military expenditure (% of GDP),MS.MIL.XPND.GD.ZS,Chile,CHL,1.85390740716162
Military expenditure (% of GDP),MS.MIL.XPND.GD.ZS,China,CHN,1.74979577278881
Military expenditure (% of GDP),MS.MIL.XPND.GD.ZS,Colombia,COL,3.37576351907916
Military expenditure (% of GDP),MS.MIL.XPND.GD.ZS,Comoros,COM,..
Military expenditure (% of GDP),MS.MIL.XPND.GD.ZS,"Congo, Dem. Rep.",COD,0.749453965197063
Military expenditure (% of GDP),MS.MIL.XPND.GD.ZS,"Congo, Rep.",COG,3.38433055518262
Military expenditure (% of GDP),MS.MIL.XPND.GD.ZS,Costa Rica,CRI,0
Military expenditure (% of GDP),MS.MIL.XPND.GD.ZS,Cote d'Ivoire,CIV,1.32823997840976
Military expenditure (% of GDP),MS.MIL.XPND.GD.ZS,Croatia,HRV,1.84894900060586
Military expenditure (% of GDP),MS.MIL.XPND.GD.ZS,Cuba,CUB,..
Military expenditure (% of GDP),MS.MIL.XPND.GD.ZS,Curacao,CUW,..
Military expenditure (% of GDP),MS.MIL.XPND.GD.ZS,Cyprus,CYP,1.77894047811628
Military expenditure (% of GDP),MS.MIL.XPND.GD.ZS,Czech Republic,CZE,1.35484504251432
Military expenditure (% of GDP),MS.MIL.XPND.GD.ZS,Denmark,DNK,1.44226813942392
Military expenditure (% of GDP),MS.MIL.XPND.GD.ZS,Djibouti,DJI,..
Military expenditure (% of GDP),MS.MIL.XPND.GD.ZS,Dominica,DMA,..
Military expenditure (% of GDP),MS.MIL.XPND.GD.ZS,Dominican Republic,DOM,0.750479965269961
Military expenditure (% of GDP),MS.MIL.XPND.GD.ZS,Ecuador,ECU,2.41035152835116
Military expenditure (% of GDP),MS.MIL.XPND.GD.ZS,"Egypt, Arab Rep.",EGY,1.2241723725415
Military expenditure (% of GDP),MS.MIL.XPND.GD.ZS,El Salvador,SLV,1.50211813901968
Military expenditure (% of GDP),MS.MIL.XPND.GD.ZS,Equatorial Guinea,GNQ,..
Military expenditure (% of GDP),MS.MIL.XPND.GD.ZS,Eritrea,ERI,..
Military expenditure (% of GDP),MS.MIL.XPND.GD.ZS,Estonia,EST,2.30748738623167
Military expenditure (% of GDP),MS.MIL.XPND.GD.ZS,Eswatini,SWZ,1.83670543778148
Military expenditure (% of GDP),MS.MIL.XPND.GD.ZS,Ethiopia,ETH,0.481146129201597
Military expenditure (% of GDP),MS.MIL.XPND.GD.ZS,Faroe Islands,FRO,..
Military expenditure (% of GDP),MS.MIL.XPND.GD.ZS,Fiji,FJI,1.75011439036282
Military expenditure (% of GDP),MS.MIL.XPND.GD.ZS,Finland,FIN,1.53045094218018
Military expenditure (% of GDP),MS.MIL.XPND.GD.ZS,France,FRA,2.07332142732331
Military expenditure (% of GDP),MS.MIL.XPND.GD.ZS,French Polynesia,PYF,..
Military expenditure (% of GDP),MS.MIL.XPND.GD.ZS,Gabon,GAB,1.76237435513061
Military expenditure (% of GDP),MS.MIL.XPND.GD.ZS,"Gambia, The",GMB,0.828278886205045
Military expenditure (% of GDP),MS.MIL.XPND.GD.ZS,Georgia,GEO,1.80964773536432
Military expenditure (% of GDP),MS.MIL.XPND.GD.ZS,Germany,DEU,1.39973036824072
Military expenditure (% of GDP),MS.MIL.XPND.GD.ZS,Ghana,GHA,0.446156223059299
Military expenditure (% of GDP),MS.MIL.XPND.GD.ZS,Gibraltar,GIB,..
Military expenditure (% of GDP),MS.MIL.XPND.GD.ZS,Greece,GRC,2.79556314613436
Military expenditure (% of GDP),MS.MIL.XPND.GD.ZS,Greenland,GRL,..
Military expenditure (% of GDP),MS.MIL.XPND.GD.ZS,Grenada,GRD,..
Military expenditure (% of GDP),MS.MIL.XPND.GD.ZS,Guam,GUM,..
Military expenditure (% of GDP),MS.MIL.XPND.GD.ZS,Guatemala,GTM,0.483220755707797
Military expenditure (% of GDP),MS.MIL.XPND.GD.ZS,Guinea,GIN,1.45751192274533
Military expenditure (% of GDP),MS.MIL.XPND.GD.ZS,Guinea-Bissau,GNB,1.73615260258345
Military expenditure (% of GDP),MS.MIL.XPND.GD.ZS,Guyana,GUY,1.19900308854729
Military expenditure (% of GDP),MS.MIL.XPND.GD.ZS,Haiti,HTI,0.0028940747154155
Military expenditure (% of GDP),MS.MIL.XPND.GD.ZS,Honduras,HND,1.65993826881731
Military expenditure (% of GDP),MS.MIL.XPND.GD.ZS,"Hong Kong SAR, China",HKG,..
Military expenditure (% of GDP),MS.MIL.XPND.GD.ZS,Hungary,HUN,1.61431325739574
Military expenditure (% of GDP),MS.MIL.XPND.GD.ZS,Iceland,ISL,..
Military expenditure (% of GDP),MS.MIL.XPND.GD.ZS,India,IND,2.88267039974077
Military expenditure (% of GDP),MS.MIL.XPND.GD.ZS,Indonesia,IDN,0.860574024320101
Military expenditure (% of GDP),MS.MIL.XPND.GD.ZS,"Iran, Islamic Rep.",IRN,2.16179217744462
Military expenditure (% of GDP),MS.MIL.XPND.GD.ZS,Iraq,IRQ,4.05475251228023
Military expenditure (% of GDP),MS.MIL.XPND.GD.ZS,Ireland,IRL,0.287487700393757
Military expenditure (% of GDP),MS.MIL.XPND.GD.ZS,Isle of Man,IMN,..
Military expenditure (% of GDP),MS.MIL.XPND.GD.ZS,Israel,ISR,5.62452693315313
Military expenditure (% of GDP),MS.MIL.XPND.GD.ZS,Italy,ITA,1.56752489076344
Military expenditure (% of GDP),MS.MIL.XPND.GD.ZS,Jamaica,JAM,1.73506093982142
Military expenditure (% of GDP),MS.MIL.XPND.GD.ZS,Japan,JPN,0.996825438452519
Military expenditure (% of GDP),MS.MIL.XPND.GD.ZS,Jordan,JOR,4.96253606127416
Military expenditure (% of GDP),MS.MIL.XPND.GD.ZS,Kazakhstan,KAZ,1.05485245344302
Military expenditure (% of GDP),MS.MIL.XPND.GD.ZS,Kenya,KEN,1.10483981928891
Military expenditure (% of GDP),MS.MIL.XPND.GD.ZS,Kiribati,KIR,..
Military expenditure (% of GDP),MS.MIL.XPND.GD.ZS,"Korea, Dem. People's Rep.",PRK,..
Military expenditure (% of GDP),MS.MIL.XPND.GD.ZS,"Korea, Rep.",KOR,2.84724054681077
Military expenditure (% of GDP),MS.MIL.XPND.GD.ZS,Kosovo,XKX,1.06055250928462
Military expenditure (% of GDP),MS.MIL.XPND.GD.ZS,Kuwait,KWT,6.4960674842095
Military expenditure (% of GDP),MS.MIL.XPND.GD.ZS,Kyrgyz Republic,KGZ,1.78796904122019
Military expenditure (% of GDP),MS.MIL.XPND.GD.ZS,Lao PDR,LAO,..
Military expenditure (% of GDP),MS.MIL.XPND.GD.ZS,Latvia,LVA,2.30004610921485
Military expenditure (% of GDP),MS.MIL.XPND.GD.ZS,Lebanon,LBN,3.0326454174822
Military expenditure (% of GDP),MS.MIL.XPND.GD.ZS,Lesotho,LSO,1.59569022830918
Military expenditure (% of GDP),MS.MIL.XPND.GD.ZS,Liberia,LBR,1.27793014115703
Military expenditure (% of GDP),MS.MIL.XPND.GD.ZS,Libya,LBY,..
Military expenditure (% of GDP),MS.MIL.XPND.GD.ZS,Liechtenstein,LIE,..
Military expenditure (% of GDP),MS.MIL.XPND.GD.ZS,Lithuania,LTU,2.12143436926095
Military expenditure (% of GDP),MS.MIL.XPND.GD.ZS,Luxembourg,LUX,0.756798000025157
Military expenditure (% of GDP),MS.MIL.XPND.GD.ZS,"Macao SAR, China",MAC,..
Military expenditure (% of GDP),MS.MIL.XPND.GD.ZS,Madagascar,MDG,0.738679821916371
Military expenditure (% of GDP),MS.MIL.XPND.GD.ZS,Malawi,MWI,1.10489301930592
Military expenditure (% of GDP),MS.MIL.XPND.GD.ZS,Malaysia,MYS,1.13628419925936
Military expenditure (% of GDP),MS.MIL.XPND.GD.ZS,Maldives,MDV,..
Military expenditure (% of GDP),MS.MIL.XPND.GD.ZS,Mali,MLI,3.32534013053696
Military expenditure (% of GDP),MS.MIL.XPND.GD.ZS,Malta,MLT,0.562732853067052
Military expenditure (% of GDP),MS.MIL.XPND.GD.ZS,Marshall Islands,MHL,..
Military expenditure (% of GDP),MS.MIL.XPND.GD.ZS,Mauritania,MRT,2.47188431168156
Military expenditure (% of GDP),MS.MIL.XPND.GD.ZS,Mauritius,MUS,0.159564902961198
Military expenditure (% of GDP),MS.MIL.XPND.GD.ZS,Mexico,MEX,0.573651659477899
Military expenditure (% of GDP),MS.MIL.XPND.GD.ZS,"Micronesia, Fed. Sts.",FSM,..
Military expenditure (% of GDP),MS.MIL.XPND.GD.ZS,Moldova,MDA,0.374838462518668
Military expenditure (% of GDP),MS.MIL.XPND.GD.ZS,Monaco,MCO,..
Military expenditure (% of GDP),MS.MIL.XPND.GD.ZS,Mongolia,MNG,0.765310217022435
Military expenditure (% of GDP),MS.MIL.XPND.GD.ZS,Montenegro,MNE,2.05345049845636
Military expenditure (% of GDP),MS.MIL.XPND.GD.ZS,Morocco,MAR,4.28102888137034
Military expenditure (% of GDP),MS.MIL.XPND.GD.ZS,Mozambique,MOZ,1.07768279337629
Military expenditure (% of GDP),MS.MIL.XPND.GD.ZS,Myanmar,MMR,2.89260995931037
Military expenditure (% of GDP),MS.MIL.XPND.GD.ZS,Namibia,NAM,3.27634353543113
Military expenditure (% of GDP),MS.MIL.XPND.GD.ZS,Nauru,NRU,..
Military expenditure (% of GDP),MS.MIL.XPND.GD.ZS,Nepal,NPL,1.36358563365333
Military expenditure (% of GDP),MS.MIL.XPND.GD.ZS,Netherlands,NLD,1.42324474005631
Military expenditure (% of GDP),MS.MIL.XPND.GD.ZS,New Caledonia,NCL,..
Military expenditure (% of GDP),MS.MIL.XPND.GD.ZS,New Zealand,NZL,1.54255251624505
Military expenditure (% of GDP),MS.MIL.XPND.GD.ZS,Nicaragua,NIC,0.654150809485012
Military expenditure (% of GDP),MS.MIL.XPND.GD.ZS,Niger,NER,2.44726901984579
Military expenditure (% of GDP),MS.MIL.XPND.GD.ZS,Nigeria,NGA,0.627907834927415
Military expenditure (% of GDP),MS.MIL.XPND.GD.ZS,North Macedonia,MKD,1.28419888219991
Military expenditure (% of GDP),MS.MIL.XPND.GD.ZS,Northern Mariana Islands,MNP,..
Military expenditure (% of GDP),MS.MIL.XPND.GD.ZS,Norway,NOR,1.93661989782264
Military expenditure (% of GDP),MS.MIL.XPND.GD.ZS,Oman,OMN,10.8708929599384
Military expenditure (% of GDP),MS.MIL.XPND.GD.ZS,Pakistan,PAK,4.02471400579356
Military expenditure (% of GDP),MS.MIL.XPND.GD.ZS,Palau,PLW,..
Military expenditure (% of GDP),MS.MIL.XPND.GD.ZS,Panama,PAN,0
Military expenditure (% of GDP),MS.MIL.XPND.GD.ZS,Papua New Guinea,PNG,0.416646928068257
Military expenditure (% of GDP),MS.MIL.XPND.GD.ZS,Paraguay,PRY,1.04212639629652
Military expenditure (% of GDP),MS.MIL.XPND.GD.ZS,Peru,PER,1.34005851443965
Military expenditure (% of GDP),MS.MIL.XPND.GD.ZS,Philippines,PHL,1.01242392260698
Military expenditure (% of GDP),MS.MIL.XPND.GD.ZS,Poland,POL,2.21735066133432
Military expenditure (% of GDP),MS.MIL.XPND.GD.ZS,Portugal,PRT,2.1405632850741
Military expenditure (% of GDP),MS.MIL.XPND.GD.ZS,Puerto Rico,PRI,..
Military expenditure (% of GDP),MS.MIL.XPND.GD.ZS,Qatar,QAT,..
Military expenditure (% of GDP),MS.MIL.XPND.GD.ZS,Romania,ROU,2.31370746619816
Military expenditure (% of GDP),MS.MIL.XPND.GD.ZS,Russian Federation,RUS,4.26344983553312
Military expenditure (% of GDP),MS.MIL.XPND.GD.ZS,Rwanda,RWA,1.39998747869255
Military expenditure (% of GDP),MS.MIL.XPND.GD.ZS,Samoa,WSM,..
Military expenditure (% of GDP),MS.MIL.XPND.GD.ZS,San Marino,SMR,..
Military expenditure (% of GDP),MS.MIL.XPND.GD.ZS,Sao Tome and Principe,STP,..
Military expenditure (% of GDP),MS.MIL.XPND.GD.ZS,Saudi Arabia,SAU,8.44759894618144
Military expenditure (% of GDP),MS.MIL.XPND.GD.ZS,Senegal,SEN,1.61471970010566
Military expenditure (% of GDP),MS.MIL.XPND.GD.ZS,Serbia,SRB,2.10933437250618
Military expenditure (% of GDP),MS.MIL.XPND.GD.ZS,Seychelles,SYC,1.58468040730908
Military expenditure (% of GDP),MS.MIL.XPND.GD.ZS,Sierra Leone,SLE,0.582096575895398
Military expenditure (% of GDP),MS.MIL.XPND.GD.ZS,Singapore,SGP,3.2015335956731
Military expenditure (% of GDP),MS.MIL.XPND.GD.ZS,Sint Maarten (Dutch part),SXM,..
Military expenditure (% of GDP),MS.MIL.XPND.GD.ZS,Slovak Republic,SVK,1.81444607109268
Military expenditure (% of GDP),MS.MIL.XPND.GD.ZS,Slovenia,SVN,1.10403442860118
Military expenditure (% of GDP),MS.MIL.XPND.GD.ZS,Solomon Islands,SLB,..
Military expenditure (% of GDP),MS.MIL.XPND.GD.ZS,Somalia,SOM,..
Military expenditure (% of GDP),MS.MIL.XPND.GD.ZS,South Africa,ZAF,1.07419344292801
Military expenditure (% of GDP),MS.MIL.XPND.GD.ZS,South Sudan,SSD,..
Military expenditure (% of GDP),MS.MIL.XPND.GD.ZS,Spain,ESP,1.40205341706531
Military expenditure (% of GDP),MS.MIL.XPND.GD.ZS,Sri Lanka,LKA,1.93310423757205
Military expenditure (% of GDP),MS.MIL.XPND.GD.ZS,St. Kitts and Nevis,KNA,..
Military expenditure (% of GDP),MS.MIL.XPND.GD.ZS,St. Lucia,LCA,..
Military expenditure (% of GDP),MS.MIL.XPND.GD.ZS,St. Martin (French part),MAF,..
Military expenditure (% of GDP),MS.MIL.XPND.GD.ZS,St. Vincent and the Grenadines,VCT,..
Military expenditure (% of GDP),MS.MIL.XPND.GD.ZS,Sudan,SDN,1.13172569881236
Military expenditure (% of GDP),MS.MIL.XPND.GD.ZS,Suriname,SUR,..
Military expenditure (% of GDP),MS.MIL.XPND.GD.ZS,Sweden,SWE,1.22139733216777
Military expenditure (% of GDP),MS.MIL.XPND.GD.ZS,Switzerland,CHE,0.77852063912652
Military expenditure (% of GDP),MS.MIL.XPND.GD.ZS,Syrian Arab Republic,SYR,..
Military expenditure (% of GDP),MS.MIL.XPND.GD.ZS,Tajikistan,TJK,1.01068975228673
Military expenditure (% of GDP),MS.MIL.XPND.GD.ZS,Tanzania,TZA,1.02622383527583
Military expenditure (% of GDP),MS.MIL.XPND.GD.ZS,Thailand,THA,1.47384973855033
Military expenditure (% of GDP),MS.MIL.XPND.GD.ZS,Timor-Leste,TLS,1.16219772323079
Military expenditure (% of GDP),MS.MIL.XPND.GD.ZS,Togo,TGO,2.0142400184783
Military expenditure (% of GDP),MS.MIL.XPND.GD.ZS,Tonga,TON,..
Military expenditure (% of GDP),MS.MIL.XPND.GD.ZS,Trinidad and Tobago,TTO,0.684735519566895
Military expenditure (% of GDP),MS.MIL.XPND.GD.ZS,Tunisia,TUN,2.90774446975491
Military expenditure (% of GDP),MS.MIL.XPND.GD.ZS,Turkey,TUR,2.77247201881667
Military expenditure (% of GDP),MS.MIL.XPND.GD.ZS,Turkmenistan,TKM,..
Military expenditure (% of GDP),MS.MIL.XPND.GD.ZS,Turks and Caicos Islands,TCA,..
Military expenditure (% of GDP),MS.MIL.XPND.GD.ZS,Tuvalu,TUV,..
Military expenditure (% of GDP),MS.MIL.XPND.GD.ZS,Uganda,UGA,2.59714466527543
Military expenditure (% of GDP),MS.MIL.XPND.GD.ZS,Ukraine,UKR,4.12919832120276
Military expenditure (% of GDP),MS.MIL.XPND.GD.ZS,United Arab Emirates,ARE,..
Military expenditure (% of GDP),MS.MIL.XPND.GD.ZS,United Kingdom,GBR,2.2465466792599
Military expenditure (% of GDP),MS.MIL.XPND.GD.ZS,United States,USA,3.74116009078512
Military expenditure (% of GDP),MS.MIL.XPND.GD.ZS,Uruguay,URY,2.3214604777572
Military expenditure (% of GDP),MS.MIL.XPND.GD.ZS,Uzbekistan,UZB,..
Military expenditure (% of GDP),MS.MIL.XPND.GD.ZS,Vanuatu,VUT,..
Military expenditure (% of GDP),MS.MIL.XPND.GD.ZS,"Venezuela, RB",VEN,..
Military expenditure (% of GDP),MS.MIL.XPND.GD.ZS,Vietnam,VNM,..
Military expenditure (% of GDP),MS.MIL.XPND.GD.ZS,Virgin Islands (U.S.),VIR,..
Military expenditure (% of GDP),MS.MIL.XPND.GD.ZS,West Bank and Gaza,PSE,..
Military expenditure (% of GDP),MS.MIL.XPND.GD.ZS,"Yemen, Rep.",YEM,..
Military expenditure (% of GDP),MS.MIL.XPND.GD.ZS,Zambia,ZMB,1.15422546153367
Military expenditure (% of GDP),MS.MIL.XPND.GD.ZS,Zimbabwe,ZWE,..
Military expenditure (% of GDP),MS.MIL.XPND.GD.ZS,Africa Eastern and Southern,AFE,1.15145684268783
Military expenditure (% of GDP),MS.MIL.XPND.GD.ZS,Africa Western and Central,AFW,1.00838580248735
Military expenditure (% of GDP),MS.MIL.XPND.GD.ZS,Arab World,ARB,5.69837692703625
Military expenditure (% of GDP),MS.MIL.XPND.GD.ZS,Caribbean small states,CSS,..
Military expenditure (% of GDP),MS.MIL.XPND.GD.ZS,Central Europe and the Baltics,CEB,1.95602765187137
Military expenditure (% of GDP),MS.MIL.XPND.GD.ZS,Early-demographic dividend,EAR,2.5095185329434
Military expenditure (% of GDP),MS.MIL.XPND.GD.ZS,East Asia & Pacific,EAS,1.65518455984136
Military expenditure (% of GDP),MS.MIL.XPND.GD.ZS,East Asia & Pacific (excluding high income),EAP,1.66277361634367
Military expenditure (% of GDP),MS.MIL.XPND.GD.ZS,East Asia & Pacific (IDA & IBRD countries),TEA,1.66277361634367
Military expenditure (% of GDP),MS.MIL.XPND.GD.ZS,Euro area,EMU,1.53596003198899
Military expenditure (% of GDP),MS.MIL.XPND.GD.ZS,Europe & Central Asia,ECS,1.87314231335889
Military expenditure (% of GDP),MS.MIL.XPND.GD.ZS,Europe & Central Asia (excluding high income),ECA,3.35010914606976
Military expenditure (% of GDP),MS.MIL.XPND.GD.ZS,Europe & Central Asia (IDA & IBRD countries),TEC,3.14831126582009
Military expenditure (% of GDP),MS.MIL.XPND.GD.ZS,European Union,EUU,1.56226237735456
Military expenditure (% of GDP),MS.MIL.XPND.GD.ZS,Fragile and conflict affected situations,FCS,1.75162177671773
Military expenditure (% of GDP),MS.MIL.XPND.GD.ZS,Heavily indebted poor countries (HIPC),HPC,1.23874439506626
Military expenditure (% of GDP),MS.MIL.XPND.GD.ZS,High income,HIC,2.61468437569284
Military expenditure (% of GDP),MS.MIL.XPND.GD.ZS,IBRD only,IBD,1.95479554315251
Military expenditure (% of GDP),MS.MIL.XPND.GD.ZS,IDA & IBRD total,IBT,1.92708260067743
Military expenditure (% of GDP),MS.MIL.XPND.GD.ZS,IDA blend,IDB,1.7472777353426
Military expenditure (% of GDP),MS.MIL.XPND.GD.ZS,IDA only,IDX,1.37751469352301
Military expenditure (% of GDP),MS.MIL.XPND.GD.ZS,IDA total,IDA,1.53492441335793
Military expenditure (% of GDP),MS.MIL.XPND.GD.ZS,Late-demographic dividend,LTE,1.96851805375645
Military expenditure (% of GDP),MS.MIL.XPND.GD.ZS,Latin America & Caribbean,LCN,1.25533024286959
Military expenditure (% of GDP),MS.MIL.XPND.GD.ZS,Latin America & Caribbean (excluding high income),LAC,1.20527714274074
Military expenditure (% of GDP),MS.MIL.XPND.GD.ZS,Latin America & the Caribbean (IDA & IBRD countries),TLA,1.25533024286959
Military expenditure (% of GDP),MS.MIL.XPND.GD.ZS,Least developed countries: UN classification,LDC,1.45933341173629
Military expenditure (% of GDP),MS.MIL.XPND.GD.ZS,Low & middle income,LMY,1.9223285877026
Military expenditure (% of GDP),MS.MIL.XPND.GD.ZS,Low income,LIC,1.36216152049056
Military expenditure (% of GDP),MS.MIL.XPND.GD.ZS,Lower middle income,LMC,2.15224279595483
Military expenditure (% of GDP),MS.MIL.XPND.GD.ZS,Middle East & North Africa,MEA,5.41063206138559
Military expenditure (% of GDP),MS.MIL.XPND.GD.ZS,Middle East & North Africa (excluding high income),MNA,3.10551743609709
Military expenditure (% of GDP),MS.MIL.XPND.GD.ZS,Middle East & North Africa (IDA & IBRD countries),TMN,3.10551743609709
Military expenditure (% of GDP),MS.MIL.XPND.GD.ZS,Middle income,MIC,1.92951284052688
Military expenditure (% of GDP),MS.MIL.XPND.GD.ZS,North America,NAC,3.57148048784269
Military expenditure (% of GDP),MS.MIL.XPND.GD.ZS,Not classified,INX,..
Military expenditure (% of GDP),MS.MIL.XPND.GD.ZS,OECD members,OED,2.48641139544564
Military expenditure (% of GDP),MS.MIL.XPND.GD.ZS,Other small states,OSS,..
Military expenditure (% of GDP),MS.MIL.XPND.GD.ZS,Pacific island small states,PSS,..
Military expenditure (% of GDP),MS.MIL.XPND.GD.ZS,Post-demographic dividend,PST,2.5292995017226
Military expenditure (% of GDP),MS.MIL.XPND.GD.ZS,Pre-demographic dividend,PRE,1.51598698736678
Military expenditure (% of GDP),MS.MIL.XPND.GD.ZS,Small states,SST,..
Military expenditure (% of GDP),MS.MIL.XPND.GD.ZS,South Asia,SAS,2.77352523687997
Military expenditure (% of GDP),MS.MIL.XPND.GD.ZS,South Asia (IDA & IBRD),TSA,2.77352523687997
Military expenditure (% of GDP),MS.MIL.XPND.GD.ZS,Sub-Saharan Africa,SSF,1.08474537569105
Military expenditure (% of GDP),MS.MIL.XPND.GD.ZS,Sub-Saharan Africa (excluding high income),SSA,1.08442619211934
Military expenditure (% of GDP),MS.MIL.XPND.GD.ZS,Sub-Saharan Africa (IDA & IBRD countries),TSS,1.08474537569105
Military expenditure (% of GDP),MS.MIL.XPND.GD.ZS,Upper middle income,UMC,1.86168440331405
Military expenditure (% of GDP),MS.MIL.XPND.GD.ZS,World,WLD,2.36052941081294
Losses due to theft and vandalism (% of annual sales of affected firms),IC.FRM.CRIM.ZS,Afghanistan,AFG,..
Losses due to theft and vandalism (% of annual sales of affected firms),IC.FRM.CRIM.ZS,Albania,ALB,..
Losses due to theft and vandalism (% of annual sales of affected firms),IC.FRM.CRIM.ZS,Algeria,DZA,..
Losses due to theft and vandalism (% of annual sales of affected firms),IC.FRM.CRIM.ZS,American Samoa,ASM,..
Losses due to theft and vandalism (% of annual sales of affected firms),IC.FRM.CRIM.ZS,Andorra,AND,..
Losses due to theft and vandalism (% of annual sales of affected firms),IC.FRM.CRIM.ZS,Angola,AGO,..
Losses due to theft and vandalism (% of annual sales of affected firms),IC.FRM.CRIM.ZS,Antigua and Barbuda,ATG,..
Losses due to theft and vandalism (% of annual sales of affected firms),IC.FRM.CRIM.ZS,Argentina,ARG,..
Losses due to theft and vandalism (% of annual sales of affected firms),IC.FRM.CRIM.ZS,Armenia,ARM,1.3
Losses due to theft and vandalism (% of annual sales of affected firms),IC.FRM.CRIM.ZS,Aruba,ABW,..
Losses due to theft and vandalism (% of annual sales of affected firms),IC.FRM.CRIM.ZS,Australia,AUS,..
Losses due to theft and vandalism (% of annual sales of affected firms),IC.FRM.CRIM.ZS,Austria,AUT,..
Losses due to theft and vandalism (% of annual sales of affected firms),IC.FRM.CRIM.ZS,Azerbaijan,AZE,..
Losses due to theft and vandalism (% of annual sales of affected firms),IC.FRM.CRIM.ZS,"Bahamas, The",BHS,..
Losses due to theft and vandalism (% of annual sales of affected firms),IC.FRM.CRIM.ZS,Bahrain,BHR,..
Losses due to theft and vandalism (% of annual sales of affected firms),IC.FRM.CRIM.ZS,Bangladesh,BGD,..
Losses due to theft and vandalism (% of annual sales of affected firms),IC.FRM.CRIM.ZS,Barbados,BRB,..
Losses due to theft and vandalism (% of annual sales of affected firms),IC.FRM.CRIM.ZS,Belarus,BLR,..
Losses due to theft and vandalism (% of annual sales of affected firms),IC.FRM.CRIM.ZS,Belgium,BEL,1.1
Losses due to theft and vandalism (% of annual sales of affected firms),IC.FRM.CRIM.ZS,Belize,BLZ,..
Losses due to theft and vandalism (% of annual sales of affected firms),IC.FRM.CRIM.ZS,Benin,BEN,..
Losses due to theft and vandalism (% of annual sales of affected firms),IC.FRM.CRIM.ZS,Bermuda,BMU,..
Losses due to theft and vandalism (% of annual sales of affected firms),IC.FRM.CRIM.ZS,Bhutan,BTN,..
Losses due to theft and vandalism (% of annual sales of affected firms),IC.FRM.CRIM.ZS,Bolivia,BOL,..
Losses due to theft and vandalism (% of annual sales of affected firms),IC.FRM.CRIM.ZS,Bosnia and Herzegovina,BIH,..
Losses due to theft and vandalism (% of annual sales of affected firms),IC.FRM.CRIM.ZS,Botswana,BWA,..
Losses due to theft and vandalism (% of annual sales of affected firms),IC.FRM.CRIM.ZS,Brazil,BRA,..
Losses due to theft and vandalism (% of annual sales of affected firms),IC.FRM.CRIM.ZS,British Virgin Islands,VGB,..
Losses due to theft and vandalism (% of annual sales of affected firms),IC.FRM.CRIM.ZS,Brunei Darussalam,BRN,..
Losses due to theft and vandalism (% of annual sales of affected firms),IC.FRM.CRIM.ZS,Bulgaria,BGR,..
Losses due to theft and vandalism (% of annual sales of affected firms),IC.FRM.CRIM.ZS,Burkina Faso,BFA,..
Losses due to theft and vandalism (% of annual sales of affected firms),IC.FRM.CRIM.ZS,Burundi,BDI,..
Losses due to theft and vandalism (% of annual sales of affected firms),IC.FRM.CRIM.ZS,Cabo Verde,CPV,..
Losses due to theft and vandalism (% of annual sales of affected firms),IC.FRM.CRIM.ZS,Cambodia,KHM,..
Losses due to theft and vandalism (% of annual sales of affected firms),IC.FRM.CRIM.ZS,Cameroon,CMR,..
Losses due to theft and vandalism (% of annual sales of affected firms),IC.FRM.CRIM.ZS,Canada,CAN,..
Losses due to theft and vandalism (% of annual sales of affected firms),IC.FRM.CRIM.ZS,Cayman Islands,CYM,..
Losses due to theft and vandalism (% of annual sales of affected firms),IC.FRM.CRIM.ZS,Central African Republic,CAF,..
Losses due to theft and vandalism (% of annual sales of affected firms),IC.FRM.CRIM.ZS,Chad,TCD,..
Losses due to theft and vandalism (% of annual sales of affected firms),IC.FRM.CRIM.ZS,Channel Islands,CHI,..
Losses due to theft and vandalism (% of annual sales of affected firms),IC.FRM.CRIM.ZS,Chile,CHL,..
Losses due to theft and vandalism (% of annual sales of affected firms),IC.FRM.CRIM.ZS,China,CHN,..
Losses due to theft and vandalism (% of annual sales of affected firms),IC.FRM.CRIM.ZS,Colombia,COL,..
Losses due to theft and vandalism (% of annual sales of affected firms),IC.FRM.CRIM.ZS,Comoros,COM,..
Losses due to theft and vandalism (% of annual sales of affected firms),IC.FRM.CRIM.ZS,"Congo, Dem. Rep.",COD,..
Losses due to theft and vandalism (% of annual sales of affected firms),IC.FRM.CRIM.ZS,"Congo, Rep.",COG,..
Losses due to theft and vandalism (% of annual sales of affected firms),IC.FRM.CRIM.ZS,Costa Rica,CRI,..
Losses due to theft and vandalism (% of annual sales of affected firms),IC.FRM.CRIM.ZS,Cote d'Ivoire,CIV,..
Losses due to theft and vandalism (% of annual sales of affected firms),IC.FRM.CRIM.ZS,Croatia,HRV,..
Losses due to theft and vandalism (% of annual sales of affected firms),IC.FRM.CRIM.ZS,Cuba,CUB,..
Losses due to theft and vandalism (% of annual sales of affected firms),IC.FRM.CRIM.ZS,Curacao,CUW,..
Losses due to theft and vandalism (% of annual sales of affected firms),IC.FRM.CRIM.ZS,Cyprus,CYP,..
Losses due to theft and vandalism (% of annual sales of affected firms),IC.FRM.CRIM.ZS,Czech Republic,CZE,..
Losses due to theft and vandalism (% of annual sales of affected firms),IC.FRM.CRIM.ZS,Denmark,DNK,..
Losses due to theft and vandalism (% of annual sales of affected firms),IC.FRM.CRIM.ZS,Djibouti,DJI,..
Losses due to theft and vandalism (% of annual sales of affected firms),IC.FRM.CRIM.ZS,Dominica,DMA,..
Losses due to theft and vandalism (% of annual sales of affected firms),IC.FRM.CRIM.ZS,Dominican Republic,DOM,..
Losses due to theft and vandalism (% of annual sales of affected firms),IC.FRM.CRIM.ZS,Ecuador,ECU,..
Losses due to theft and vandalism (% of annual sales of affected firms),IC.FRM.CRIM.ZS,"Egypt, Arab Rep.",EGY,3.6
Losses due to theft and vandalism (% of annual sales of affected firms),IC.FRM.CRIM.ZS,El Salvador,SLV,..
Losses due to theft and vandalism (% of annual sales of affected firms),IC.FRM.CRIM.ZS,Equatorial Guinea,GNQ,..
Losses due to theft and vandalism (% of annual sales of affected firms),IC.FRM.CRIM.ZS,Eritrea,ERI,..
Losses due to theft and vandalism (% of annual sales of affected firms),IC.FRM.CRIM.ZS,Estonia,EST,..
Losses due to theft and vandalism (% of annual sales of affected firms),IC.FRM.CRIM.ZS,Eswatini,SWZ,..
Losses due to theft and vandalism (% of annual sales of affected firms),IC.FRM.CRIM.ZS,Ethiopia,ETH,..
Losses due to theft and vandalism (% of annual sales of affected firms),IC.FRM.CRIM.ZS,Faroe Islands,FRO,..
Losses due to theft and vandalism (% of annual sales of affected firms),IC.FRM.CRIM.ZS,Fiji,FJI,..
Losses due to theft and vandalism (% of annual sales of affected firms),IC.FRM.CRIM.ZS,Finland,FIN,..
Losses due to theft and vandalism (% of annual sales of affected firms),IC.FRM.CRIM.ZS,France,FRA,..
Losses due to theft and vandalism (% of annual sales of affected firms),IC.FRM.CRIM.ZS,French Polynesia,PYF,..
Losses due to theft and vandalism (% of annual sales of affected firms),IC.FRM.CRIM.ZS,Gabon,GAB,..
Losses due to theft and vandalism (% of annual sales of affected firms),IC.FRM.CRIM.ZS,"Gambia, The",GMB,..
Losses due to theft and vandalism (% of annual sales of affected firms),IC.FRM.CRIM.ZS,Georgia,GEO,..
Losses due to theft and vandalism (% of annual sales of affected firms),IC.FRM.CRIM.ZS,Germany,DEU,..
Losses due to theft and vandalism (% of annual sales of affected firms),IC.FRM.CRIM.ZS,Ghana,GHA,..
Losses due to theft and vandalism (% of annual sales of affected firms),IC.FRM.CRIM.ZS,Gibraltar,GIB,..
Losses due to theft and vandalism (% of annual sales of affected firms),IC.FRM.CRIM.ZS,Greece,GRC,..
Losses due to theft and vandalism (% of annual sales of affected firms),IC.FRM.CRIM.ZS,Greenland,GRL,..
Losses due to theft and vandalism (% of annual sales of affected firms),IC.FRM.CRIM.ZS,Grenada,GRD,..
Losses due to theft and vandalism (% of annual sales of affected firms),IC.FRM.CRIM.ZS,Guam,GUM,..
Losses due to theft and vandalism (% of annual sales of affected firms),IC.FRM.CRIM.ZS,Guatemala,GTM,..
Losses due to theft and vandalism (% of annual sales of affected firms),IC.FRM.CRIM.ZS,Guinea,GIN,..
Losses due to theft and vandalism (% of annual sales of affected firms),IC.FRM.CRIM.ZS,Guinea-Bissau,GNB,..
Losses due to theft and vandalism (% of annual sales of affected firms),IC.FRM.CRIM.ZS,Guyana,GUY,..
Losses due to theft and vandalism (% of annual sales of affected firms),IC.FRM.CRIM.ZS,Haiti,HTI,..
Losses due to theft and vandalism (% of annual sales of affected firms),IC.FRM.CRIM.ZS,Honduras,HND,..
Losses due to theft and vandalism (% of annual sales of affected firms),IC.FRM.CRIM.ZS,"Hong Kong SAR, China",HKG,..
Losses due to theft and vandalism (% of annual sales of affected firms),IC.FRM.CRIM.ZS,Hungary,HUN,..
Losses due to theft and vandalism (% of annual sales of affected firms),IC.FRM.CRIM.ZS,Iceland,ISL,..
Losses due to theft and vandalism (% of annual sales of affected firms),IC.FRM.CRIM.ZS,India,IND,..
Losses due to theft and vandalism (% of annual sales of affected firms),IC.FRM.CRIM.ZS,Indonesia,IDN,..
Losses due to theft and vandalism (% of annual sales of affected firms),IC.FRM.CRIM.ZS,"Iran, Islamic Rep.",IRN,..
Losses due to theft and vandalism (% of annual sales of affected firms),IC.FRM.CRIM.ZS,Iraq,IRQ,..
Losses due to theft and vandalism (% of annual sales of affected firms),IC.FRM.CRIM.ZS,Ireland,IRL,..
Losses due to theft and vandalism (% of annual sales of affected firms),IC.FRM.CRIM.ZS,Isle of Man,IMN,..
Losses due to theft and vandalism (% of annual sales of affected firms),IC.FRM.CRIM.ZS,Israel,ISR,..
Losses due to theft and vandalism (% of annual sales of affected firms),IC.FRM.CRIM.ZS,Italy,ITA,..
Losses due to theft and vandalism (% of annual sales of affected firms),IC.FRM.CRIM.ZS,Jamaica,JAM,..
Losses due to theft and vandalism (% of annual sales of affected firms),IC.FRM.CRIM.ZS,Japan,JPN,..
Losses due to theft and vandalism (% of annual sales of affected firms),IC.FRM.CRIM.ZS,Jordan,JOR,..
Losses due to theft and vandalism (% of annual sales of affected firms),IC.FRM.CRIM.ZS,Kazakhstan,KAZ,..
Losses due to theft and vandalism (% of annual sales of affected firms),IC.FRM.CRIM.ZS,Kenya,KEN,..
Losses due to theft and vandalism (% of annual sales of affected firms),IC.FRM.CRIM.ZS,Kiribati,KIR,..
Losses due to theft and vandalism (% of annual sales of affected firms),IC.FRM.CRIM.ZS,"Korea, Dem. People's Rep.",PRK,..
Losses due to theft and vandalism (% of annual sales of affected firms),IC.FRM.CRIM.ZS,"Korea, Rep.",KOR,..
Losses due to theft and vandalism (% of annual sales of affected firms),IC.FRM.CRIM.ZS,Kosovo,XKX,..
Losses due to theft and vandalism (% of annual sales of affected firms),IC.FRM.CRIM.ZS,Kuwait,KWT,..
Losses due to theft and vandalism (% of annual sales of affected firms),IC.FRM.CRIM.ZS,Kyrgyz Republic,KGZ,..
Losses due to theft and vandalism (% of annual sales of affected firms),IC.FRM.CRIM.ZS,Lao PDR,LAO,..
Losses due to theft and vandalism (% of annual sales of affected firms),IC.FRM.CRIM.ZS,Latvia,LVA,..
Losses due to theft and vandalism (% of annual sales of affected firms),IC.FRM.CRIM.ZS,Lebanon,LBN,..
Losses due to theft and vandalism (% of annual sales of affected firms),IC.FRM.CRIM.ZS,Lesotho,LSO,..
Losses due to theft and vandalism (% of annual sales of affected firms),IC.FRM.CRIM.ZS,Liberia,LBR,..
Losses due to theft and vandalism (% of annual sales of affected firms),IC.FRM.CRIM.ZS,Libya,LBY,..
Losses due to theft and vandalism (% of annual sales of affected firms),IC.FRM.CRIM.ZS,Liechtenstein,LIE,..
Losses due to theft and vandalism (% of annual sales of affected firms),IC.FRM.CRIM.ZS,Lithuania,LTU,..
Losses due to theft and vandalism (% of annual sales of affected firms),IC.FRM.CRIM.ZS,Luxembourg,LUX,1.8
Losses due to theft and vandalism (% of annual sales of affected firms),IC.FRM.CRIM.ZS,"Macao SAR, China",MAC,..
Losses due to theft and vandalism (% of annual sales of affected firms),IC.FRM.CRIM.ZS,Madagascar,MDG,..
Losses due to theft and vandalism (% of annual sales of affected firms),IC.FRM.CRIM.ZS,Malawi,MWI,..
Losses due to theft and vandalism (% of annual sales of affected firms),IC.FRM.CRIM.ZS,Malaysia,MYS,..
Losses due to theft and vandalism (% of annual sales of affected firms),IC.FRM.CRIM.ZS,Maldives,MDV,..
Losses due to theft and vandalism (% of annual sales of affected firms),IC.FRM.CRIM.ZS,Mali,MLI,..
Losses due to theft and vandalism (% of annual sales of affected firms),IC.FRM.CRIM.ZS,Malta,MLT,..
Losses due to theft and vandalism (% of annual sales of affected firms),IC.FRM.CRIM.ZS,Marshall Islands,MHL,..
Losses due to theft and vandalism (% of annual sales of affected firms),IC.FRM.CRIM.ZS,Mauritania,MRT,..
Losses due to theft and vandalism (% of annual sales of affected firms),IC.FRM.CRIM.ZS,Mauritius,MUS,..
Losses due to theft and vandalism (% of annual sales of affected firms),IC.FRM.CRIM.ZS,Mexico,MEX,..
Losses due to theft and vandalism (% of annual sales of affected firms),IC.FRM.CRIM.ZS,"Micronesia, Fed. Sts.",FSM,..
Losses due to theft and vandalism (% of annual sales of affected firms),IC.FRM.CRIM.ZS,Moldova,MDA,..
Losses due to theft and vandalism (% of annual sales of affected firms),IC.FRM.CRIM.ZS,Monaco,MCO,..
Losses due to theft and vandalism (% of annual sales of affected firms),IC.FRM.CRIM.ZS,Mongolia,MNG,..
Losses due to theft and vandalism (% of annual sales of affected firms),IC.FRM.CRIM.ZS,Montenegro,MNE,..
Losses due to theft and vandalism (% of annual sales of affected firms),IC.FRM.CRIM.ZS,Morocco,MAR,..
Losses due to theft and vandalism (% of annual sales of affected firms),IC.FRM.CRIM.ZS,Mozambique,MOZ,..
Losses due to theft and vandalism (% of annual sales of affected firms),IC.FRM.CRIM.ZS,Myanmar,MMR,..
Losses due to theft and vandalism (% of annual sales of affected firms),IC.FRM.CRIM.ZS,Namibia,NAM,..
Losses due to theft and vandalism (% of annual sales of affected firms),IC.FRM.CRIM.ZS,Nauru,NRU,..
Losses due to theft and vandalism (% of annual sales of affected firms),IC.FRM.CRIM.ZS,Nepal,NPL,..
Losses due to theft and vandalism (% of annual sales of affected firms),IC.FRM.CRIM.ZS,Netherlands,NLD,..
Losses due to theft and vandalism (% of annual sales of affected firms),IC.FRM.CRIM.ZS,New Caledonia,NCL,..
Losses due to theft and vandalism (% of annual sales of affected firms),IC.FRM.CRIM.ZS,New Zealand,NZL,..
Losses due to theft and vandalism (% of annual sales of affected firms),IC.FRM.CRIM.ZS,Nicaragua,NIC,..
Losses due to theft and vandalism (% of annual sales of affected firms),IC.FRM.CRIM.ZS,Niger,NER,..
Losses due to theft and vandalism (% of annual sales of affected firms),IC.FRM.CRIM.ZS,Nigeria,NGA,..
Losses due to theft and vandalism (% of annual sales of affected firms),IC.FRM.CRIM.ZS,North Macedonia,MKD,..
Losses due to theft and vandalism (% of annual sales of affected firms),IC.FRM.CRIM.ZS,Northern Mariana Islands,MNP,..
Losses due to theft and vandalism (% of annual sales of affected firms),IC.FRM.CRIM.ZS,Norway,NOR,..
Losses due to theft and vandalism (% of annual sales of affected firms),IC.FRM.CRIM.ZS,Oman,OMN,..
Losses due to theft and vandalism (% of annual sales of affected firms),IC.FRM.CRIM.ZS,Pakistan,PAK,..
Losses due to theft and vandalism (% of annual sales of affected firms),IC.FRM.CRIM.ZS,Palau,PLW,..
Losses due to theft and vandalism (% of annual sales of affected firms),IC.FRM.CRIM.ZS,Panama,PAN,..
Losses due to theft and vandalism (% of annual sales of affected firms),IC.FRM.CRIM.ZS,Papua New Guinea,PNG,..
Losses due to theft and vandalism (% of annual sales of affected firms),IC.FRM.CRIM.ZS,Paraguay,PRY,..
Losses due to theft and vandalism (% of annual sales of affected firms),IC.FRM.CRIM.ZS,Peru,PER,..
Losses due to theft and vandalism (% of annual sales of affected firms),IC.FRM.CRIM.ZS,Philippines,PHL,..
Losses due to theft and vandalism (% of annual sales of affected firms),IC.FRM.CRIM.ZS,Poland,POL,..
Losses due to theft and vandalism (% of annual sales of affected firms),IC.FRM.CRIM.ZS,Portugal,PRT,..
Losses due to theft and vandalism (% of annual sales of affected firms),IC.FRM.CRIM.ZS,Puerto Rico,PRI,..
Losses due to theft and vandalism (% of annual sales of affected firms),IC.FRM.CRIM.ZS,Qatar,QAT,..
Losses due to theft and vandalism (% of annual sales of affected firms),IC.FRM.CRIM.ZS,Romania,ROU,..
Losses due to theft and vandalism (% of annual sales of affected firms),IC.FRM.CRIM.ZS,Russian Federation,RUS,..
Losses due to theft and vandalism (% of annual sales of affected firms),IC.FRM.CRIM.ZS,Rwanda,RWA,..
Losses due to theft and vandalism (% of annual sales of affected firms),IC.FRM.CRIM.ZS,Samoa,WSM,..
Losses due to theft and vandalism (% of annual sales of affected firms),IC.FRM.CRIM.ZS,San Marino,SMR,..
Losses due to theft and vandalism (% of annual sales of affected firms),IC.FRM.CRIM.ZS,Sao Tome and Principe,STP,..
Losses due to theft and vandalism (% of annual sales of affected firms),IC.FRM.CRIM.ZS,Saudi Arabia,SAU,..
Losses due to theft and vandalism (% of annual sales of affected firms),IC.FRM.CRIM.ZS,Senegal,SEN,..
Losses due to theft and vandalism (% of annual sales of affected firms),IC.FRM.CRIM.ZS,Serbia,SRB,..
Losses due to theft and vandalism (% of annual sales of affected firms),IC.FRM.CRIM.ZS,Seychelles,SYC,..
Losses due to theft and vandalism (% of annual sales of affected firms),IC.FRM.CRIM.ZS,Sierra Leone,SLE,..
Losses due to theft and vandalism (% of annual sales of affected firms),IC.FRM.CRIM.ZS,Singapore,SGP,..
Losses due to theft and vandalism (% of annual sales of affected firms),IC.FRM.CRIM.ZS,Sint Maarten (Dutch part),SXM,..
Losses due to theft and vandalism (% of annual sales of affected firms),IC.FRM.CRIM.ZS,Slovak Republic,SVK,..
Losses due to theft and vandalism (% of annual sales of affected firms),IC.FRM.CRIM.ZS,Slovenia,SVN,..
Losses due to theft and vandalism (% of annual sales of affected firms),IC.FRM.CRIM.ZS,Solomon Islands,SLB,..
Losses due to theft and vandalism (% of annual sales of affected firms),IC.FRM.CRIM.ZS,Somalia,SOM,..
Losses due to theft and vandalism (% of annual sales of affected firms),IC.FRM.CRIM.ZS,South Africa,ZAF,11
Losses due to theft and vandalism (% of annual sales of affected firms),IC.FRM.CRIM.ZS,South Sudan,SSD,..
Losses due to theft and vandalism (% of annual sales of affected firms),IC.FRM.CRIM.ZS,Spain,ESP,..
Losses due to theft and vandalism (% of annual sales of affected firms),IC.FRM.CRIM.ZS,Sri Lanka,LKA,..
Losses due to theft and vandalism (% of annual sales of affected firms),IC.FRM.CRIM.ZS,St. Kitts and Nevis,KNA,..
Losses due to theft and vandalism (% of annual sales of affected firms),IC.FRM.CRIM.ZS,St. Lucia,LCA,..
Losses due to theft and vandalism (% of annual sales of affected firms),IC.FRM.CRIM.ZS,St. Martin (French part),MAF,..
Losses due to theft and vandalism (% of annual sales of affected firms),IC.FRM.CRIM.ZS,St. Vincent and the Grenadines,VCT,..
Losses due to theft and vandalism (% of annual sales of affected firms),IC.FRM.CRIM.ZS,Sudan,SDN,..
Losses due to theft and vandalism (% of annual sales of affected firms),IC.FRM.CRIM.ZS,Suriname,SUR,..
Losses due to theft and vandalism (% of annual sales of affected firms),IC.FRM.CRIM.ZS,Sweden,SWE,..
Losses due to theft and vandalism (% of annual sales of affected firms),IC.FRM.CRIM.ZS,Switzerland,CHE,..
Losses due to theft and vandalism (% of annual sales of affected firms),IC.FRM.CRIM.ZS,Syrian Arab Republic,SYR,..
Losses due to theft and vandalism (% of annual sales of affected firms),IC.FRM.CRIM.ZS,Tajikistan,TJK,..
Losses due to theft and vandalism (% of annual sales of affected firms),IC.FRM.CRIM.ZS,Tanzania,TZA,..
Losses due to theft and vandalism (% of annual sales of affected firms),IC.FRM.CRIM.ZS,Thailand,THA,..
Losses due to theft and vandalism (% of annual sales of affected firms),IC.FRM.CRIM.ZS,Timor-Leste,TLS,..
Losses due to theft and vandalism (% of annual sales of affected firms),IC.FRM.CRIM.ZS,Togo,TGO,..
Losses due to theft and vandalism (% of annual sales of affected firms),IC.FRM.CRIM.ZS,Tonga,TON,..
Losses due to theft and vandalism (% of annual sales of affected firms),IC.FRM.CRIM.ZS,Trinidad and Tobago,TTO,..
Losses due to theft and vandalism (% of annual sales of affected firms),IC.FRM.CRIM.ZS,Tunisia,TUN,..
Losses due to theft and vandalism (% of annual sales of affected firms),IC.FRM.CRIM.ZS,Turkey,TUR,..
Losses due to theft and vandalism (% of annual sales of affected firms),IC.FRM.CRIM.ZS,Turkmenistan,TKM,..
Losses due to theft and vandalism (% of annual sales of affected firms),IC.FRM.CRIM.ZS,Turks and Caicos Islands,TCA,..
Losses due to theft and vandalism (% of annual sales of affected firms),IC.FRM.CRIM.ZS,Tuvalu,TUV,..
Losses due to theft and vandalism (% of annual sales of affected firms),IC.FRM.CRIM.ZS,Uganda,UGA,..
Losses due to theft and vandalism (% of annual sales of affected firms),IC.FRM.CRIM.ZS,Ukraine,UKR,..
Losses due to theft and vandalism (% of annual sales of affected firms),IC.FRM.CRIM.ZS,United Arab Emirates,ARE,..
Losses due to theft and vandalism (% of annual sales of affected firms),IC.FRM.CRIM.ZS,United Kingdom,GBR,..
Losses due to theft and vandalism (% of annual sales of affected firms),IC.FRM.CRIM.ZS,United States,USA,..
Losses due to theft and vandalism (% of annual sales of affected firms),IC.FRM.CRIM.ZS,Uruguay,URY,..
Losses due to theft and vandalism (% of annual sales of affected firms),IC.FRM.CRIM.ZS,Uzbekistan,UZB,..
Losses due to theft and vandalism (% of annual sales of affected firms),IC.FRM.CRIM.ZS,Vanuatu,VUT,..
Losses due to theft and vandalism (% of annual sales of affected firms),IC.FRM.CRIM.ZS,"Venezuela, RB",VEN,..
Losses due to theft and vandalism (% of annual sales of affected firms),IC.FRM.CRIM.ZS,Vietnam,VNM,..
Losses due to theft and vandalism (% of annual sales of affected firms),IC.FRM.CRIM.ZS,Virgin Islands (U.S.),VIR,..
Losses due to theft and vandalism (% of annual sales of affected firms),IC.FRM.CRIM.ZS,West Bank and Gaza,PSE,..
Losses due to theft and vandalism (% of annual sales of affected firms),IC.FRM.CRIM.ZS,"Yemen, Rep.",YEM,..
Losses due to theft and vandalism (% of annual sales of affected firms),IC.FRM.CRIM.ZS,Zambia,ZMB,..
Losses due to theft and vandalism (% of annual sales of affected firms),IC.FRM.CRIM.ZS,Zimbabwe,ZWE,..
Losses due to theft and vandalism (% of annual sales of affected firms),IC.FRM.CRIM.ZS,Africa Eastern and Southern,AFE,7.5
Losses due to theft and vandalism (% of annual sales of affected firms),IC.FRM.CRIM.ZS,Africa Western and Central,AFW,8.21875
Losses due to theft and vandalism (% of annual sales of affected firms),IC.FRM.CRIM.ZS,Arab World,ARB,6.4
Losses due to theft and vandalism (% of annual sales of affected firms),IC.FRM.CRIM.ZS,Caribbean small states,CSS,8.4
Losses due to theft and vandalism (% of annual sales of affected firms),IC.FRM.CRIM.ZS,Central Europe and the Baltics,CEB,1.70909090909091
Losses due to theft and vandalism (% of annual sales of affected firms),IC.FRM.CRIM.ZS,Early-demographic dividend,EAR,5.26923076923077
Losses due to theft and vandalism (% of annual sales of affected firms),IC.FRM.CRIM.ZS,East Asia & Pacific,EAS,4.16153846153846
Losses due to theft and vandalism (% of annual sales of affected firms),IC.FRM.CRIM.ZS,East Asia & Pacific (excluding high income),EAP,4.16153846153846
Losses due to theft and vandalism (% of annual sales of affected firms),IC.FRM.CRIM.ZS,East Asia & Pacific (IDA & IBRD countries),TEA,4.16153846153846
Losses due to theft and vandalism (% of annual sales of affected firms),IC.FRM.CRIM.ZS,Euro area,EMU,2.15833333333333
Losses due to theft and vandalism (% of annual sales of affected firms),IC.FRM.CRIM.ZS,Europe & Central Asia,ECS,2.62058823529412
Losses due to theft and vandalism (% of annual sales of affected firms),IC.FRM.CRIM.ZS,Europe & Central Asia (excluding high income),ECA,3.16666666666667
Losses due to theft and vandalism (% of annual sales of affected firms),IC.FRM.CRIM.ZS,Europe & Central Asia (IDA & IBRD countries),TEC,3.09
Losses due to theft and vandalism (% of annual sales of affected firms),IC.FRM.CRIM.ZS,European Union,EUU,2.03157894736842
Losses due to theft and vandalism (% of annual sales of affected firms),IC.FRM.CRIM.ZS,Fragile and conflict affected situations,FCS,7.79583333333333
Losses due to theft and vandalism (% of annual sales of affected firms),IC.FRM.CRIM.ZS,Heavily indebted poor countries (HIPC),HPC,7.51666666666667
Losses due to theft and vandalism (% of annual sales of affected firms),IC.FRM.CRIM.ZS,High income,HIC,1.94736842105263
Losses due to theft and vandalism (% of annual sales of affected firms),IC.FRM.CRIM.ZS,IBRD only,IBD,3.88666666666667
Losses due to theft and vandalism (% of annual sales of affected firms),IC.FRM.CRIM.ZS,IDA & IBRD total,IBT,5.69255319148936
Losses due to theft and vandalism (% of annual sales of affected firms),IC.FRM.CRIM.ZS,IDA blend,IDB,8.1625
Losses due to theft and vandalism (% of annual sales of affected firms),IC.FRM.CRIM.ZS,IDA only,IDX,7.19268292682927
Losses due to theft and vandalism (% of annual sales of affected firms),IC.FRM.CRIM.ZS,IDA total,IDA,7.35102040816327
Losses due to theft and vandalism (% of annual sales of affected firms),IC.FRM.CRIM.ZS,Late-demographic dividend,LTE,3.13461538461538
Losses due to theft and vandalism (% of annual sales of affected firms),IC.FRM.CRIM.ZS,Latin America & Caribbean,LCN,4.00769230769231
Losses due to theft and vandalism (% of annual sales of affected firms),IC.FRM.CRIM.ZS,Latin America & Caribbean (excluding high income),LAC,4.16666666666667
Losses due to theft and vandalism (% of annual sales of affected firms),IC.FRM.CRIM.ZS,Latin America & the Caribbean (IDA & IBRD countries),TLA,4.00769230769231
Losses due to theft and vandalism (% of annual sales of affected firms),IC.FRM.CRIM.ZS,Least developed countries: UN classification,LDC,7.36388888888889
Losses due to theft and vandalism (% of annual sales of affected firms),IC.FRM.CRIM.ZS,Low & middle income,LMY,5.82282608695652
Losses due to theft and vandalism (% of annual sales of affected firms),IC.FRM.CRIM.ZS,Low income,LIC,8.12380952380952
Losses due to theft and vandalism (% of annual sales of affected firms),IC.FRM.CRIM.ZS,Lower middle income,LMC,6.0175
Losses due to theft and vandalism (% of annual sales of affected firms),IC.FRM.CRIM.ZS,Middle East & North Africa,MEA,5.45
Losses due to theft and vandalism (% of annual sales of affected firms),IC.FRM.CRIM.ZS,Middle East & North Africa (excluding high income),MNA,6.4625
Losses due to theft and vandalism (% of annual sales of affected firms),IC.FRM.CRIM.ZS,Middle East & North Africa (IDA & IBRD countries),TMN,6.31428571428571
Losses due to theft and vandalism (% of annual sales of affected firms),IC.FRM.CRIM.ZS,Middle income,MIC,5.14225352112676
Losses due to theft and vandalism (% of annual sales of affected firms),IC.FRM.CRIM.ZS,North America,NAC,..
Losses due to theft and vandalism (% of annual sales of affected firms),IC.FRM.CRIM.ZS,Not classified,INX,..
Losses due to theft and vandalism (% of annual sales of affected firms),IC.FRM.CRIM.ZS,OECD members,OED,1.77058823529412
Losses due to theft and vandalism (% of annual sales of affected firms),IC.FRM.CRIM.ZS,Other small states,OSS,7.30909090909091
Losses due to theft and vandalism (% of annual sales of affected firms),IC.FRM.CRIM.ZS,Pacific island small states,PSS,2.6
Losses due to theft and vandalism (% of annual sales of affected firms),IC.FRM.CRIM.ZS,Post-demographic dividend,PST,1.8625
Losses due to theft and vandalism (% of annual sales of affected firms),IC.FRM.CRIM.ZS,Pre-demographic dividend,PRE,8.46206896551724
Losses due to theft and vandalism (% of annual sales of affected firms),IC.FRM.CRIM.ZS,Small states,SST,7.03076923076923
Losses due to theft and vandalism (% of annual sales of affected firms),IC.FRM.CRIM.ZS,South Asia,SAS,8.05714285714286
Losses due to theft and vandalism (% of annual sales of affected firms),IC.FRM.CRIM.ZS,South Asia (IDA & IBRD),TSA,8.05714285714286
Losses due to theft and vandalism (% of annual sales of affected firms),IC.FRM.CRIM.ZS,Sub-Saharan Africa,SSF,7.83823529411765
Losses due to theft and vandalism (% of annual sales of affected firms),IC.FRM.CRIM.ZS,Sub-Saharan Africa (excluding high income),SSA,7.83823529411765
Losses due to theft and vandalism (% of annual sales of affected firms),IC.FRM.CRIM.ZS,Sub-Saharan Africa (IDA & IBRD countries),TSS,7.83823529411765
Losses due to theft and vandalism (% of annual sales of affected firms),IC.FRM.CRIM.ZS,Upper middle income,UMC,4.01290322580645
Losses due to theft and vandalism (% of annual sales of affected firms),IC.FRM.CRIM.ZS,World,WLD,5.15945945945946
Firms competing against unregistered firms (% of firms),IC.FRM.CMPU.ZS,Afghanistan,AFG,..
Firms competing against unregistered firms (% of firms),IC.FRM.CMPU.ZS,Albania,ALB,..
Firms competing against unregistered firms (% of firms),IC.FRM.CMPU.ZS,Algeria,DZA,..
Firms competing against unregistered firms (% of firms),IC.FRM.CMPU.ZS,American Samoa,ASM,..
Firms competing against unregistered firms (% of firms),IC.FRM.CMPU.ZS,Andorra,AND,..
Firms competing against unregistered firms (% of firms),IC.FRM.CMPU.ZS,Angola,AGO,..
Firms competing against unregistered firms (% of firms),IC.FRM.CMPU.ZS,Antigua and Barbuda,ATG,..
Firms competing against unregistered firms (% of firms),IC.FRM.CMPU.ZS,Argentina,ARG,..
Firms competing against unregistered firms (% of firms),IC.FRM.CMPU.ZS,Armenia,ARM,28.9
Firms competing against unregistered firms (% of firms),IC.FRM.CMPU.ZS,Aruba,ABW,..
Firms competing against unregistered firms (% of firms),IC.FRM.CMPU.ZS,Australia,AUS,..
Firms competing against unregistered firms (% of firms),IC.FRM.CMPU.ZS,Austria,AUT,..
Firms competing against unregistered firms (% of firms),IC.FRM.CMPU.ZS,Azerbaijan,AZE,..
Firms competing against unregistered firms (% of firms),IC.FRM.CMPU.ZS,"Bahamas, The",BHS,..
Firms competing against unregistered firms (% of firms),IC.FRM.CMPU.ZS,Bahrain,BHR,..
Firms competing against unregistered firms (% of firms),IC.FRM.CMPU.ZS,Bangladesh,BGD,..
Firms competing against unregistered firms (% of firms),IC.FRM.CMPU.ZS,Barbados,BRB,..
Firms competing against unregistered firms (% of firms),IC.FRM.CMPU.ZS,Belarus,BLR,..
Firms competing against unregistered firms (% of firms),IC.FRM.CMPU.ZS,Belgium,BEL,19.2
Firms competing against unregistered firms (% of firms),IC.FRM.CMPU.ZS,Belize,BLZ,..
Firms competing against unregistered firms (% of firms),IC.FRM.CMPU.ZS,Benin,BEN,..
Firms competing against unregistered firms (% of firms),IC.FRM.CMPU.ZS,Bermuda,BMU,..
Firms competing against unregistered firms (% of firms),IC.FRM.CMPU.ZS,Bhutan,BTN,..
Firms competing against unregistered firms (% of firms),IC.FRM.CMPU.ZS,Bolivia,BOL,..
Firms competing against unregistered firms (% of firms),IC.FRM.CMPU.ZS,Bosnia and Herzegovina,BIH,..
Firms competing against unregistered firms (% of firms),IC.FRM.CMPU.ZS,Botswana,BWA,..
Firms competing against unregistered firms (% of firms),IC.FRM.CMPU.ZS,Brazil,BRA,..
Firms competing against unregistered firms (% of firms),IC.FRM.CMPU.ZS,British Virgin Islands,VGB,..
Firms competing against unregistered firms (% of firms),IC.FRM.CMPU.ZS,Brunei Darussalam,BRN,..
Firms competing against unregistered firms (% of firms),IC.FRM.CMPU.ZS,Bulgaria,BGR,..
Firms competing against unregistered firms (% of firms),IC.FRM.CMPU.ZS,Burkina Faso,BFA,..
Firms competing against unregistered firms (% of firms),IC.FRM.CMPU.ZS,Burundi,BDI,..
Firms competing against unregistered firms (% of firms),IC.FRM.CMPU.ZS,Cabo Verde,CPV,..
Firms competing against unregistered firms (% of firms),IC.FRM.CMPU.ZS,Cambodia,KHM,..
Firms competing against unregistered firms (% of firms),IC.FRM.CMPU.ZS,Cameroon,CMR,..
Firms competing against unregistered firms (% of firms),IC.FRM.CMPU.ZS,Canada,CAN,..
Firms competing against unregistered firms (% of firms),IC.FRM.CMPU.ZS,Cayman Islands,CYM,..
Firms competing against unregistered firms (% of firms),IC.FRM.CMPU.ZS,Central African Republic,CAF,..
Firms competing against unregistered firms (% of firms),IC.FRM.CMPU.ZS,Chad,TCD,..
Firms competing against unregistered firms (% of firms),IC.FRM.CMPU.ZS,Channel Islands,CHI,..
Firms competing against unregistered firms (% of firms),IC.FRM.CMPU.ZS,Chile,CHL,..
Firms competing against unregistered firms (% of firms),IC.FRM.CMPU.ZS,China,CHN,..
Firms competing against unregistered firms (% of firms),IC.FRM.CMPU.ZS,Colombia,COL,..
Firms competing against unregistered firms (% of firms),IC.FRM.CMPU.ZS,Comoros,COM,..
Firms competing against unregistered firms (% of firms),IC.FRM.CMPU.ZS,"Congo, Dem. Rep.",COD,..
Firms competing against unregistered firms (% of firms),IC.FRM.CMPU.ZS,"Congo, Rep.",COG,..
Firms competing against unregistered firms (% of firms),IC.FRM.CMPU.ZS,Costa Rica,CRI,..
Firms competing against unregistered firms (% of firms),IC.FRM.CMPU.ZS,Cote d'Ivoire,CIV,..
Firms competing against unregistered firms (% of firms),IC.FRM.CMPU.ZS,Croatia,HRV,..
Firms competing against unregistered firms (% of firms),IC.FRM.CMPU.ZS,Cuba,CUB,..
Firms competing against unregistered firms (% of firms),IC.FRM.CMPU.ZS,Curacao,CUW,..
Firms competing against unregistered firms (% of firms),IC.FRM.CMPU.ZS,Cyprus,CYP,..
Firms competing against unregistered firms (% of firms),IC.FRM.CMPU.ZS,Czech Republic,CZE,..
Firms competing against unregistered firms (% of firms),IC.FRM.CMPU.ZS,Denmark,DNK,..
Firms competing against unregistered firms (% of firms),IC.FRM.CMPU.ZS,Djibouti,DJI,..
Firms competing against unregistered firms (% of firms),IC.FRM.CMPU.ZS,Dominica,DMA,..
Firms competing against unregistered firms (% of firms),IC.FRM.CMPU.ZS,Dominican Republic,DOM,..
Firms competing against unregistered firms (% of firms),IC.FRM.CMPU.ZS,Ecuador,ECU,..
Firms competing against unregistered firms (% of firms),IC.FRM.CMPU.ZS,"Egypt, Arab Rep.",EGY,39.1
Firms competing against unregistered firms (% of firms),IC.FRM.CMPU.ZS,El Salvador,SLV,..
Firms competing against unregistered firms (% of firms),IC.FRM.CMPU.ZS,Equatorial Guinea,GNQ,..
Firms competing against unregistered firms (% of firms),IC.FRM.CMPU.ZS,Eritrea,ERI,..
Firms competing against unregistered firms (% of firms),IC.FRM.CMPU.ZS,Estonia,EST,..
Firms competing against unregistered firms (% of firms),IC.FRM.CMPU.ZS,Eswatini,SWZ,..
Firms competing against unregistered firms (% of firms),IC.FRM.CMPU.ZS,Ethiopia,ETH,..
Firms competing against unregistered firms (% of firms),IC.FRM.CMPU.ZS,Faroe Islands,FRO,..
Firms competing against unregistered firms (% of firms),IC.FRM.CMPU.ZS,Fiji,FJI,..
Firms competing against unregistered firms (% of firms),IC.FRM.CMPU.ZS,Finland,FIN,..
Firms competing against unregistered firms (% of firms),IC.FRM.CMPU.ZS,France,FRA,..
Firms competing against unregistered firms (% of firms),IC.FRM.CMPU.ZS,French Polynesia,PYF,..
Firms competing against unregistered firms (% of firms),IC.FRM.CMPU.ZS,Gabon,GAB,..
Firms competing against unregistered firms (% of firms),IC.FRM.CMPU.ZS,"Gambia, The",GMB,..
Firms competing against unregistered firms (% of firms),IC.FRM.CMPU.ZS,Georgia,GEO,..
Firms competing against unregistered firms (% of firms),IC.FRM.CMPU.ZS,Germany,DEU,..
Firms competing against unregistered firms (% of firms),IC.FRM.CMPU.ZS,Ghana,GHA,..
Firms competing against unregistered firms (% of firms),IC.FRM.CMPU.ZS,Gibraltar,GIB,..
Firms competing against unregistered firms (% of firms),IC.FRM.CMPU.ZS,Greece,GRC,..
Firms competing against unregistered firms (% of firms),IC.FRM.CMPU.ZS,Greenland,GRL,..
Firms competing against unregistered firms (% of firms),IC.FRM.CMPU.ZS,Grenada,GRD,..
Firms competing against unregistered firms (% of firms),IC.FRM.CMPU.ZS,Guam,GUM,..
Firms competing against unregistered firms (% of firms),IC.FRM.CMPU.ZS,Guatemala,GTM,..
Firms competing against unregistered firms (% of firms),IC.FRM.CMPU.ZS,Guinea,GIN,..
Firms competing against unregistered firms (% of firms),IC.FRM.CMPU.ZS,Guinea-Bissau,GNB,..
Firms competing against unregistered firms (% of firms),IC.FRM.CMPU.ZS,Guyana,GUY,..
Firms competing against unregistered firms (% of firms),IC.FRM.CMPU.ZS,Haiti,HTI,..
Firms competing against unregistered firms (% of firms),IC.FRM.CMPU.ZS,Honduras,HND,..
Firms competing against unregistered firms (% of firms),IC.FRM.CMPU.ZS,"Hong Kong SAR, China",HKG,..
Firms competing against unregistered firms (% of firms),IC.FRM.CMPU.ZS,Hungary,HUN,..
Firms competing against unregistered firms (% of firms),IC.FRM.CMPU.ZS,Iceland,ISL,..
Firms competing against unregistered firms (% of firms),IC.FRM.CMPU.ZS,India,IND,..
Firms competing against unregistered firms (% of firms),IC.FRM.CMPU.ZS,Indonesia,IDN,..
Firms competing against unregistered firms (% of firms),IC.FRM.CMPU.ZS,"Iran, Islamic Rep.",IRN,..
Firms competing against unregistered firms (% of firms),IC.FRM.CMPU.ZS,Iraq,IRQ,..
Firms competing against unregistered firms (% of firms),IC.FRM.CMPU.ZS,Ireland,IRL,..
Firms competing against unregistered firms (% of firms),IC.FRM.CMPU.ZS,Isle of Man,IMN,..
Firms competing against unregistered firms (% of firms),IC.FRM.CMPU.ZS,Israel,ISR,..
Firms competing against unregistered firms (% of firms),IC.FRM.CMPU.ZS,Italy,ITA,..
Firms competing against unregistered firms (% of firms),IC.FRM.CMPU.ZS,Jamaica,JAM,..
Firms competing against unregistered firms (% of firms),IC.FRM.CMPU.ZS,Japan,JPN,..
Firms competing against unregistered firms (% of firms),IC.FRM.CMPU.ZS,Jordan,JOR,..
Firms competing against unregistered firms (% of firms),IC.FRM.CMPU.ZS,Kazakhstan,KAZ,..
Firms competing against unregistered firms (% of firms),IC.FRM.CMPU.ZS,Kenya,KEN,..
Firms competing against unregistered firms (% of firms),IC.FRM.CMPU.ZS,Kiribati,KIR,..
Firms competing against unregistered firms (% of firms),IC.FRM.CMPU.ZS,"Korea, Dem. People's Rep.",PRK,..
Firms competing against unregistered firms (% of firms),IC.FRM.CMPU.ZS,"Korea, Rep.",KOR,..
Firms competing against unregistered firms (% of firms),IC.FRM.CMPU.ZS,Kosovo,XKX,..
Firms competing against unregistered firms (% of firms),IC.FRM.CMPU.ZS,Kuwait,KWT,..
Firms competing against unregistered firms (% of firms),IC.FRM.CMPU.ZS,Kyrgyz Republic,KGZ,..
Firms competing against unregistered firms (% of firms),IC.FRM.CMPU.ZS,Lao PDR,LAO,..
Firms competing against unregistered firms (% of firms),IC.FRM.CMPU.ZS,Latvia,LVA,..
Firms competing against unregistered firms (% of firms),IC.FRM.CMPU.ZS,Lebanon,LBN,..
Firms competing against unregistered firms (% of firms),IC.FRM.CMPU.ZS,Lesotho,LSO,..
Firms competing against unregistered firms (% of firms),IC.FRM.CMPU.ZS,Liberia,LBR,..
Firms competing against unregistered firms (% of firms),IC.FRM.CMPU.ZS,Libya,LBY,..
Firms competing against unregistered firms (% of firms),IC.FRM.CMPU.ZS,Liechtenstein,LIE,..
Firms competing against unregistered firms (% of firms),IC.FRM.CMPU.ZS,Lithuania,LTU,..
Firms competing against unregistered firms (% of firms),IC.FRM.CMPU.ZS,Luxembourg,LUX,14
Firms competing against unregistered firms (% of firms),IC.FRM.CMPU.ZS,"Macao SAR, China",MAC,..
Firms competing against unregistered firms (% of firms),IC.FRM.CMPU.ZS,Madagascar,MDG,..
Firms competing against unregistered firms (% of firms),IC.FRM.CMPU.ZS,Malawi,MWI,..
Firms competing against unregistered firms (% of firms),IC.FRM.CMPU.ZS,Malaysia,MYS,..
Firms competing against unregistered firms (% of firms),IC.FRM.CMPU.ZS,Maldives,MDV,..
Firms competing against unregistered firms (% of firms),IC.FRM.CMPU.ZS,Mali,MLI,..
Firms competing against unregistered firms (% of firms),IC.FRM.CMPU.ZS,Malta,MLT,..
Firms competing against unregistered firms (% of firms),IC.FRM.CMPU.ZS,Marshall Islands,MHL,..
Firms competing against unregistered firms (% of firms),IC.FRM.CMPU.ZS,Mauritania,MRT,..
Firms competing against unregistered firms (% of firms),IC.FRM.CMPU.ZS,Mauritius,MUS,..
Firms competing against unregistered firms (% of firms),IC.FRM.CMPU.ZS,Mexico,MEX,..
Firms competing against unregistered firms (% of firms),IC.FRM.CMPU.ZS,"Micronesia, Fed. Sts.",FSM,..
Firms competing against unregistered firms (% of firms),IC.FRM.CMPU.ZS,Moldova,MDA,..
Firms competing against unregistered firms (% of firms),IC.FRM.CMPU.ZS,Monaco,MCO,..
Firms competing against unregistered firms (% of firms),IC.FRM.CMPU.ZS,Mongolia,MNG,..
Firms competing against unregistered firms (% of firms),IC.FRM.CMPU.ZS,Montenegro,MNE,..
Firms competing against unregistered firms (% of firms),IC.FRM.CMPU.ZS,Morocco,MAR,..
Firms competing against unregistered firms (% of firms),IC.FRM.CMPU.ZS,Mozambique,MOZ,..
Firms competing against unregistered firms (% of firms),IC.FRM.CMPU.ZS,Myanmar,MMR,..
Firms competing against unregistered firms (% of firms),IC.FRM.CMPU.ZS,Namibia,NAM,..
Firms competing against unregistered firms (% of firms),IC.FRM.CMPU.ZS,Nauru,NRU,..
Firms competing against unregistered firms (% of firms),IC.FRM.CMPU.ZS,Nepal,NPL,..
Firms competing against unregistered firms (% of firms),IC.FRM.CMPU.ZS,Netherlands,NLD,..
Firms competing against unregistered firms (% of firms),IC.FRM.CMPU.ZS,New Caledonia,NCL,..
Firms competing against unregistered firms (% of firms),IC.FRM.CMPU.ZS,New Zealand,NZL,..
Firms competing against unregistered firms (% of firms),IC.FRM.CMPU.ZS,Nicaragua,NIC,..
Firms competing against unregistered firms (% of firms),IC.FRM.CMPU.ZS,Niger,NER,..
Firms competing against unregistered firms (% of firms),IC.FRM.CMPU.ZS,Nigeria,NGA,..
Firms competing against unregistered firms (% of firms),IC.FRM.CMPU.ZS,North Macedonia,MKD,..
Firms competing against unregistered firms (% of firms),IC.FRM.CMPU.ZS,Northern Mariana Islands,MNP,..
Firms competing against unregistered firms (% of firms),IC.FRM.CMPU.ZS,Norway,NOR,..
Firms competing against unregistered firms (% of firms),IC.FRM.CMPU.ZS,Oman,OMN,..
Firms competing against unregistered firms (% of firms),IC.FRM.CMPU.ZS,Pakistan,PAK,..
Firms competing against unregistered firms (% of firms),IC.FRM.CMPU.ZS,Palau,PLW,..
Firms competing against unregistered firms (% of firms),IC.FRM.CMPU.ZS,Panama,PAN,..
Firms competing against unregistered firms (% of firms),IC.FRM.CMPU.ZS,Papua New Guinea,PNG,..
Firms competing against unregistered firms (% of firms),IC.FRM.CMPU.ZS,Paraguay,PRY,..
Firms competing against unregistered firms (% of firms),IC.FRM.CMPU.ZS,Peru,PER,..
Firms competing against unregistered firms (% of firms),IC.FRM.CMPU.ZS,Philippines,PHL,..
Firms competing against unregistered firms (% of firms),IC.FRM.CMPU.ZS,Poland,POL,..
Firms competing against unregistered firms (% of firms),IC.FRM.CMPU.ZS,Portugal,PRT,..
Firms competing against unregistered firms (% of firms),IC.FRM.CMPU.ZS,Puerto Rico,PRI,..
Firms competing against unregistered firms (% of firms),IC.FRM.CMPU.ZS,Qatar,QAT,..
Firms competing against unregistered firms (% of firms),IC.FRM.CMPU.ZS,Romania,ROU,..
Firms competing against unregistered firms (% of firms),IC.FRM.CMPU.ZS,Russian Federation,RUS,..
Firms competing against unregistered firms (% of firms),IC.FRM.CMPU.ZS,Rwanda,RWA,..
Firms competing against unregistered firms (% of firms),IC.FRM.CMPU.ZS,Samoa,WSM,..
Firms competing against unregistered firms (% of firms),IC.FRM.CMPU.ZS,San Marino,SMR,..
Firms competing against unregistered firms (% of firms),IC.FRM.CMPU.ZS,Sao Tome and Principe,STP,..
Firms competing against unregistered firms (% of firms),IC.FRM.CMPU.ZS,Saudi Arabia,SAU,..
Firms competing against unregistered firms (% of firms),IC.FRM.CMPU.ZS,Senegal,SEN,..
Firms competing against unregistered firms (% of firms),IC.FRM.CMPU.ZS,Serbia,SRB,..
Firms competing against unregistered firms (% of firms),IC.FRM.CMPU.ZS,Seychelles,SYC,..
Firms competing against unregistered firms (% of firms),IC.FRM.CMPU.ZS,Sierra Leone,SLE,..
Firms competing against unregistered firms (% of firms),IC.FRM.CMPU.ZS,Singapore,SGP,..
Firms competing against unregistered firms (% of firms),IC.FRM.CMPU.ZS,Sint Maarten (Dutch part),SXM,..
Firms competing against unregistered firms (% of firms),IC.FRM.CMPU.ZS,Slovak Republic,SVK,..
Firms competing against unregistered firms (% of firms),IC.FRM.CMPU.ZS,Slovenia,SVN,..
Firms competing against unregistered firms (% of firms),IC.FRM.CMPU.ZS,Solomon Islands,SLB,..
Firms competing against unregistered firms (% of firms),IC.FRM.CMPU.ZS,Somalia,SOM,..
Firms competing against unregistered firms (% of firms),IC.FRM.CMPU.ZS,South Africa,ZAF,17.1
Firms competing against unregistered firms (% of firms),IC.FRM.CMPU.ZS,South Sudan,SSD,..
Firms competing against unregistered firms (% of firms),IC.FRM.CMPU.ZS,Spain,ESP,..
Firms competing against unregistered firms (% of firms),IC.FRM.CMPU.ZS,Sri Lanka,LKA,..
Firms competing against unregistered firms (% of firms),IC.FRM.CMPU.ZS,St. Kitts and Nevis,KNA,..
Firms competing against unregistered firms (% of firms),IC.FRM.CMPU.ZS,St. Lucia,LCA,..
Firms competing against unregistered firms (% of firms),IC.FRM.CMPU.ZS,St. Martin (French part),MAF,..
Firms competing against unregistered firms (% of firms),IC.FRM.CMPU.ZS,St. Vincent and the Grenadines,VCT,..
Firms competing against unregistered firms (% of firms),IC.FRM.CMPU.ZS,Sudan,SDN,..
Firms competing against unregistered firms (% of firms),IC.FRM.CMPU.ZS,Suriname,SUR,..
Firms competing against unregistered firms (% of firms),IC.FRM.CMPU.ZS,Sweden,SWE,..
Firms competing against unregistered firms (% of firms),IC.FRM.CMPU.ZS,Switzerland,CHE,..
Firms competing against unregistered firms (% of firms),IC.FRM.CMPU.ZS,Syrian Arab Republic,SYR,..
Firms competing against unregistered firms (% of firms),IC.FRM.CMPU.ZS,Tajikistan,TJK,..
Firms competing against unregistered firms (% of firms),IC.FRM.CMPU.ZS,Tanzania,TZA,..
Firms competing against unregistered firms (% of firms),IC.FRM.CMPU.ZS,Thailand,THA,..
Firms competing against unregistered firms (% of firms),IC.FRM.CMPU.ZS,Timor-Leste,TLS,..
Firms competing against unregistered firms (% of firms),IC.FRM.CMPU.ZS,Togo,TGO,..
Firms competing against unregistered firms (% of firms),IC.FRM.CMPU.ZS,Tonga,TON,..
Firms competing against unregistered firms (% of firms),IC.FRM.CMPU.ZS,Trinidad and Tobago,TTO,..
Firms competing against unregistered firms (% of firms),IC.FRM.CMPU.ZS,Tunisia,TUN,60.9
Firms competing against unregistered firms (% of firms),IC.FRM.CMPU.ZS,Turkey,TUR,..
Firms competing against unregistered firms (% of firms),IC.FRM.CMPU.ZS,Turkmenistan,TKM,..
Firms competing against unregistered firms (% of firms),IC.FRM.CMPU.ZS,Turks and Caicos Islands,TCA,..
Firms competing against unregistered firms (% of firms),IC.FRM.CMPU.ZS,Tuvalu,TUV,..
Firms competing against unregistered firms (% of firms),IC.FRM.CMPU.ZS,Uganda,UGA,..
Firms competing against unregistered firms (% of firms),IC.FRM.CMPU.ZS,Ukraine,UKR,..
Firms competing against unregistered firms (% of firms),IC.FRM.CMPU.ZS,United Arab Emirates,ARE,..
Firms competing against unregistered firms (% of firms),IC.FRM.CMPU.ZS,United Kingdom,GBR,..
Firms competing against unregistered firms (% of firms),IC.FRM.CMPU.ZS,United States,USA,..
Firms competing against unregistered firms (% of firms),IC.FRM.CMPU.ZS,Uruguay,URY,..
Firms competing against unregistered firms (% of firms),IC.FRM.CMPU.ZS,Uzbekistan,UZB,..
Firms competing against unregistered firms (% of firms),IC.FRM.CMPU.ZS,Vanuatu,VUT,..
Firms competing against unregistered firms (% of firms),IC.FRM.CMPU.ZS,"Venezuela, RB",VEN,..
Firms competing against unregistered firms (% of firms),IC.FRM.CMPU.ZS,Vietnam,VNM,..
Firms competing against unregistered firms (% of firms),IC.FRM.CMPU.ZS,Virgin Islands (U.S.),VIR,..
Firms competing against unregistered firms (% of firms),IC.FRM.CMPU.ZS,West Bank and Gaza,PSE,..
Firms competing against unregistered firms (% of firms),IC.FRM.CMPU.ZS,"Yemen, Rep.",YEM,..
Firms competing against unregistered firms (% of firms),IC.FRM.CMPU.ZS,Zambia,ZMB,..
Firms competing against unregistered firms (% of firms),IC.FRM.CMPU.ZS,Zimbabwe,ZWE,..
Firms competing against unregistered firms (% of firms),IC.FRM.CMPU.ZS,Africa Eastern and Southern,AFE,62.2444444444444
Firms competing against unregistered firms (% of firms),IC.FRM.CMPU.ZS,Africa Western and Central,AFW,71.95
Firms competing against unregistered firms (% of firms),IC.FRM.CMPU.ZS,Arab World,ARB,54.5
Firms competing against unregistered firms (% of firms),IC.FRM.CMPU.ZS,Caribbean small states,CSS,54.6
Firms competing against unregistered firms (% of firms),IC.FRM.CMPU.ZS,Central Europe and the Baltics,CEB,29.6636363636364
Firms competing against unregistered firms (% of firms),IC.FRM.CMPU.ZS,Early-demographic dividend,EAR,51.5675
Firms competing against unregistered firms (% of firms),IC.FRM.CMPU.ZS,East Asia & Pacific,EAS,48.3307692307692
Firms competing against unregistered firms (% of firms),IC.FRM.CMPU.ZS,East Asia & Pacific (excluding high income),EAP,48.3307692307692
Firms competing against unregistered firms (% of firms),IC.FRM.CMPU.ZS,East Asia & Pacific (IDA & IBRD countries),TEA,48.3307692307692
Firms competing against unregistered firms (% of firms),IC.FRM.CMPU.ZS,Euro area,EMU,32.2833333333333
Firms competing against unregistered firms (% of firms),IC.FRM.CMPU.ZS,Europe & Central Asia,ECS,33.5166666666667
Firms competing against unregistered firms (% of firms),IC.FRM.CMPU.ZS,Europe & Central Asia (excluding high income),ECA,36.675
Firms competing against unregistered firms (% of firms),IC.FRM.CMPU.ZS,Europe & Central Asia (IDA & IBRD countries),TEC,35.3636363636364
Firms competing against unregistered firms (% of firms),IC.FRM.CMPU.ZS,European Union,EUU,30.0578947368421
Firms competing against unregistered firms (% of firms),IC.FRM.CMPU.ZS,Fragile and conflict affected situations,FCS,57.384
Firms competing against unregistered firms (% of firms),IC.FRM.CMPU.ZS,Heavily indebted poor countries (HIPC),HPC,69.2766666666667
Firms competing against unregistered firms (% of firms),IC.FRM.CMPU.ZS,High income,HIC,30.8
Firms competing against unregistered firms (% of firms),IC.FRM.CMPU.ZS,IBRD only,IBD,48.0276595744681
Firms competing against unregistered firms (% of firms),IC.FRM.CMPU.ZS,IDA & IBRD total,IBT,54.0092783505155
Firms competing against unregistered firms (% of firms),IC.FRM.CMPU.ZS,IDA blend,IDB,58.2875
Firms competing against unregistered firms (% of firms),IC.FRM.CMPU.ZS,IDA only,IDX,59.8880952380952
Firms competing against unregistered firms (% of firms),IC.FRM.CMPU.ZS,IDA total,IDA,59.632
Firms competing against unregistered firms (% of firms),IC.FRM.CMPU.ZS,Late-demographic dividend,LTE,42.3071428571429
Firms competing against unregistered firms (% of firms),IC.FRM.CMPU.ZS,Latin America & Caribbean,LCN,69.7384615384615
Firms competing against unregistered firms (% of firms),IC.FRM.CMPU.ZS,Latin America & Caribbean (excluding high income),LAC,69.8916666666667
Firms competing against unregistered firms (% of firms),IC.FRM.CMPU.ZS,Latin America & the Caribbean (IDA & IBRD countries),TLA,69.7384615384615
Firms competing against unregistered firms (% of firms),IC.FRM.CMPU.ZS,Least developed countries: UN classification,LDC,61.1055555555555
Firms competing against unregistered firms (% of firms),IC.FRM.CMPU.ZS,Low & middle income,LMY,54.6357894736842
Firms competing against unregistered firms (% of firms),IC.FRM.CMPU.ZS,Low income,LIC,65.8
Firms competing against unregistered firms (% of firms),IC.FRM.CMPU.ZS,Lower middle income,LMC,55.4238095238095
Firms competing against unregistered firms (% of firms),IC.FRM.CMPU.ZS,Middle East & North Africa,MEA,43.1545454545455
Firms competing against unregistered firms (% of firms),IC.FRM.CMPU.ZS,Middle East & North Africa (excluding high income),MNA,47.8333333333333
Firms competing against unregistered firms (% of firms),IC.FRM.CMPU.ZS,Middle East & North Africa (IDA & IBRD countries),TMN,45.825
Firms competing against unregistered firms (% of firms),IC.FRM.CMPU.ZS,Middle income,MIC,51.4675675675676
Firms competing against unregistered firms (% of firms),IC.FRM.CMPU.ZS,North America,NAC,..
Firms competing against unregistered firms (% of firms),IC.FRM.CMPU.ZS,Not classified,INX,..
Firms competing against unregistered firms (% of firms),IC.FRM.CMPU.ZS,OECD members,OED,32.1
Firms competing against unregistered firms (% of firms),IC.FRM.CMPU.ZS,Other small states,OSS,45.3454545454545
Firms competing against unregistered firms (% of firms),IC.FRM.CMPU.ZS,Pacific island small states,PSS,59.7
Firms competing against unregistered firms (% of firms),IC.FRM.CMPU.ZS,Post-demographic dividend,PST,30.425
Firms competing against unregistered firms (% of firms),IC.FRM.CMPU.ZS,Pre-demographic dividend,PRE,69.751724137931
Firms competing against unregistered firms (% of firms),IC.FRM.CMPU.ZS,Small states,SST,47.1615384615385
Firms competing against unregistered firms (% of firms),IC.FRM.CMPU.ZS,South Asia,SAS,41.1142857142857
Firms competing against unregistered firms (% of firms),IC.FRM.CMPU.ZS,South Asia (IDA & IBRD),TSA,41.1142857142857
Firms competing against unregistered firms (% of firms),IC.FRM.CMPU.ZS,Sub-Saharan Africa,SSF,66.8117647058824
Firms competing against unregistered firms (% of firms),IC.FRM.CMPU.ZS,Sub-Saharan Africa (excluding high income),SSA,66.8117647058824
Firms competing against unregistered firms (% of firms),IC.FRM.CMPU.ZS,Sub-Saharan Africa (IDA & IBRD countries),TSS,66.8117647058824
Firms competing against unregistered firms (% of firms),IC.FRM.CMPU.ZS,Upper middle income,UMC,46.275
Firms competing against unregistered firms (% of firms),IC.FRM.CMPU.ZS,World,WLD,50.6631578947368
GDP (constant 2015 US$),NY.GDP.MKTP.KD,Afghanistan,AFG,20621946475.7248
GDP (constant 2015 US$),NY.GDP.MKTP.KD,Albania,ALB,12457862570.9615
GDP (constant 2015 US$),NY.GDP.MKTP.KD,Algeria,DZA,168144148735.467
GDP (constant 2015 US$),NY.GDP.MKTP.KD,American Samoa,ASM,653477862.59542
GDP (constant 2015 US$),NY.GDP.MKTP.KD,Andorra,AND,2649303923.74954
GDP (constant 2015 US$),NY.GDP.MKTP.KD,Angola,AGO,104128680882.974
GDP (constant 2015 US$),NY.GDP.MKTP.KD,Antigua and Barbuda,ATG,1301036618.29788
GDP (constant 2015 US$),NY.GDP.MKTP.KD,Argentina,ARG,514772410744.886
GDP (constant 2015 US$),NY.GDP.MKTP.KD,Armenia,ARM,11915301005.3428
GDP (constant 2015 US$),NY.GDP.MKTP.KD,Aruba,ABW,..
GDP (constant 2015 US$),NY.GDP.MKTP.KD,Australia,AUS,1490967836287.24
GDP (constant 2015 US$),NY.GDP.MKTP.KD,Austria,AUT,386358828359.98
GDP (constant 2015 US$),NY.GDP.MKTP.KD,Azerbaijan,AZE,51307185972.7133
GDP (constant 2015 US$),NY.GDP.MKTP.KD,"Bahamas, The",BHS,10700067637.535
GDP (constant 2015 US$),NY.GDP.MKTP.KD,Bahrain,BHR,33206179338.0924
GDP (constant 2015 US$),NY.GDP.MKTP.KD,Bangladesh,BGD,270695543283.145
GDP (constant 2015 US$),NY.GDP.MKTP.KD,Barbados,BRB,3906818634.5026
GDP (constant 2015 US$),NY.GDP.MKTP.KD,Belarus,BLR,58482352924.7647
GDP (constant 2015 US$),NY.GDP.MKTP.KD,Belgium,BEL,466648941451.321
GDP (constant 2015 US$),NY.GDP.MKTP.KD,Belize,BLZ,1577955710.95098
GDP (constant 2015 US$),NY.GDP.MKTP.KD,Benin,BEN,14725558673.4836
GDP (constant 2015 US$),NY.GDP.MKTP.KD,Bermuda,BMU,6416619976.78948
GDP (constant 2015 US$),NY.GDP.MKTP.KD,Bhutan,BTN,2221963713.91577
GDP (constant 2015 US$),NY.GDP.MKTP.KD,Bolivia,BOL,34820961246.5927
GDP (constant 2015 US$),NY.GDP.MKTP.KD,Bosnia and Herzegovina,BIH,17825164473.5196
GDP (constant 2015 US$),NY.GDP.MKTP.KD,Botswana,BWA,14813376718.8645
GDP (constant 2015 US$),NY.GDP.MKTP.KD,Brazil,BRA,1749104722085.75
GDP (constant 2015 US$),NY.GDP.MKTP.KD,British Virgin Islands,VGB,..
GDP (constant 2015 US$),NY.GDP.MKTP.KD,Brunei Darussalam,BRN,13429361905.7745
GDP (constant 2015 US$),NY.GDP.MKTP.KD,Bulgaria,BGR,54923717977.7828
GDP (constant 2015 US$),NY.GDP.MKTP.KD,Burkina Faso,BFA,15291209207.4632
GDP (constant 2015 US$),NY.GDP.MKTP.KD,Burundi,BDI,3218732735.47832
GDP (constant 2015 US$),NY.GDP.MKTP.KD,Cabo Verde,CPV,1632003277.60234
GDP (constant 2015 US$),NY.GDP.MKTP.KD,Cambodia,KHM,23012192756.0004
GDP (constant 2015 US$),NY.GDP.MKTP.KD,Cameroon,CMR,37686544899.7458
GDP (constant 2015 US$),NY.GDP.MKTP.KD,Canada,CAN,1600331194689.1
GDP (constant 2015 US$),NY.GDP.MKTP.KD,Cayman Islands,CYM,5060362414.49658
GDP (constant 2015 US$),NY.GDP.MKTP.KD,Central African Republic,CAF,2001437872.50299
GDP (constant 2015 US$),NY.GDP.MKTP.KD,Chad,TCD,10426343411.4082
GDP (constant 2015 US$),NY.GDP.MKTP.KD,Channel Islands,CHI,..
GDP (constant 2015 US$),NY.GDP.MKTP.KD,Chile,CHL,247639120221.194
GDP (constant 2015 US$),NY.GDP.MKTP.KD,China,CHN,14631844421164.2
GDP (constant 2015 US$),NY.GDP.MKTP.KD,Colombia,COL,299826459539.862
GDP (constant 2015 US$),NY.GDP.MKTP.KD,Comoros,COM,1091379941.82261
GDP (constant 2015 US$),NY.GDP.MKTP.KD,"Congo, Dem. Rep.",COD,45259706747.5848
GDP (constant 2015 US$),NY.GDP.MKTP.KD,"Congo, Rep.",COG,8877391999.21642
GDP (constant 2015 US$),NY.GDP.MKTP.KD,Costa Rica,CRI,61668979511.3658
GDP (constant 2015 US$),NY.GDP.MKTP.KD,Cote d'Ivoire,CIV,61033878289.1137
GDP (constant 2015 US$),NY.GDP.MKTP.KD,Croatia,HRV,52557893779.4932
GDP (constant 2015 US$),NY.GDP.MKTP.KD,Cuba,CUB,81054474018.3486
GDP (constant 2015 US$),NY.GDP.MKTP.KD,Curacao,CUW,2364843106.78602
GDP (constant 2015 US$),NY.GDP.MKTP.KD,Cyprus,CYP,23579790561.3669
GDP (constant 2015 US$),NY.GDP.MKTP.KD,Czech Republic,CZE,203104100818.131
GDP (constant 2015 US$),NY.GDP.MKTP.KD,Denmark,DNK,327737534762.376
GDP (constant 2015 US$),NY.GDP.MKTP.KD,Djibouti,DJI,3207792428.79929
GDP (constant 2015 US$),NY.GDP.MKTP.KD,Dominica,DMA,473932843.206578
GDP (constant 2015 US$),NY.GDP.MKTP.KD,Dominican Republic,DOM,83287065054.8355
GDP (constant 2015 US$),NY.GDP.MKTP.KD,Ecuador,ECU,93820098898.9847
GDP (constant 2015 US$),NY.GDP.MKTP.KD,"Egypt, Arab Rep.",EGY,412246049856.462
GDP (constant 2015 US$),NY.GDP.MKTP.KD,El Salvador,SLV,23560825996.9743
GDP (constant 2015 US$),NY.GDP.MKTP.KD,Equatorial Guinea,GNQ,9509201933.42394
GDP (constant 2015 US$),NY.GDP.MKTP.KD,Eritrea,ERI,..
GDP (constant 2015 US$),NY.GDP.MKTP.KD,Estonia,EST,26269347954.8905
GDP (constant 2015 US$),NY.GDP.MKTP.KD,Eswatini,SWZ,4319634145.18863
GDP (constant 2015 US$),NY.GDP.MKTP.KD,Ethiopia,ETH,95069173939.2885
GDP (constant 2015 US$),NY.GDP.MKTP.KD,Faroe Islands,FRO,..
GDP (constant 2015 US$),NY.GDP.MKTP.KD,Fiji,FJI,4402511310.87186
GDP (constant 2015 US$),NY.GDP.MKTP.KD,Finland,FIN,247627994062.826
GDP (constant 2015 US$),NY.GDP.MKTP.KD,France,FRA,2410285649514.37
GDP (constant 2015 US$),NY.GDP.MKTP.KD,French Polynesia,PYF,..
GDP (constant 2015 US$),NY.GDP.MKTP.KD,Gabon,GAB,15176119328.9266
GDP (constant 2015 US$),NY.GDP.MKTP.KD,"Gambia, The",GMB,1672833037.60516
GDP (constant 2015 US$),NY.GDP.MKTP.KD,Georgia,GEO,16557390869.4311
GDP (constant 2015 US$),NY.GDP.MKTP.KD,Germany,DEU,3434435991589.48
GDP (constant 2015 US$),NY.GDP.MKTP.KD,Ghana,GHA,62724594622.7784
GDP (constant 2015 US$),NY.GDP.MKTP.KD,Gibraltar,GIB,..
GDP (constant 2015 US$),NY.GDP.MKTP.KD,Greece,GRC,185300000452.356
GDP (constant 2015 US$),NY.GDP.MKTP.KD,Greenland,GRL,..
GDP (constant 2015 US$),NY.GDP.MKTP.KD,Grenada,GRD,979357778.228225
GDP (constant 2015 US$),NY.GDP.MKTP.KD,Guam,GUM,5259729936.30573
GDP (constant 2015 US$),NY.GDP.MKTP.KD,Guatemala,GTM,69560946554.6216
GDP (constant 2015 US$),NY.GDP.MKTP.KD,Guinea,GIN,12922776921.3699
GDP (constant 2015 US$),NY.GDP.MKTP.KD,Guinea-Bissau,GNB,1218759824.0375
GDP (constant 2015 US$),NY.GDP.MKTP.KD,Guyana,GUY,7275908034.11422
GDP (constant 2015 US$),NY.GDP.MKTP.KD,Haiti,HTI,14956795315.4134
GDP (constant 2015 US$),NY.GDP.MKTP.KD,Honduras,HND,22022361225.0611
GDP (constant 2015 US$),NY.GDP.MKTP.KD,"Hong Kong SAR, China",HKG,311574446723.543
GDP (constant 2015 US$),NY.GDP.MKTP.KD,Hungary,HUN,140096898857.097
GDP (constant 2015 US$),NY.GDP.MKTP.KD,Iceland,ISL,19491448632.0679
GDP (constant 2015 US$),NY.GDP.MKTP.KD,India,IND,2500132192252.07
GDP (constant 2015 US$),NY.GDP.MKTP.KD,Indonesia,IDN,1027602854052.75
GDP (constant 2015 US$),NY.GDP.MKTP.KD,"Iran, Islamic Rep.",IRN,410188057889.547
GDP (constant 2015 US$),NY.GDP.MKTP.KD,Iraq,IRQ,170857727944.571
GDP (constant 2015 US$),NY.GDP.MKTP.KD,Ireland,IRL,392377013983.203
GDP (constant 2015 US$),NY.GDP.MKTP.KD,Isle of Man,IMN,..
GDP (constant 2015 US$),NY.GDP.MKTP.KD,Israel,ISR,345459861240.942
GDP (constant 2015 US$),NY.GDP.MKTP.KD,Italy,ITA,1744731951797.4
GDP (constant 2015 US$),NY.GDP.MKTP.KD,Jamaica,JAM,13440715454.4634
GDP (constant 2015 US$),NY.GDP.MKTP.KD,Japan,JPN,4380756530555.84
GDP (constant 2015 US$),NY.GDP.MKTP.KD,Jordan,JOR,41108073616.9012
GDP (constant 2015 US$),NY.GDP.MKTP.KD,Kazakhstan,KAZ,205829297738.039
GDP (constant 2015 US$),NY.GDP.MKTP.KD,Kenya,KEN,83859109642.7977
GDP (constant 2015 US$),NY.GDP.MKTP.KD,Kiribati,KIR,191947336.316123
GDP (constant 2015 US$),NY.GDP.MKTP.KD,"Korea, Dem. People's Rep.",PRK,..
GDP (constant 2015 US$),NY.GDP.MKTP.KD,"Korea, Rep.",KOR,1623895080923.74
GDP (constant 2015 US$),NY.GDP.MKTP.KD,Kosovo,XKX,7144367590.23064
GDP (constant 2015 US$),NY.GDP.MKTP.KD,Kuwait,KWT,104326525025.932
GDP (constant 2015 US$),NY.GDP.MKTP.KD,Kyrgyz Republic,KGZ,7238139485.07632
GDP (constant 2015 US$),NY.GDP.MKTP.KD,Lao PDR,LAO,18584865505.7243
GDP (constant 2015 US$),NY.GDP.MKTP.KD,Latvia,LVA,29604557971.0212
GDP (constant 2015 US$),NY.GDP.MKTP.KD,Lebanon,LBN,36736829867.8828
GDP (constant 2015 US$),NY.GDP.MKTP.KD,Lesotho,LSO,2105770361.01415
GDP (constant 2015 US$),NY.GDP.MKTP.KD,Liberia,LBR,3115542651.48219
GDP (constant 2015 US$),NY.GDP.MKTP.KD,Libya,LBY,27805590095.5454
GDP (constant 2015 US$),NY.GDP.MKTP.KD,Liechtenstein,LIE,..
GDP (constant 2015 US$),NY.GDP.MKTP.KD,Lithuania,LTU,48091287110.449
GDP (constant 2015 US$),NY.GDP.MKTP.KD,Luxembourg,LUX,66091291203.4122
GDP (constant 2015 US$),NY.GDP.MKTP.KD,"Macao SAR, China",MAC,23488188941.668
GDP (constant 2015 US$),NY.GDP.MKTP.KD,Madagascar,MDG,12244773575.743
GDP (constant 2015 US$),NY.GDP.MKTP.KD,Malawi,MWI,7537262760.22866
GDP (constant 2015 US$),NY.GDP.MKTP.KD,Malaysia,MYS,344099347074.638
GDP (constant 2015 US$),NY.GDP.MKTP.KD,Maldives,MDV,3600460152.87054
GDP (constant 2015 US$),NY.GDP.MKTP.KD,Mali,MLI,15830713922.9713
GDP (constant 2015 US$),NY.GDP.MKTP.KD,Malta,MLT,12886270020.5634
GDP (constant 2015 US$),NY.GDP.MKTP.KD,Marshall Islands,MHL,207699800
GDP (constant 2015 US$),NY.GDP.MKTP.KD,Mauritania,MRT,7206774163.45007
GDP (constant 2015 US$),NY.GDP.MKTP.KD,Mauritius,MUS,11465335041.3424
GDP (constant 2015 US$),NY.GDP.MKTP.KD,Mexico,MEX,1148749268216.83
GDP (constant 2015 US$),NY.GDP.MKTP.KD,"Micronesia, Fed. Sts.",FSM,326589258.966469
GDP (constant 2015 US$),NY.GDP.MKTP.KD,Moldova,MDA,8517409875.67267
GDP (constant 2015 US$),NY.GDP.MKTP.KD,Monaco,MCO,..
GDP (constant 2015 US$),NY.GDP.MKTP.KD,Mongolia,MNG,13528524724.6473
GDP (constant 2015 US$),NY.GDP.MKTP.KD,Montenegro,MNE,4046328370.4823
GDP (constant 2015 US$),NY.GDP.MKTP.KD,Morocco,MAR,105726171616.036
GDP (constant 2015 US$),NY.GDP.MKTP.KD,Mozambique,MOZ,17959222232.3238
GDP (constant 2015 US$),NY.GDP.MKTP.KD,Myanmar,MMR,86343028344.6817
GDP (constant 2015 US$),NY.GDP.MKTP.KD,Namibia,NAM,10285277742.1275
GDP (constant 2015 US$),NY.GDP.MKTP.KD,Nauru,NRU,90650121.4347125
GDP (constant 2015 US$),NY.GDP.MKTP.KD,Nepal,NPL,29966137023.6247
GDP (constant 2015 US$),NY.GDP.MKTP.KD,Netherlands,NLD,808007359760.319
GDP (constant 2015 US$),NY.GDP.MKTP.KD,New Caledonia,NCL,..
GDP (constant 2015 US$),NY.GDP.MKTP.KD,New Zealand,NZL,204482365452.675
GDP (constant 2015 US$),NY.GDP.MKTP.KD,Nicaragua,NIC,12734736953.8557
GDP (constant 2015 US$),NY.GDP.MKTP.KD,Niger,NER,12649312790.6637
GDP (constant 2015 US$),NY.GDP.MKTP.KD,Nigeria,NGA,493917966761.433
GDP (constant 2015 US$),NY.GDP.MKTP.KD,North Macedonia,MKD,10602899914.6751
GDP (constant 2015 US$),NY.GDP.MKTP.KD,Northern Mariana Islands,MNP,..
GDP (constant 2015 US$),NY.GDP.MKTP.KD,Norway,NOR,403779725121.422
GDP (constant 2015 US$),NY.GDP.MKTP.KD,Oman,OMN,..
GDP (constant 2015 US$),NY.GDP.MKTP.KD,Pakistan,PAK,319589670093.838
GDP (constant 2015 US$),NY.GDP.MKTP.KD,Palau,PLW,239735275.665399
GDP (constant 2015 US$),NY.GDP.MKTP.KD,Panama,PAN,52520697209.2337
GDP (constant 2015 US$),NY.GDP.MKTP.KD,Papua New Guinea,PNG,23854664082.3199
GDP (constant 2015 US$),NY.GDP.MKTP.KD,Paraguay,PRY,40446808660.9894
GDP (constant 2015 US$),NY.GDP.MKTP.KD,Peru,PER,190979128768.533
GDP (constant 2015 US$),NY.GDP.MKTP.KD,Philippines,PHL,358294070260.977
GDP (constant 2015 US$),NY.GDP.MKTP.KD,Poland,POL,555630454967.502
GDP (constant 2015 US$),NY.GDP.MKTP.KD,Portugal,PRT,203507675081.482
GDP (constant 2015 US$),NY.GDP.MKTP.KD,Puerto Rico,PRI,92660076632.5087
GDP (constant 2015 US$),NY.GDP.MKTP.KD,Qatar,QAT,161416823761.21
GDP (constant 2015 US$),NY.GDP.MKTP.KD,Romania,ROU,208838846565.924
GDP (constant 2015 US$),NY.GDP.MKTP.KD,Russian Federation,RUS,1416124431328.3
GDP (constant 2015 US$),NY.GDP.MKTP.KD,Rwanda,RWA,10807188692.3483
GDP (constant 2015 US$),NY.GDP.MKTP.KD,Samoa,WSM,864485987.503765
GDP (constant 2015 US$),NY.GDP.MKTP.KD,San Marino,SMR,..
GDP (constant 2015 US$),NY.GDP.MKTP.KD,Sao Tome and Principe,STP,370868351.86853
GDP (constant 2015 US$),NY.GDP.MKTP.KD,Saudi Arabia,SAU,650714601909.915
GDP (constant 2015 US$),NY.GDP.MKTP.KD,Senegal,SEN,22852755934.4895
GDP (constant 2015 US$),NY.GDP.MKTP.KD,Serbia,SRB,45184791299.441
GDP (constant 2015 US$),NY.GDP.MKTP.KD,Seychelles,SYC,1386262377.34522
GDP (constant 2015 US$),NY.GDP.MKTP.KD,Sierra Leone,SLE,4976753933.906
GDP (constant 2015 US$),NY.GDP.MKTP.KD,Singapore,SGP,330099796334.012
GDP (constant 2015 US$),NY.GDP.MKTP.KD,Sint Maarten (Dutch part),SXM,..
GDP (constant 2015 US$),NY.GDP.MKTP.KD,Slovak Republic,SVK,94731014312.2407
GDP (constant 2015 US$),NY.GDP.MKTP.KD,Slovenia,SVN,48124693310.8877
GDP (constant 2015 US$),NY.GDP.MKTP.KD,Solomon Islands,SLB,1467403272.8451
GDP (constant 2015 US$),NY.GDP.MKTP.KD,Somalia,SOM,5151914354.19933
GDP (constant 2015 US$),NY.GDP.MKTP.KD,South Africa,ZAF,335640150576.122
GDP (constant 2015 US$),NY.GDP.MKTP.KD,South Sudan,SSD,..
GDP (constant 2015 US$),NY.GDP.MKTP.KD,Spain,ESP,1180730237585.72
GDP (constant 2015 US$),NY.GDP.MKTP.KD,Sri Lanka,LKA,88832160056.326
GDP (constant 2015 US$),NY.GDP.MKTP.KD,St. Kitts and Nevis,KNA,973116706.099799
GDP (constant 2015 US$),NY.GDP.MKTP.KD,St. Lucia,LCA,1588638626.64639
GDP (constant 2015 US$),NY.GDP.MKTP.KD,St. Martin (French part),MAF,..
GDP (constant 2015 US$),NY.GDP.MKTP.KD,St. Vincent and the Grenadines,VCT,772496631.164621
GDP (constant 2015 US$),NY.GDP.MKTP.KD,Sudan,SDN,49449888025.3069
GDP (constant 2015 US$),NY.GDP.MKTP.KD,Suriname,SUR,4417127637.77914
GDP (constant 2015 US$),NY.GDP.MKTP.KD,Sweden,SWE,533611847447.428
GDP (constant 2015 US$),NY.GDP.MKTP.KD,Switzerland,CHE,740026236249.648
GDP (constant 2015 US$),NY.GDP.MKTP.KD,Syrian Arab Republic,SYR,..
GDP (constant 2015 US$),NY.GDP.MKTP.KD,Tajikistan,TJK,11436203954.5867
GDP (constant 2015 US$),NY.GDP.MKTP.KD,Tanzania,TZA,61522709091.989
GDP (constant 2015 US$),NY.GDP.MKTP.KD,Thailand,THA,432649179610.326
GDP (constant 2015 US$),NY.GDP.MKTP.KD,Timor-Leste,TLS,2093497568.69774
GDP (constant 2015 US$),NY.GDP.MKTP.KD,Togo,TGO,5187639195.4239
GDP (constant 2015 US$),NY.GDP.MKTP.KD,Tonga,TON,489364573.366461
GDP (constant 2015 US$),NY.GDP.MKTP.KD,Trinidad and Tobago,TTO,20813757908.5789
GDP (constant 2015 US$),NY.GDP.MKTP.KD,Tunisia,TUN,44681503990.4623
GDP (constant 2015 US$),NY.GDP.MKTP.KD,Turkey,TUR,1015326662715.27
GDP (constant 2015 US$),NY.GDP.MKTP.KD,Turkmenistan,TKM,..
GDP (constant 2015 US$),NY.GDP.MKTP.KD,Turks and Caicos Islands,TCA,802388550.964229
GDP (constant 2015 US$),NY.GDP.MKTP.KD,Tuvalu,TUV,44708879.1274654
GDP (constant 2015 US$),NY.GDP.MKTP.KD,Uganda,UGA,40768765939.9399
GDP (constant 2015 US$),NY.GDP.MKTP.KD,Ukraine,UKR,97866338856.1037
GDP (constant 2015 US$),NY.GDP.MKTP.KD,United Arab Emirates,ARE,370866189764.806
GDP (constant 2015 US$),NY.GDP.MKTP.KD,United Kingdom,GBR,2882115887622.9
GDP (constant 2015 US$),NY.GDP.MKTP.KD,United States,USA,19247059000000
GDP (constant 2015 US$),NY.GDP.MKTP.KD,Uruguay,URY,52260972281.8054
GDP (constant 2015 US$),NY.GDP.MKTP.KD,Uzbekistan,UZB,107981860052.519
GDP (constant 2015 US$),NY.GDP.MKTP.KD,Vanuatu,VUT,810535805.63569
GDP (constant 2015 US$),NY.GDP.MKTP.KD,"Venezuela, RB",VEN,..
GDP (constant 2015 US$),NY.GDP.MKTP.KD,Vietnam,VNM,258508671883.214
GDP (constant 2015 US$),NY.GDP.MKTP.KD,Virgin Islands (U.S.),VIR,..
GDP (constant 2015 US$),NY.GDP.MKTP.KD,West Bank and Gaza,PSE,14015400000
GDP (constant 2015 US$),NY.GDP.MKTP.KD,"Yemen, Rep.",YEM,..
GDP (constant 2015 US$),NY.GDP.MKTP.KD,Zambia,ZMB,23418945736.8993
GDP (constant 2015 US$),NY.GDP.MKTP.KD,Zimbabwe,ZWE,19426048165.877
GDP (constant 2015 US$),NY.GDP.MKTP.KD,Africa Eastern and Southern,AFE,975174419567.342
GDP (constant 2015 US$),NY.GDP.MKTP.KD,Africa Western and Central,AFW,820636112652.497
GDP (constant 2015 US$),NY.GDP.MKTP.KD,Arab World,ARB,2525824292720.61
GDP (constant 2015 US$),NY.GDP.MKTP.KD,Caribbean small states,CSS,68220930221.5678
GDP (constant 2015 US$),NY.GDP.MKTP.KD,Central Europe and the Baltics,CEB,1461972813625.42
GDP (constant 2015 US$),NY.GDP.MKTP.KD,Early-demographic dividend,EAR,11175750002752.6
GDP (constant 2015 US$),NY.GDP.MKTP.KD,East Asia & Pacific,EAS,26267553268938.6
GDP (constant 2015 US$),NY.GDP.MKTP.KD,East Asia & Pacific (excluding high income),EAP,17251524473606
GDP (constant 2015 US$),NY.GDP.MKTP.KD,East Asia & Pacific (IDA & IBRD countries),TEA,17229550948649.9
GDP (constant 2015 US$),NY.GDP.MKTP.KD,Euro area,EMU,11809389896083.3
GDP (constant 2015 US$),NY.GDP.MKTP.KD,Europe & Central Asia,ECS,21108750105123.2
GDP (constant 2015 US$),NY.GDP.MKTP.KD,Europe & Central Asia (excluding high income),ECA,3414610834793.28
GDP (constant 2015 US$),NY.GDP.MKTP.KD,Europe & Central Asia (IDA & IBRD countries),TEC,4022692727957.83
GDP (constant 2015 US$),NY.GDP.MKTP.KD,European Union,EUU,13885891191259
GDP (constant 2015 US$),NY.GDP.MKTP.KD,Fragile and conflict affected situations,FCS,1636815770462.76
GDP (constant 2015 US$),NY.GDP.MKTP.KD,Heavily indebted poor countries (HIPC),HPC,789750001096.468
GDP (constant 2015 US$),NY.GDP.MKTP.KD,High income,HIC,49763737737780.7
GDP (constant 2015 US$),NY.GDP.MKTP.KD,IBRD only,IBD,30483038482833.4
GDP (constant 2015 US$),NY.GDP.MKTP.KD,IDA & IBRD total,IBT,32830212097572.9
GDP (constant 2015 US$),NY.GDP.MKTP.KD,IDA blend,IDB,1107135693734.16
GDP (constant 2015 US$),NY.GDP.MKTP.KD,IDA only,IDX,1239716122908.18
GDP (constant 2015 US$),NY.GDP.MKTP.KD,IDA total,IDA,2346669721783.33
GDP (constant 2015 US$),NY.GDP.MKTP.KD,Late-demographic dividend,LTE,22443633555291.2
GDP (constant 2015 US$),NY.GDP.MKTP.KD,Latin America & Caribbean,LCN,5220250174910.94
GDP (constant 2015 US$),NY.GDP.MKTP.KD,Latin America & Caribbean (excluding high income),LAC,4524412872718.69
GDP (constant 2015 US$),NY.GDP.MKTP.KD,Latin America & the Caribbean (IDA & IBRD countries),TLA,5012339990419.76
GDP (constant 2015 US$),NY.GDP.MKTP.KD,Least developed countries: UN classification,LDC,1132409817404.22
GDP (constant 2015 US$),NY.GDP.MKTP.KD,Low & middle income,LMY,31702954847707.7
GDP (constant 2015 US$),NY.GDP.MKTP.KD,Low income,LIC,477577465777.253
GDP (constant 2015 US$),NY.GDP.MKTP.KD,Lower middle income,LMC,7530226915518.85
GDP (constant 2015 US$),NY.GDP.MKTP.KD,Middle East & North Africa,MEA,3232650039398.86
GDP (constant 2015 US$),NY.GDP.MKTP.KD,Middle East & North Africa (excluding high income),MNA,1484549700027.44
GDP (constant 2015 US$),NY.GDP.MKTP.KD,Middle East & North Africa (IDA & IBRD countries),TMN,1470547924143.79
GDP (constant 2015 US$),NY.GDP.MKTP.KD,Middle income,MIC,31226518398513.5
GDP (constant 2015 US$),NY.GDP.MKTP.KD,North America,NAC,20853806814665.9
GDP (constant 2015 US$),NY.GDP.MKTP.KD,Not classified,INX,..
GDP (constant 2015 US$),NY.GDP.MKTP.KD,OECD members,OED,49244680329334
GDP (constant 2015 US$),NY.GDP.MKTP.KD,Other small states,OSS,381932796736.118
GDP (constant 2015 US$),NY.GDP.MKTP.KD,Pacific island small states,PSS,9135631621.73305
GDP (constant 2015 US$),NY.GDP.MKTP.KD,Post-demographic dividend,PST,46053872639370.2
GDP (constant 2015 US$),NY.GDP.MKTP.KD,Pre-demographic dividend,PRE,1404161900868.14
GDP (constant 2015 US$),NY.GDP.MKTP.KD,Small states,SST,459280768897.804
GDP (constant 2015 US$),NY.GDP.MKTP.KD,South Asia,SAS,3235660073051.52
GDP (constant 2015 US$),NY.GDP.MKTP.KD,South Asia (IDA & IBRD),TSA,3235660073051.52
GDP (constant 2015 US$),NY.GDP.MKTP.KD,Sub-Saharan Africa,SSF,1795810532219.84
GDP (constant 2015 US$),NY.GDP.MKTP.KD,Sub-Saharan Africa (excluding high income),SSA,1794424269842.49
GDP (constant 2015 US$),NY.GDP.MKTP.KD,Sub-Saharan Africa (IDA & IBRD countries),TSS,1795810532219.84
GDP (constant 2015 US$),NY.GDP.MKTP.KD,Upper middle income,UMC,23696596108154.9
GDP (constant 2015 US$),NY.GDP.MKTP.KD,World,WLD,81749439660499.7
"Population, total",SP.POP.TOTL,Afghanistan,AFG,38928341
"Population, total",SP.POP.TOTL,Albania,ALB,2837743
"Population, total",SP.POP.TOTL,Algeria,DZA,43851043
"Population, total",SP.POP.TOTL,American Samoa,ASM,55197
"Population, total",SP.POP.TOTL,Andorra,AND,77265
"Population, total",SP.POP.TOTL,Angola,AGO,32866268
"Population, total",SP.POP.TOTL,Antigua and Barbuda,ATG,97928
"Population, total",SP.POP.TOTL,Argentina,ARG,45376763
"Population, total",SP.POP.TOTL,Armenia,ARM,2963234
"Population, total",SP.POP.TOTL,Aruba,ABW,106766
"Population, total",SP.POP.TOTL,Australia,AUS,25687041
"Population, total",SP.POP.TOTL,Austria,AUT,8917205
"Population, total",SP.POP.TOTL,Azerbaijan,AZE,10093121
"Population, total",SP.POP.TOTL,"Bahamas, The",BHS,393248
"Population, total",SP.POP.TOTL,Bahrain,BHR,1701583
"Population, total",SP.POP.TOTL,Bangladesh,BGD,164689383
"Population, total",SP.POP.TOTL,Barbados,BRB,287371
"Population, total",SP.POP.TOTL,Belarus,BLR,9379952
"Population, total",SP.POP.TOTL,Belgium,BEL,11555997
"Population, total",SP.POP.TOTL,Belize,BLZ,397621
"Population, total",SP.POP.TOTL,Benin,BEN,12123198
"Population, total",SP.POP.TOTL,Bermuda,BMU,63903
"Population, total",SP.POP.TOTL,Bhutan,BTN,771612
"Population, total",SP.POP.TOTL,Bolivia,BOL,11673029
"Population, total",SP.POP.TOTL,Bosnia and Herzegovina,BIH,3280815
"Population, total",SP.POP.TOTL,Botswana,BWA,2351625
"Population, total",SP.POP.TOTL,Brazil,BRA,212559409
"Population, total",SP.POP.TOTL,British Virgin Islands,VGB,30237
"Population, total",SP.POP.TOTL,Brunei Darussalam,BRN,437483
"Population, total",SP.POP.TOTL,Bulgaria,BGR,6934015
"Population, total",SP.POP.TOTL,Burkina Faso,BFA,20903278
"Population, total",SP.POP.TOTL,Burundi,BDI,11890781
"Population, total",SP.POP.TOTL,Cabo Verde,CPV,555988
"Population, total",SP.POP.TOTL,Cambodia,KHM,16718971
"Population, total",SP.POP.TOTL,Cameroon,CMR,26545864
"Population, total",SP.POP.TOTL,Canada,CAN,38005238
"Population, total",SP.POP.TOTL,Cayman Islands,CYM,65720
"Population, total",SP.POP.TOTL,Central African Republic,CAF,4829764
"Population, total",SP.POP.TOTL,Chad,TCD,16425859
"Population, total",SP.POP.TOTL,Channel Islands,CHI,173859
"Population, total",SP.POP.TOTL,Chile,CHL,19116209
"Population, total",SP.POP.TOTL,China,CHN,1410929362
"Population, total",SP.POP.TOTL,Colombia,COL,50882884
"Population, total",SP.POP.TOTL,Comoros,COM,869595
"Population, total",SP.POP.TOTL,"Congo, Dem. Rep.",COD,89561404
"Population, total",SP.POP.TOTL,"Congo, Rep.",COG,5518092
"Population, total",SP.POP.TOTL,Costa Rica,CRI,5094114
"Population, total",SP.POP.TOTL,Cote d'Ivoire,CIV,26378275
"Population, total",SP.POP.TOTL,Croatia,HRV,4047200
"Population, total",SP.POP.TOTL,Cuba,CUB,11326616
"Population, total",SP.POP.TOTL,Curacao,CUW,155014
"Population, total",SP.POP.TOTL,Cyprus,CYP,1207361
"Population, total",SP.POP.TOTL,Czech Republic,CZE,10698896
"Population, total",SP.POP.TOTL,Denmark,DNK,5831404
"Population, total",SP.POP.TOTL,Djibouti,DJI,988002
"Population, total",SP.POP.TOTL,Dominica,DMA,71991
"Population, total",SP.POP.TOTL,Dominican Republic,DOM,10847904
"Population, total",SP.POP.TOTL,Ecuador,ECU,17643060
"Population, total",SP.POP.TOTL,"Egypt, Arab Rep.",EGY,102334403
"Population, total",SP.POP.TOTL,El Salvador,SLV,6486201
"Population, total",SP.POP.TOTL,Equatorial Guinea,GNQ,1402985
"Population, total",SP.POP.TOTL,Eritrea,ERI,..
"Population, total",SP.POP.TOTL,Estonia,EST,1331057
"Population, total",SP.POP.TOTL,Eswatini,SWZ,1160164
"Population, total",SP.POP.TOTL,Ethiopia,ETH,114963583
"Population, total",SP.POP.TOTL,Faroe Islands,FRO,48865
"Population, total",SP.POP.TOTL,Fiji,FJI,896444
"Population, total",SP.POP.TOTL,Finland,FIN,5530719
"Population, total",SP.POP.TOTL,France,FRA,67391582
"Population, total",SP.POP.TOTL,French Polynesia,PYF,280904
"Population, total",SP.POP.TOTL,Gabon,GAB,2225728
"Population, total",SP.POP.TOTL,"Gambia, The",GMB,2416664
"Population, total",SP.POP.TOTL,Georgia,GEO,3714000
"Population, total",SP.POP.TOTL,Germany,DEU,83240525
"Population, total",SP.POP.TOTL,Ghana,GHA,31072945
"Population, total",SP.POP.TOTL,Gibraltar,GIB,33691
"Population, total",SP.POP.TOTL,Greece,GRC,10715549
"Population, total",SP.POP.TOTL,Greenland,GRL,56367
"Population, total",SP.POP.TOTL,Grenada,GRD,112519
"Population, total",SP.POP.TOTL,Guam,GUM,168783
"Population, total",SP.POP.TOTL,Guatemala,GTM,16858333
"Population, total",SP.POP.TOTL,Guinea,GIN,13132792
"Population, total",SP.POP.TOTL,Guinea-Bissau,GNB,1967998
"Population, total",SP.POP.TOTL,Guyana,GUY,786559
"Population, total",SP.POP.TOTL,Haiti,HTI,11402533
"Population, total",SP.POP.TOTL,Honduras,HND,9904608
"Population, total",SP.POP.TOTL,"Hong Kong SAR, China",HKG,7481800
"Population, total",SP.POP.TOTL,Hungary,HUN,9749763
"Population, total",SP.POP.TOTL,Iceland,ISL,366425
"Population, total",SP.POP.TOTL,India,IND,1380004385
"Population, total",SP.POP.TOTL,Indonesia,IDN,273523621
"Population, total",SP.POP.TOTL,"Iran, Islamic Rep.",IRN,83992953
"Population, total",SP.POP.TOTL,Iraq,IRQ,40222503
"Population, total",SP.POP.TOTL,Ireland,IRL,4994724
"Population, total",SP.POP.TOTL,Isle of Man,IMN,85032
"Population, total",SP.POP.TOTL,Israel,ISR,9216900
"Population, total",SP.POP.TOTL,Italy,ITA,59554023
"Population, total",SP.POP.TOTL,Jamaica,JAM,2961161
"Population, total",SP.POP.TOTL,Japan,JPN,125836021
"Population, total",SP.POP.TOTL,Jordan,JOR,10203140
"Population, total",SP.POP.TOTL,Kazakhstan,KAZ,18754440
"Population, total",SP.POP.TOTL,Kenya,KEN,53771300
"Population, total",SP.POP.TOTL,Kiribati,KIR,119446
"Population, total",SP.POP.TOTL,"Korea, Dem. People's Rep.",PRK,25778815
"Population, total",SP.POP.TOTL,"Korea, Rep.",KOR,51780579
"Population, total",SP.POP.TOTL,Kosovo,XKX,1775378
"Population, total",SP.POP.TOTL,Kuwait,KWT,4270563
"Population, total",SP.POP.TOTL,Kyrgyz Republic,KGZ,6591600
"Population, total",SP.POP.TOTL,Lao PDR,LAO,7275556
"Population, total",SP.POP.TOTL,Latvia,LVA,1901548
"Population, total",SP.POP.TOTL,Lebanon,LBN,6825442
"Population, total",SP.POP.TOTL,Lesotho,LSO,2142252
"Population, total",SP.POP.TOTL,Liberia,LBR,5057677
"Population, total",SP.POP.TOTL,Libya,LBY,6871287
"Population, total",SP.POP.TOTL,Liechtenstein,LIE,38137
"Population, total",SP.POP.TOTL,Lithuania,LTU,2794700
"Population, total",SP.POP.TOTL,Luxembourg,LUX,632275
"Population, total",SP.POP.TOTL,"Macao SAR, China",MAC,649342
"Population, total",SP.POP.TOTL,Madagascar,MDG,27691019
"Population, total",SP.POP.TOTL,Malawi,MWI,19129955
"Population, total",SP.POP.TOTL,Malaysia,MYS,32365998
"Population, total",SP.POP.TOTL,Maldives,MDV,540542
"Population, total",SP.POP.TOTL,Mali,MLI,20250834
"Population, total",SP.POP.TOTL,Malta,MLT,525285
"Population, total",SP.POP.TOTL,Marshall Islands,MHL,59194
"Population, total",SP.POP.TOTL,Mauritania,MRT,4649660
"Population, total",SP.POP.TOTL,Mauritius,MUS,1265740
"Population, total",SP.POP.TOTL,Mexico,MEX,128932753
"Population, total",SP.POP.TOTL,"Micronesia, Fed. Sts.",FSM,115021
"Population, total",SP.POP.TOTL,Moldova,MDA,2620495
"Population, total",SP.POP.TOTL,Monaco,MCO,39244
"Population, total",SP.POP.TOTL,Mongolia,MNG,3278292
"Population, total",SP.POP.TOTL,Montenegro,MNE,621306
"Population, total",SP.POP.TOTL,Morocco,MAR,36910558
"Population, total",SP.POP.TOTL,Mozambique,MOZ,31255435
"Population, total",SP.POP.TOTL,Myanmar,MMR,54409794
"Population, total",SP.POP.TOTL,Namibia,NAM,2540916
"Population, total",SP.POP.TOTL,Nauru,NRU,10834
"Population, total",SP.POP.TOTL,Nepal,NPL,29136808
"Population, total",SP.POP.TOTL,Netherlands,NLD,17441139
"Population, total",SP.POP.TOTL,New Caledonia,NCL,271960
"Population, total",SP.POP.TOTL,New Zealand,NZL,5084300
"Population, total",SP.POP.TOTL,Nicaragua,NIC,6624554
"Population, total",SP.POP.TOTL,Niger,NER,24206636
"Population, total",SP.POP.TOTL,Nigeria,NGA,206139587
"Population, total",SP.POP.TOTL,North Macedonia,MKD,2072531
"Population, total",SP.POP.TOTL,Northern Mariana Islands,MNP,57557
"Population, total",SP.POP.TOTL,Norway,NOR,5379475
"Population, total",SP.POP.TOTL,Oman,OMN,5106622
"Population, total",SP.POP.TOTL,Pakistan,PAK,220892331
"Population, total",SP.POP.TOTL,Palau,PLW,18092
"Population, total",SP.POP.TOTL,Panama,PAN,4314768
"Population, total",SP.POP.TOTL,Papua New Guinea,PNG,8947027
"Population, total",SP.POP.TOTL,Paraguay,PRY,7132530
"Population, total",SP.POP.TOTL,Peru,PER,32971846
"Population, total",SP.POP.TOTL,Philippines,PHL,109581085
"Population, total",SP.POP.TOTL,Poland,POL,37950802
"Population, total",SP.POP.TOTL,Portugal,PRT,10305564
"Population, total",SP.POP.TOTL,Puerto Rico,PRI,3194034
"Population, total",SP.POP.TOTL,Qatar,QAT,2881060
"Population, total",SP.POP.TOTL,Romania,ROU,19286123
"Population, total",SP.POP.TOTL,Russian Federation,RUS,144104080
"Population, total",SP.POP.TOTL,Rwanda,RWA,12952209
"Population, total",SP.POP.TOTL,Samoa,WSM,198410
"Population, total",SP.POP.TOTL,San Marino,SMR,33938
"Population, total",SP.POP.TOTL,Sao Tome and Principe,STP,219161
"Population, total",SP.POP.TOTL,Saudi Arabia,SAU,34813867
"Population, total",SP.POP.TOTL,Senegal,SEN,16743930
"Population, total",SP.POP.TOTL,Serbia,SRB,6908224
"Population, total",SP.POP.TOTL,Seychelles,SYC,98462
"Population, total",SP.POP.TOTL,Sierra Leone,SLE,7976985
"Population, total",SP.POP.TOTL,Singapore,SGP,5685807
"Population, total",SP.POP.TOTL,Sint Maarten (Dutch part),SXM,40812
"Population, total",SP.POP.TOTL,Slovak Republic,SVK,5458827
"Population, total",SP.POP.TOTL,Slovenia,SVN,2100126
"Population, total",SP.POP.TOTL,Solomon Islands,SLB,686878
"Population, total",SP.POP.TOTL,Somalia,SOM,15893219
"Population, total",SP.POP.TOTL,South Africa,ZAF,59308690
"Population, total",SP.POP.TOTL,South Sudan,SSD,11193729
"Population, total",SP.POP.TOTL,Spain,ESP,47351567
"Population, total",SP.POP.TOTL,Sri Lanka,LKA,21919000
"Population, total",SP.POP.TOTL,St. Kitts and Nevis,KNA,53192
"Population, total",SP.POP.TOTL,St. Lucia,LCA,183629
"Population, total",SP.POP.TOTL,St. Martin (French part),MAF,38659
"Population, total",SP.POP.TOTL,St. Vincent and the Grenadines,VCT,110947
"Population, total",SP.POP.TOTL,Sudan,SDN,43849269
"Population, total",SP.POP.TOTL,Suriname,SUR,586634
"Population, total",SP.POP.TOTL,Sweden,SWE,10353442
"Population, total",SP.POP.TOTL,Switzerland,CHE,8636896
"Population, total",SP.POP.TOTL,Syrian Arab Republic,SYR,17500657
"Population, total",SP.POP.TOTL,Tajikistan,TJK,9537642
"Population, total",SP.POP.TOTL,Tanzania,TZA,59734213
"Population, total",SP.POP.TOTL,Thailand,THA,69799978
"Population, total",SP.POP.TOTL,Timor-Leste,TLS,1318442
"Population, total",SP.POP.TOTL,Togo,TGO,8278737
"Population, total",SP.POP.TOTL,Tonga,TON,105697
"Population, total",SP.POP.TOTL,Trinidad and Tobago,TTO,1399491
"Population, total",SP.POP.TOTL,Tunisia,TUN,11818618
"Population, total",SP.POP.TOTL,Turkey,TUR,84339067
"Population, total",SP.POP.TOTL,Turkmenistan,TKM,6031187
"Population, total",SP.POP.TOTL,Turks and Caicos Islands,TCA,38718
"Population, total",SP.POP.TOTL,Tuvalu,TUV,11792
"Population, total",SP.POP.TOTL,Uganda,UGA,45741000
"Population, total",SP.POP.TOTL,Ukraine,UKR,44134693
"Population, total",SP.POP.TOTL,United Arab Emirates,ARE,9890400
"Population, total",SP.POP.TOTL,United Kingdom,GBR,67215293
"Population, total",SP.POP.TOTL,United States,USA,329484123
"Population, total",SP.POP.TOTL,Uruguay,URY,3473727
"Population, total",SP.POP.TOTL,Uzbekistan,UZB,34232050
"Population, total",SP.POP.TOTL,Vanuatu,VUT,307150
"Population, total",SP.POP.TOTL,"Venezuela, RB",VEN,28435943
"Population, total",SP.POP.TOTL,Vietnam,VNM,97338583
"Population, total",SP.POP.TOTL,Virgin Islands (U.S.),VIR,106290
"Population, total",SP.POP.TOTL,West Bank and Gaza,PSE,4803269
"Population, total",SP.POP.TOTL,"Yemen, Rep.",YEM,29825968
"Population, total",SP.POP.TOTL,Zambia,ZMB,18383956
"Population, total",SP.POP.TOTL,Zimbabwe,ZWE,14862927
"Population, total",SP.POP.TOTL,Africa Eastern and Southern,AFE,677243299
"Population, total",SP.POP.TOTL,Africa Western and Central,AFW,458803476
"Population, total",SP.POP.TOTL,Arab World,ARB,436080728
"Population, total",SP.POP.TOTL,Caribbean small states,CSS,7442291
"Population, total",SP.POP.TOTL,Central Europe and the Baltics,CEB,102253057
"Population, total",SP.POP.TOTL,Early-demographic dividend,EAR,3332105361
"Population, total",SP.POP.TOTL,East Asia & Pacific,EAS,2360855079
"Population, total",SP.POP.TOTL,East Asia & Pacific (excluding high income),EAP,2113820753
"Population, total",SP.POP.TOTL,East Asia & Pacific (IDA & IBRD countries),TEA,2088015667
"Population, total",SP.POP.TOTL,Euro area,EMU,342949773
"Population, total",SP.POP.TOTL,Europe & Central Asia,ECS,923452178
"Population, total",SP.POP.TOTL,Europe & Central Asia (excluding high income),ECA,420211696
"Population, total",SP.POP.TOTL,Europe & Central Asia (IDA & IBRD countries),TEC,462209698
"Population, total",SP.POP.TOTL,European Union,EUU,447801418
"Population, total",SP.POP.TOTL,Fragile and conflict affected situations,FCS,929989551
"Population, total",SP.POP.TOTL,Heavily indebted poor countries (HIPC),HPC,823480038
"Population, total",SP.POP.TOTL,High income,HIC,1214930230
"Population, total",SP.POP.TOTL,IBRD only,IBD,4862388283
"Population, total",SP.POP.TOTL,IDA & IBRD total,IBT,6570991956
"Population, total",SP.POP.TOTL,IDA blend,IDB,574159138
"Population, total",SP.POP.TOTL,IDA only,IDX,1134444535
"Population, total",SP.POP.TOTL,IDA total,IDA,1708603673
"Population, total",SP.POP.TOTL,Late-demographic dividend,LTE,2316679176
"Population, total",SP.POP.TOTL,Latin America & Caribbean,LCN,652276325
"Population, total",SP.POP.TOTL,Latin America & Caribbean (excluding high income),LAC,595242966
"Population, total",SP.POP.TOTL,Latin America & the Caribbean (IDA & IBRD countries),TLA,636492840
"Population, total",SP.POP.TOTL,Least developed countries: UN classification,LDC,1057438163
"Population, total",SP.POP.TOTL,Low & middle income,LMY,6518253973
"Population, total",SP.POP.TOTL,Low income,LIC,665149035
"Population, total",SP.POP.TOTL,Lower middle income,LMC,3330652547
"Population, total",SP.POP.TOTL,Middle East & North Africa,MEA,464554123
"Population, total",SP.POP.TOTL,Middle East & North Africa (excluding high income),MNA,396147843
"Population, total",SP.POP.TOTL,Middle East & North Africa (IDA & IBRD countries),TMN,391344574
"Population, total",SP.POP.TOTL,Middle income,MIC,5853104938
"Population, total",SP.POP.TOTL,North America,NAC,367553264
"Population, total",SP.POP.TOTL,Not classified,INX,..
"Population, total",SP.POP.TOTL,OECD members,OED,1370858752
"Population, total",SP.POP.TOTL,Other small states,OSS,31941374
"Population, total",SP.POP.TOTL,Pacific island small states,PSS,2528958
"Population, total",SP.POP.TOTL,Post-demographic dividend,PST,1115104266
"Population, total",SP.POP.TOTL,Pre-demographic dividend,PRE,970795671
"Population, total",SP.POP.TOTL,Small states,SST,41912623
"Population, total",SP.POP.TOTL,South Asia,SAS,1856882402
"Population, total",SP.POP.TOTL,South Asia (IDA & IBRD),TSA,1856882402
"Population, total",SP.POP.TOTL,Sub-Saharan Africa,SSF,1136046775
"Population, total",SP.POP.TOTL,Sub-Saharan Africa (excluding high income),SSA,1135948313
"Population, total",SP.POP.TOTL,Sub-Saharan Africa (IDA & IBRD countries),TSS,1136046775
"Population, total",SP.POP.TOTL,Upper middle income,UMC,2522452391
"Population, total",SP.POP.TOTL,World,WLD,7761620146
Military expenditure (current USD),MS.MIL.XPND.CD,Afghanistan,AFG,279576954.925193
Military expenditure (current USD),MS.MIL.XPND.CD,Albania,ALB,222022691.273437
Military expenditure (current USD),MS.MIL.XPND.CD,Algeria,DZA,9708277440.22726
Military expenditure (current USD),MS.MIL.XPND.CD,American Samoa,ASM,..
Military expenditure (current USD),MS.MIL.XPND.CD,Andorra,AND,..
Military expenditure (current USD),MS.MIL.XPND.CD,Angola,AGO,993594404.625879
Military expenditure (current USD),MS.MIL.XPND.CD,Antigua and Barbuda,ATG,..
Military expenditure (current USD),MS.MIL.XPND.CD,Argentina,ARG,2907185374.14966
Military expenditure (current USD),MS.MIL.XPND.CD,Armenia,ARM,633960400.11526
Military expenditure (current USD),MS.MIL.XPND.CD,Aruba,ABW,..
Military expenditure (current USD),MS.MIL.XPND.CD,Australia,AUS,27536235375.086
Military expenditure (current USD),MS.MIL.XPND.CD,Austria,AUT,3601618602.53049
Military expenditure (current USD),MS.MIL.XPND.CD,Azerbaijan,AZE,2237764705.88235
Military expenditure (current USD),MS.MIL.XPND.CD,"Bahamas, The",BHS,..
Military expenditure (current USD),MS.MIL.XPND.CD,Bahrain,BHR,1404787234.04255
Military expenditure (current USD),MS.MIL.XPND.CD,Bangladesh,BGD,4558171467.63472
Military expenditure (current USD),MS.MIL.XPND.CD,Barbados,BRB,..
Military expenditure (current USD),MS.MIL.XPND.CD,Belarus,BLR,844512940.94623
Military expenditure (current USD),MS.MIL.XPND.CD,Belgium,BEL,5461187735.09632
Military expenditure (current USD),MS.MIL.XPND.CD,Belize,BLZ,24507025
Military expenditure (current USD),MS.MIL.XPND.CD,Benin,BEN,71817818.4788086
Military expenditure (current USD),MS.MIL.XPND.CD,Bermuda,BMU,..
Military expenditure (current USD),MS.MIL.XPND.CD,Bhutan,BTN,..
Military expenditure (current USD),MS.MIL.XPND.CD,Bolivia,BOL,608968414.952188
Military expenditure (current USD),MS.MIL.XPND.CD,Bosnia and Herzegovina,BIH,167521865.889213
Military expenditure (current USD),MS.MIL.XPND.CD,Botswana,BWA,545756780.40245
Military expenditure (current USD),MS.MIL.XPND.CD,Brazil,BRA,19736347758.5872
Military expenditure (current USD),MS.MIL.XPND.CD,British Virgin Islands,VGB,..
Military expenditure (current USD),MS.MIL.XPND.CD,Brunei Darussalam,BRN,436548223.350254
Military expenditure (current USD),MS.MIL.XPND.CD,Bulgaria,BGR,1247231612.076
Military expenditure (current USD),MS.MIL.XPND.CD,Burkina Faso,BFA,382464677.360491
Military expenditure (current USD),MS.MIL.XPND.CD,Burundi,BDI,67474092.716297
Military expenditure (current USD),MS.MIL.XPND.CD,Cabo Verde,CPV,11279268.103582
Military expenditure (current USD),MS.MIL.XPND.CD,Cambodia,KHM,646974133.281472
Military expenditure (current USD),MS.MIL.XPND.CD,Cameroon,CMR,393299390.063774
Military expenditure (current USD),MS.MIL.XPND.CD,Canada,CAN,22754847129.0082
Military expenditure (current USD),MS.MIL.XPND.CD,Cayman Islands,CYM,..
Military expenditure (current USD),MS.MIL.XPND.CD,Central African Republic,CAF,41303630.0762855
Military expenditure (current USD),MS.MIL.XPND.CD,Chad,TCD,322866526.49139
Military expenditure (current USD),MS.MIL.XPND.CD,Channel Islands,CHI,..
Military expenditure (current USD),MS.MIL.XPND.CD,Chile,CHL,4600739697.2954
Military expenditure (current USD),MS.MIL.XPND.CD,China,CHN,252304223741.309
Military expenditure (current USD),MS.MIL.XPND.CD,Colombia,COL,9216420435.93263
Military expenditure (current USD),MS.MIL.XPND.CD,Comoros,COM,..
Military expenditure (current USD),MS.MIL.XPND.CD,"Congo, Dem. Rep.",COD,362091615.539271
Military expenditure (current USD),MS.MIL.XPND.CD,"Congo, Rep.",COG,298382191.947452
Military expenditure (current USD),MS.MIL.XPND.CD,Costa Rica,CRI,0
Military expenditure (current USD),MS.MIL.XPND.CD,Cote d'Ivoire,CIV,607155889.9682
Military expenditure (current USD),MS.MIL.XPND.CD,Croatia,HRV,1034925914.72634
Military expenditure (current USD),MS.MIL.XPND.CD,Cuba,CUB,..
Military expenditure (current USD),MS.MIL.XPND.CD,Curacao,CUW,..
Military expenditure (current USD),MS.MIL.XPND.CD,Cyprus,CYP,418784908.241195
Military expenditure (current USD),MS.MIL.XPND.CD,Czech Republic,CZE,3252487830.09521
Military expenditure (current USD),MS.MIL.XPND.CD,Denmark,DNK,4953363914.37309
Military expenditure (current USD),MS.MIL.XPND.CD,Djibouti,DJI,..
Military expenditure (current USD),MS.MIL.XPND.CD,Dominica,DMA,..
Military expenditure (current USD),MS.MIL.XPND.CD,Dominican Republic,DOM,599052525.398084
Military expenditure (current USD),MS.MIL.XPND.CD,Ecuador,ECU,2243500000
Military expenditure (current USD),MS.MIL.XPND.CD,"Egypt, Arab Rep.",EGY,4505374644.32501
Military expenditure (current USD),MS.MIL.XPND.CD,El Salvador,SLV,372280000
Military expenditure (current USD),MS.MIL.XPND.CD,Equatorial Guinea,GNQ,..
Military expenditure (current USD),MS.MIL.XPND.CD,Eritrea,ERI,..
Military expenditure (current USD),MS.MIL.XPND.CD,Estonia,EST,701014476.233899
Military expenditure (current USD),MS.MIL.XPND.CD,Eswatini,SWZ,75109758.3191644
Military expenditure (current USD),MS.MIL.XPND.CD,Ethiopia,ETH,461257623.915471
Military expenditure (current USD),MS.MIL.XPND.CD,Faroe Islands,FRO,..
Military expenditure (current USD),MS.MIL.XPND.CD,Fiji,FJI,73510781.8265683
Military expenditure (current USD),MS.MIL.XPND.CD,Finland,FIN,4087541319.95897
Military expenditure (current USD),MS.MIL.XPND.CD,France,FRA,52747064858.0873
Military expenditure (current USD),MS.MIL.XPND.CD,French Polynesia,PYF,..
Military expenditure (current USD),MS.MIL.XPND.CD,Gabon,GAB,271499817.540445
Military expenditure (current USD),MS.MIL.XPND.CD,"Gambia, The",GMB,14804957.6501671
Military expenditure (current USD),MS.MIL.XPND.CD,Georgia,GEO,292168284.789644
Military expenditure (current USD),MS.MIL.XPND.CD,Germany,DEU,52764761199.1337
Military expenditure (current USD),MS.MIL.XPND.CD,Ghana,GHA,239887164.283223
Military expenditure (current USD),MS.MIL.XPND.CD,Gibraltar,GIB,..
Military expenditure (current USD),MS.MIL.XPND.CD,Greece,GRC,5301379231.73373
Military expenditure (current USD),MS.MIL.XPND.CD,Greenland,GRL,..
Military expenditure (current USD),MS.MIL.XPND.CD,Grenada,GRD,..
Military expenditure (current USD),MS.MIL.XPND.CD,Guam,GUM,..
Military expenditure (current USD),MS.MIL.XPND.CD,Guatemala,GTM,342766481.025774
Military expenditure (current USD),MS.MIL.XPND.CD,Guinea,GIN,209670400.432057
Military expenditure (current USD),MS.MIL.XPND.CD,Guinea-Bissau,GNB,23306688.4459659
Military expenditure (current USD),MS.MIL.XPND.CD,Guyana,GUY,66016858.3401902
Military expenditure (current USD),MS.MIL.XPND.CD,Haiti,HTI,263808.847832535
Military expenditure (current USD),MS.MIL.XPND.CD,Honduras,HND,402659082.62018
Military expenditure (current USD),MS.MIL.XPND.CD,"Hong Kong SAR, China",HKG,..
Military expenditure (current USD),MS.MIL.XPND.CD,Hungary,HUN,2409532347.22845
Military expenditure (current USD),MS.MIL.XPND.CD,Iceland,ISL,0
Military expenditure (current USD),MS.MIL.XPND.CD,India,IND,72887446604.3041
Military expenditure (current USD),MS.MIL.XPND.CD,Indonesia,IDN,9395529531.38874
Military expenditure (current USD),MS.MIL.XPND.CD,"Iran, Islamic Rep.",IRN,15825143121.2886
Military expenditure (current USD),MS.MIL.XPND.CD,Iraq,IRQ,7015558808.23282
Military expenditure (current USD),MS.MIL.XPND.CD,Ireland,IRL,1144420380.71355
Military expenditure (current USD),MS.MIL.XPND.CD,Isle of Man,IMN,..
Military expenditure (current USD),MS.MIL.XPND.CD,Israel,ISR,21704453488.3721
Military expenditure (current USD),MS.MIL.XPND.CD,Italy,ITA,28921342756.1837
Military expenditure (current USD),MS.MIL.XPND.CD,Jamaica,JAM,244432800.536325
Military expenditure (current USD),MS.MIL.XPND.CD,Japan,JPN,49148557003.2878
Military expenditure (current USD),MS.MIL.XPND.CD,Jordan,JOR,2077042253.52113
Military expenditure (current USD),MS.MIL.XPND.CD,Kazakhstan,KAZ,1732917214.19185
Military expenditure (current USD),MS.MIL.XPND.CD,Kenya,KEN,1106217543.59605
Military expenditure (current USD),MS.MIL.XPND.CD,Kiribati,KIR,..
Military expenditure (current USD),MS.MIL.XPND.CD,"Korea, Dem. People's Rep.",PRK,..
Military expenditure (current USD),MS.MIL.XPND.CD,"Korea, Rep.",KOR,45735392596.4856
Military expenditure (current USD),MS.MIL.XPND.CD,Kosovo,XKX,78965006.2692351
Military expenditure (current USD),MS.MIL.XPND.CD,Kuwait,KWT,6941042345.27687
Military expenditure (current USD),MS.MIL.XPND.CD,Kyrgyz Republic,KGZ,127499245.789448
Military expenditure (current USD),MS.MIL.XPND.CD,Lao PDR,LAO,..
Military expenditure (current USD),MS.MIL.XPND.CD,Latvia,LVA,756867662.145218
Military expenditure (current USD),MS.MIL.XPND.CD,Lebanon,LBN,1921393034.82587
Military expenditure (current USD),MS.MIL.XPND.CD,Lesotho,LSO,38049550.6436726
Military expenditure (current USD),MS.MIL.XPND.CD,Liberia,LBR,16937000
Military expenditure (current USD),MS.MIL.XPND.CD,Libya,LBY,..
Military expenditure (current USD),MS.MIL.XPND.CD,Liechtenstein,LIE,..
Military expenditure (current USD),MS.MIL.XPND.CD,Lithuania,LTU,1170637182.26376
Military expenditure (current USD),MS.MIL.XPND.CD,Luxembourg,LUX,489530773.582799
Military expenditure (current USD),MS.MIL.XPND.CD,"Macao SAR, China",MAC,..
Military expenditure (current USD),MS.MIL.XPND.CD,Madagascar,MDG,87357752.0692398
Military expenditure (current USD),MS.MIL.XPND.CD,Malawi,MWI,92534830.0439039
Military expenditure (current USD),MS.MIL.XPND.CD,Malaysia,MYS,3807710613.99334
Military expenditure (current USD),MS.MIL.XPND.CD,Maldives,MDV,..
Military expenditure (current USD),MS.MIL.XPND.CD,Mali,MLI,593365423.045511
Military expenditure (current USD),MS.MIL.XPND.CD,Malta,MLT,80613245.1840875
Military expenditure (current USD),MS.MIL.XPND.CD,Marshall Islands,MHL,..
Military expenditure (current USD),MS.MIL.XPND.CD,Mauritania,MRT,200167464.114833
Military expenditure (current USD),MS.MIL.XPND.CD,Mauritius,MUS,18057856.505671
Military expenditure (current USD),MS.MIL.XPND.CD,Mexico,MEX,6116376582.27848
Military expenditure (current USD),MS.MIL.XPND.CD,"Micronesia, Fed. Sts.",FSM,..
Military expenditure (current USD),MS.MIL.XPND.CD,Moldova,MDA,44533780.6571032
Military expenditure (current USD),MS.MIL.XPND.CD,Monaco,MCO,..
Military expenditure (current USD),MS.MIL.XPND.CD,Mongolia,MNG,112178387.650086
Military expenditure (current USD),MS.MIL.XPND.CD,Montenegro,MNE,102090504.958395
Military expenditure (current USD),MS.MIL.XPND.CD,Morocco,MAR,4830956393.51169
Military expenditure (current USD),MS.MIL.XPND.CD,Mozambique,MOZ,153741947.570941
Military expenditure (current USD),MS.MIL.XPND.CD,Myanmar,MMR,2445821781.60336
Military expenditure (current USD),MS.MIL.XPND.CD,Namibia,NAM,373840174.884625
Military expenditure (current USD),MS.MIL.XPND.CD,Nauru,NRU,..
Military expenditure (current USD),MS.MIL.XPND.CD,Nepal,NPL,424265022.410169
Military expenditure (current USD),MS.MIL.XPND.CD,Netherlands,NLD,12578365439.4164
Military expenditure (current USD),MS.MIL.XPND.CD,New Caledonia,NCL,..
Military expenditure (current USD),MS.MIL.XPND.CD,New Zealand,NZL,3011388708.63076
Military expenditure (current USD),MS.MIL.XPND.CD,Nicaragua,NIC,78038645.9392707
Military expenditure (current USD),MS.MIL.XPND.CD,Niger,NER,239545067.510035
Military expenditure (current USD),MS.MIL.XPND.CD,Nigeria,NGA,2567917819.04386
Military expenditure (current USD),MS.MIL.XPND.CD,North Macedonia,MKD,157975516.846037
Military expenditure (current USD),MS.MIL.XPND.CD,Northern Mariana Islands,MNP,..
Military expenditure (current USD),MS.MIL.XPND.CD,Norway,NOR,7112538486.03886
Military expenditure (current USD),MS.MIL.XPND.CD,Oman,OMN,6729518855.6567
Military expenditure (current USD),MS.MIL.XPND.CD,Pakistan,PAK,10376381620.8134
Military expenditure (current USD),MS.MIL.XPND.CD,Palau,PLW,..
Military expenditure (current USD),MS.MIL.XPND.CD,Panama,PAN,0
Military expenditure (current USD),MS.MIL.XPND.CD,Papua New Guinea,PNG,85887096.7741936
Military expenditure (current USD),MS.MIL.XPND.CD,Paraguay,PRY,364342199.983714
Military expenditure (current USD),MS.MIL.XPND.CD,Peru,PER,2633123389.63642
Military expenditure (current USD),MS.MIL.XPND.CD,Philippines,PHL,3732673666.39125
Military expenditure (current USD),MS.MIL.XPND.CD,Poland,POL,13026680348.8969
Military expenditure (current USD),MS.MIL.XPND.CD,Portugal,PRT,4639120027.35666
Military expenditure (current USD),MS.MIL.XPND.CD,Puerto Rico,PRI,..
Military expenditure (current USD),MS.MIL.XPND.CD,Qatar,QAT,..
Military expenditure (current USD),MS.MIL.XPND.CD,Romania,ROU,5726844213.99953
Military expenditure (current USD),MS.MIL.XPND.CD,Russian Federation,RUS,61712537168.9371
Military expenditure (current USD),MS.MIL.XPND.CD,Rwanda,RWA,143021890.529578
Military expenditure (current USD),MS.MIL.XPND.CD,Samoa,WSM,..
Military expenditure (current USD),MS.MIL.XPND.CD,San Marino,SMR,..
Military expenditure (current USD),MS.MIL.XPND.CD,Sao Tome and Principe,STP,..
Military expenditure (current USD),MS.MIL.XPND.CD,Saudi Arabia,SAU,57519424000
Military expenditure (current USD),MS.MIL.XPND.CD,Senegal,SEN,393007454.776096
Military expenditure (current USD),MS.MIL.XPND.CD,Serbia,SRB,1121211783.40862
Military expenditure (current USD),MS.MIL.XPND.CD,Seychelles,SYC,18814132.4626866
Military expenditure (current USD),MS.MIL.XPND.CD,Sierra Leone,SLE,23827381.0780594
Military expenditure (current USD),MS.MIL.XPND.CD,Singapore,SGP,10855583756.3452
Military expenditure (current USD),MS.MIL.XPND.CD,Sint Maarten (Dutch part),SXM,..
Military expenditure (current USD),MS.MIL.XPND.CD,Slovak Republic,SVK,1837455830.38869
Military expenditure (current USD),MS.MIL.XPND.CD,Slovenia,SVN,574831870.511798
Military expenditure (current USD),MS.MIL.XPND.CD,Solomon Islands,SLB,..
Military expenditure (current USD),MS.MIL.XPND.CD,Somalia,SOM,98385000
Military expenditure (current USD),MS.MIL.XPND.CD,South Africa,ZAF,3150828880.25261
Military expenditure (current USD),MS.MIL.XPND.CD,South Sudan,SSD,..
Military expenditure (current USD),MS.MIL.XPND.CD,Spain,ESP,17431779322.9226
Military expenditure (current USD),MS.MIL.XPND.CD,Sri Lanka,LKA,1573663772.18057
Military expenditure (current USD),MS.MIL.XPND.CD,St. Kitts and Nevis,KNA,..
Military expenditure (current USD),MS.MIL.XPND.CD,St. Lucia,LCA,..
Military expenditure (current USD),MS.MIL.XPND.CD,St. Martin (French part),MAF,..
Military expenditure (current USD),MS.MIL.XPND.CD,St. Vincent and the Grenadines,VCT,..
Military expenditure (current USD),MS.MIL.XPND.CD,Sudan,SDN,934311153.803525
Military expenditure (current USD),MS.MIL.XPND.CD,Suriname,SUR,..
Military expenditure (current USD),MS.MIL.XPND.CD,Sweden,SWE,6453627280.62554
Military expenditure (current USD),MS.MIL.XPND.CD,Switzerland,CHE,5701810436.63472
Military expenditure (current USD),MS.MIL.XPND.CD,Syrian Arab Republic,SYR,..
Military expenditure (current USD),MS.MIL.XPND.CD,Tajikistan,TJK,80370009.7370984
Military expenditure (current USD),MS.MIL.XPND.CD,Tanzania,TZA,659313034.174651
Military expenditure (current USD),MS.MIL.XPND.CD,Thailand,THA,7340188558.64493
Military expenditure (current USD),MS.MIL.XPND.CD,Timor-Leste,TLS,38456000
Military expenditure (current USD),MS.MIL.XPND.CD,Togo,TGO,116304933.35882
Military expenditure (current USD),MS.MIL.XPND.CD,Tonga,TON,..
Military expenditure (current USD),MS.MIL.XPND.CD,Trinidad and Tobago,TTO,157370326.584897
Military expenditure (current USD),MS.MIL.XPND.CD,Tunisia,TUN,1157372367.01178
Military expenditure (current USD),MS.MIL.XPND.CD,Turkey,TUR,17724632066.0686
Military expenditure (current USD),MS.MIL.XPND.CD,Turkmenistan,TKM,..
Military expenditure (current USD),MS.MIL.XPND.CD,Turks and Caicos Islands,TCA,..
Military expenditure (current USD),MS.MIL.XPND.CD,Tuvalu,TUV,..
Military expenditure (current USD),MS.MIL.XPND.CD,Uganda,UGA,984759731.680869
Military expenditure (current USD),MS.MIL.XPND.CD,Ukraine,UKR,5924200880.3055
Military expenditure (current USD),MS.MIL.XPND.CD,United Arab Emirates,ARE,..
Military expenditure (current USD),MS.MIL.XPND.CD,United Kingdom,GBR,59238462250
Military expenditure (current USD),MS.MIL.XPND.CD,United States,USA,778232200000
Military expenditure (current USD),MS.MIL.XPND.CD,Uruguay,URY,1163607697.69087
Military expenditure (current USD),MS.MIL.XPND.CD,Uzbekistan,UZB,..
Military expenditure (current USD),MS.MIL.XPND.CD,Vanuatu,VUT,..
Military expenditure (current USD),MS.MIL.XPND.CD,"Venezuela, RB",VEN,..
Military expenditure (current USD),MS.MIL.XPND.CD,Vietnam,VNM,..
Military expenditure (current USD),MS.MIL.XPND.CD,Virgin Islands (U.S.),VIR,..
Military expenditure (current USD),MS.MIL.XPND.CD,West Bank and Gaza,PSE,..
Military expenditure (current USD),MS.MIL.XPND.CD,"Yemen, Rep.",YEM,..
Military expenditure (current USD),MS.MIL.XPND.CD,Zambia,ZMB,212142427.391566
Military expenditure (current USD),MS.MIL.XPND.CD,Zimbabwe,ZWE,..
Military expenditure (current USD),MS.MIL.XPND.CD,Africa Eastern and Southern,AFE,10576660181.1281
Military expenditure (current USD),MS.MIL.XPND.CD,Africa Western and Central,AFW,7038810963.76905
Military expenditure (current USD),MS.MIL.XPND.CD,Arab World,ARB,105043610994.55
Military expenditure (current USD),MS.MIL.XPND.CD,Caribbean small states,CSS,492327010.461412
Military expenditure (current USD),MS.MIL.XPND.CD,Central Europe and the Baltics,CEB,31738509288.5658
Military expenditure (current USD),MS.MIL.XPND.CD,Early-demographic dividend,EAR,257106249620.89
Military expenditure (current USD),MS.MIL.XPND.CD,East Asia & Pacific,EAS,428861406027.889
Military expenditure (current USD),MS.MIL.XPND.CD,East Asia & Pacific (excluding high income),EAP,279983154292.863
Military expenditure (current USD),MS.MIL.XPND.CD,East Asia & Pacific (IDA & IBRD countries),TEA,279983154292.863
Military expenditure (current USD),MS.MIL.XPND.CD,Euro area,EMU,194708316821.685
Military expenditure (current USD),MS.MIL.XPND.CD,Europe & Central Asia,ECS,397990092277.261
Military expenditure (current USD),MS.MIL.XPND.CD,Europe & Central Asia (excluding high income),ECA,100178959892.141
Military expenditure (current USD),MS.MIL.XPND.CD,Europe & Central Asia (IDA & IBRD countries),TEC,114240566155.764
Military expenditure (current USD),MS.MIL.XPND.CD,European Union,EUU,232813010283.706
Military expenditure (current USD),MS.MIL.XPND.CD,Fragile and conflict affected situations,FCS,21677360445.0064
Military expenditure (current USD),MS.MIL.XPND.CD,Heavily indebted poor countries (HIPC),HPC,9880028924.14133
Military expenditure (current USD),MS.MIL.XPND.CD,High income,HIC,1347996802271.72
Military expenditure (current USD),MS.MIL.XPND.CD,IBRD only,IBD,568926987346.819
Military expenditure (current USD),MS.MIL.XPND.CD,IDA & IBRD total,IBT,600857814203.535
Military expenditure (current USD),MS.MIL.XPND.CD,IDA blend,IDB,14951331712.1689
Military expenditure (current USD),MS.MIL.XPND.CD,IDA only,IDX,16979495144.5471
Military expenditure (current USD),MS.MIL.XPND.CD,IDA total,IDA,31930826856.716
Military expenditure (current USD),MS.MIL.XPND.CD,Late-demographic dividend,LTE,414446863756.642
Military expenditure (current USD),MS.MIL.XPND.CD,Latin America & Caribbean,LCN,51877999104.7991
Military expenditure (current USD),MS.MIL.XPND.CD,Latin America & Caribbean (excluding high income),LAC,45956281383.2279
Military expenditure (current USD),MS.MIL.XPND.CD,Latin America & the Caribbean (IDA & IBRD countries),TLA,51877999104.7991
Military expenditure (current USD),MS.MIL.XPND.CD,Least developed countries: UN classification,LDC,16330953646.2261
Military expenditure (current USD),MS.MIL.XPND.CD,Low & middle income,LMY,580855676085.878
Military expenditure (current USD),MS.MIL.XPND.CD,Low income,LIC,5648909278.24307
Military expenditure (current USD),MS.MIL.XPND.CD,Lower middle income,LMC,157790701343.519
Military expenditure (current USD),MS.MIL.XPND.CD,Middle East & North Africa,MEA,141420957231.476
Military expenditure (current USD),MS.MIL.XPND.CD,Middle East & North Africa (excluding high income),MNA,47041118062.9442
Military expenditure (current USD),MS.MIL.XPND.CD,Middle East & North Africa (IDA & IBRD countries),TMN,47041118062.9442
Military expenditure (current USD),MS.MIL.XPND.CD,Middle income,MIC,575206766807.635
Military expenditure (current USD),MS.MIL.XPND.CD,North America,NAC,800987047129.008
Military expenditure (current USD),MS.MIL.XPND.CD,Not classified,INX,..
Military expenditure (current USD),MS.MIL.XPND.CD,OECD members,OED,1282138664644.6
Military expenditure (current USD),MS.MIL.XPND.CD,Other small states,OSS,4572813576.96881
Military expenditure (current USD),MS.MIL.XPND.CD,Pacific island small states,PSS,..
Military expenditure (current USD),MS.MIL.XPND.CD,Post-demographic dividend,PST,1225464193891.75
Military expenditure (current USD),MS.MIL.XPND.CD,Pre-demographic dividend,PRE,19601660010.212
Military expenditure (current USD),MS.MIL.XPND.CD,Small states,SST,5138651369.25679
Military expenditure (current USD),MS.MIL.XPND.CD,South Asia,SAS,90099505442.2682
Military expenditure (current USD),MS.MIL.XPND.CD,South Asia (IDA & IBRD),TSA,90099505442.2682
Military expenditure (current USD),MS.MIL.XPND.CD,Sub-Saharan Africa,SSF,17615471144.8972
Military expenditure (current USD),MS.MIL.XPND.CD,Sub-Saharan Africa (excluding high income),SSA,17596657012.4345
Military expenditure (current USD),MS.MIL.XPND.CD,Sub-Saharan Africa (IDA & IBRD countries),TSS,17615471144.8972
Military expenditure (current USD),MS.MIL.XPND.CD,Upper middle income,UMC,417416065464.117
Military expenditure (current USD),MS.MIL.XPND.CD,World,WLD,1928852478357.6
,,,,
,,,,
,,,,
Data from database: World Development Indicators,,,,
Last Updated: 12/16/2021,,,,
